set -o pipefail; /usr/bin/mysqldump --user=_8b3e45756aa1c354 --host=127.0.0.1 --port=3306 --password=********** --single-transaction --quick --lock-tables=false _8b3e45756aa1c354 | /usr/bin/gzip >> ./prop.com/private/backups/20240822_120001-prop_com-database.sql.gz

Backup Summary for prop.com at 2024-08-22 12:00:02.994866
Config  : ./prop.com/private/backups/20240822_120001-prop_com-site_config_backup.json 158.0B
Database: ./prop.com/private/backups/20240822_120001-prop_com-database.sql.gz         930.2KiB
Backup for Site prop.com has been successfully completed
set -o pipefail; /usr/bin/mysqldump --user=_8b3e45756aa1c354 --host=127.0.0.1 --port=3306 --password=********** --single-transaction --quick --lock-tables=false _8b3e45756aa1c354 | /usr/bin/gzip >> ./prop.com/private/backups/20240822_180003-prop_com-database.sql.gz

Backup Summary for prop.com at 2024-08-22 18:00:08.237325
Config  : ./prop.com/private/backups/20240822_180003-prop_com-site_config_backup.json 158.0B
Database: ./prop.com/private/backups/20240822_180003-prop_com-database.sql.gz         989.1KiB
Backup for Site prop.com has been successfully completed
set -o pipefail; /usr/bin/mysqldump --user=_8b3e45756aa1c354 --host=127.0.0.1 --port=3306 --password=********** --single-transaction --quick --lock-tables=false _8b3e45756aa1c354 | /usr/bin/gzip >> ./prop.com/private/backups/20240823_120002-prop_com-database.sql.gz

Backup Summary for prop.com at 2024-08-23 12:00:05.937293
Config  : ./prop.com/private/backups/20240823_120002-prop_com-site_config_backup.json 158.0B
Database: ./prop.com/private/backups/20240823_120002-prop_com-database.sql.gz         989.1KiB
Backup for Site prop.com has been successfully completed
set -o pipefail; /usr/bin/mysqldump --user=_8b3e45756aa1c354 --host=127.0.0.1 --port=3306 --password=********** --single-transaction --quick --lock-tables=false _8b3e45756aa1c354 | /usr/bin/gzip >> ./prop.com/private/backups/20240823_180002-prop_com-database.sql.gz

Backup Summary for prop.com at 2024-08-23 18:00:05.640679
Config  : ./prop.com/private/backups/20240823_180002-prop_com-site_config_backup.json 158.0B
Database: ./prop.com/private/backups/20240823_180002-prop_com-database.sql.gz         1001.3KiB
Backup for Site prop.com has been successfully completed
set -o pipefail; /usr/bin/mysqldump --user=_8b3e45756aa1c354 --host=127.0.0.1 --port=3306 --password=********** --single-transaction --quick --lock-tables=false _8b3e45756aa1c354 | /usr/bin/gzip >> ./prop.com/private/backups/20240824_120006-prop_com-database.sql.gz

Backup Summary for prop.com at 2024-08-24 12:00:13.630965
Config  : ./prop.com/private/backups/20240824_120006-prop_com-site_config_backup.json 158.0B
Database: ./prop.com/private/backups/20240824_120006-prop_com-database.sql.gz         1006.6KiB
Backup for Site prop.com has been successfully completed
set -o pipefail; /usr/bin/mysqldump --user=_8b3e45756aa1c354 --host=127.0.0.1 --port=3306 --password=********** --single-transaction --quick --lock-tables=false _8b3e45756aa1c354 | /usr/bin/gzip >> ./prop.com/private/backups/20240824_180002-prop_com-database.sql.gz

Backup Summary for prop.com at 2024-08-24 18:00:05.251026
Config  : ./prop.com/private/backups/20240824_180002-prop_com-site_config_backup.json 158.0B
Database: ./prop.com/private/backups/20240824_180002-prop_com-database.sql.gz         1012.8KiB
Backup for Site prop.com has been successfully completed
set -o pipefail; /usr/bin/mysqldump --user=_8b3e45756aa1c354 --host=127.0.0.1 --port=3306 --password=********** --single-transaction --quick --lock-tables=false _8b3e45756aa1c354 | /usr/bin/gzip >> ./prop.com/private/backups/20240825_120003-prop_com-database.sql.gz

Backup Summary for prop.com at 2024-08-25 12:00:07.240730
Config  : ./prop.com/private/backups/20240825_120003-prop_com-site_config_backup.json 158.0B
Database: ./prop.com/private/backups/20240825_120003-prop_com-database.sql.gz         1013.5KiB
Backup for Site prop.com has been successfully completed
set -o pipefail; /usr/bin/mysqldump --user=_8b3e45756aa1c354 --host=127.0.0.1 --port=3306 --password=********** --single-transaction --quick --lock-tables=false _8b3e45756aa1c354 | /usr/bin/gzip >> ./prop.com/private/backups/20240825_180002-prop_com-database.sql.gz

Backup Summary for prop.com at 2024-08-25 18:00:03.769412
Config  : ./prop.com/private/backups/20240825_180002-prop_com-site_config_backup.json 158.0B
Database: ./prop.com/private/backups/20240825_180002-prop_com-database.sql.gz         1016.0KiB
Backup for Site prop.com has been successfully completed
set -o pipefail; /usr/bin/mysqldump --user=_8b3e45756aa1c354 --host=127.0.0.1 --port=3306 --password=********** --single-transaction --quick --lock-tables=false _8b3e45756aa1c354 | /usr/bin/gzip >> ./prop.com/private/backups/20240826_120002-prop_com-database.sql.gz

Backup Summary for prop.com at 2024-08-26 12:00:04.260836
Config  : ./prop.com/private/backups/20240826_120002-prop_com-site_config_backup.json 158.0B
Database: ./prop.com/private/backups/20240826_120002-prop_com-database.sql.gz         1.0MiB
Backup for Site prop.com has been successfully completed
set -o pipefail; /usr/bin/mysqldump --user=_8b3e45756aa1c354 --host=127.0.0.1 --port=3306 --password=********** --single-transaction --quick --lock-tables=false _8b3e45756aa1c354 | /usr/bin/gzip >> ./prop.com/private/backups/20240826_180004-prop_com-database.sql.gz

Backup Summary for prop.com at 2024-08-26 18:00:10.167803
Config  : ./prop.com/private/backups/20240826_180004-prop_com-site_config_backup.json 158.0B
Database: ./prop.com/private/backups/20240826_180004-prop_com-database.sql.gz         1.0MiB
Backup for Site prop.com has been successfully completed
set -o pipefail; /usr/bin/mysqldump --user=_d647b2e9b5077953 --host=127.0.0.1 --port=3306 --password=********** --single-transaction --quick --lock-tables=false _d647b2e9b5077953 | /usr/bin/gzip >> ./propla.com/private/backups/20240826_180010-propla_com-database.sql.gz

Backup Summary for propla.com at 2024-08-26 18:00:11.376632
Config  : ./propla.com/private/backups/20240826_180010-propla_com-site_config_backup.json 94.0B
Database: ./propla.com/private/backups/20240826_180010-propla_com-database.sql.gz         219.1KiB
Backup for Site propla.com has been successfully completed
set -o pipefail; /usr/bin/mysqldump --user=_8b3e45756aa1c354 --host=127.0.0.1 --port=3306 --password=********** --single-transaction --quick --lock-tables=false _8b3e45756aa1c354 | /usr/bin/gzip >> ./prop.com/private/backups/20240827_120002-prop_com-database.sql.gz

Backup Summary for prop.com at 2024-08-27 12:00:04.385090
Config  : ./prop.com/private/backups/20240827_120002-prop_com-site_config_backup.json 158.0B
Database: ./prop.com/private/backups/20240827_120002-prop_com-database.sql.gz         1.0MiB
Backup for Site prop.com has been successfully completed
File ./propla.com/private/backups/20240826_180010-propla_com-site_config_backup.json is recent
File ./propla.com/private/backups/20240826_180010-propla_com-database.sql.gz is recent
set -o pipefail; /usr/bin/mysqldump --user=_d647b2e9b5077953 --host=127.0.0.1 --port=3306 --password=********** --single-transaction --quick --lock-tables=false _d647b2e9b5077953 | /usr/bin/gzip >> ./propla.com/private/backups/20240827_120004-propla_com-database.sql.gz

Backup Summary for propla.com at 2024-08-27 12:00:05.049833
Config  : ./propla.com/private/backups/20240827_120004-propla_com-site_config_backup.json 94.0B
Database: ./propla.com/private/backups/20240827_120004-propla_com-database.sql.gz         222.8KiB
Backup for Site propla.com has been successfully completed
set -o pipefail; /usr/bin/mysqldump --user=_8b3e45756aa1c354 --host=127.0.0.1 --port=3306 --password=********** --single-transaction --quick --lock-tables=false _8b3e45756aa1c354 | /usr/bin/gzip >> ./prop.com/private/backups/20240827_180003-prop_com-database.sql.gz

Backup Summary for prop.com at 2024-08-27 18:00:05.727331
Config  : ./prop.com/private/backups/20240827_180003-prop_com-site_config_backup.json 225.0B
Database: ./prop.com/private/backups/20240827_180003-prop_com-database.sql.gz         1.0MiB
Backup for Site prop.com has been successfully completed
File ./propla.com/private/backups/20240827_120004-propla_com-site_config_backup.json is recent
File ./propla.com/private/backups/20240826_180010-propla_com-site_config_backup.json is recent
File ./propla.com/private/backups/20240827_120004-propla_com-database.sql.gz is recent
File ./propla.com/private/backups/20240826_180010-propla_com-database.sql.gz is recent
set -o pipefail; /usr/bin/mysqldump --user=_d647b2e9b5077953 --host=127.0.0.1 --port=3306 --password=********** --single-transaction --quick --lock-tables=false _d647b2e9b5077953 | /usr/bin/gzip >> ./propla.com/private/backups/20240827_180005-propla_com-database.sql.gz

Backup Summary for propla.com at 2024-08-27 18:00:06.798627
Config  : ./propla.com/private/backups/20240827_180005-propla_com-site_config_backup.json 94.0B
Database: ./propla.com/private/backups/20240827_180005-propla_com-database.sql.gz         228.5KiB
Backup for Site propla.com has been successfully completed
set -o pipefail; /usr/bin/mysqldump --user=_8b3e45756aa1c354 --host=127.0.0.1 --port=3306 --password=********** --single-transaction --quick --lock-tables=false _8b3e45756aa1c354 | /usr/bin/gzip >> ./prop.com/private/backups/20240828_120002-prop_com-database.sql.gz

Backup Summary for prop.com at 2024-08-28 12:00:03.490217
Config  : ./prop.com/private/backups/20240828_120002-prop_com-site_config_backup.json 225.0B
Database: ./prop.com/private/backups/20240828_120002-prop_com-database.sql.gz         1.0MiB
Backup for Site prop.com has been successfully completed
File ./propla.com/private/backups/20240827_120004-propla_com-site_config_backup.json is recent
File ./propla.com/private/backups/20240827_180005-propla_com-site_config_backup.json is recent
File ./propla.com/private/backups/20240826_180010-propla_com-site_config_backup.json is older than 24 hours
File ./propla.com/private/backups/20240827_180005-propla_com-database.sql.gz is recent
File ./propla.com/private/backups/20240827_120004-propla_com-database.sql.gz is recent
File ./propla.com/private/backups/20240826_180010-propla_com-database.sql.gz is older than 24 hours
set -o pipefail; /usr/bin/mysqldump --user=_d647b2e9b5077953 --host=127.0.0.1 --port=3306 --password=********** --single-transaction --quick --lock-tables=false _d647b2e9b5077953 | /usr/bin/gzip >> ./propla.com/private/backups/20240828_120003-propla_com-database.sql.gz

Backup Summary for propla.com at 2024-08-28 12:00:03.977234
Config  : ./propla.com/private/backups/20240828_120003-propla_com-site_config_backup.json 94.0B
Database: ./propla.com/private/backups/20240828_120003-propla_com-database.sql.gz         230.6KiB
Backup for Site propla.com has been successfully completed
set -o pipefail; /usr/bin/mysqldump --user=_8b3e45756aa1c354 --host=127.0.0.1 --port=3306 --password=********** --single-transaction --quick --lock-tables=false _8b3e45756aa1c354 | /usr/bin/gzip >> ./prop.com/private/backups/20240828_180002-prop_com-database.sql.gz

Backup Summary for prop.com at 2024-08-28 18:00:04.889407
Config  : ./prop.com/private/backups/20240828_180002-prop_com-site_config_backup.json 225.0B
Database: ./prop.com/private/backups/20240828_180002-prop_com-database.sql.gz         5.4MiB
Backup for Site prop.com has been successfully completed
File ./propla.com/private/backups/20240827_120004-propla_com-site_config_backup.json is older than 24 hours
File ./propla.com/private/backups/20240827_180005-propla_com-site_config_backup.json is recent
File ./propla.com/private/backups/20240827_180005-propla_com-database.sql.gz is recent
File ./propla.com/private/backups/20240827_120004-propla_com-database.sql.gz is older than 24 hours
File ./propla.com/private/backups/20240828_120003-propla_com-database.sql.gz is recent
File ./propla.com/private/backups/20240828_120003-propla_com-site_config_backup.json is recent
set -o pipefail; /usr/bin/mysqldump --user=_d647b2e9b5077953 --host=127.0.0.1 --port=3306 --password=********** --single-transaction --quick --lock-tables=false _d647b2e9b5077953 | /usr/bin/gzip >> ./propla.com/private/backups/20240828_180004-propla_com-database.sql.gz

Backup Summary for propla.com at 2024-08-28 18:00:05.281971
Config  : ./propla.com/private/backups/20240828_180004-propla_com-site_config_backup.json 94.0B
Database: ./propla.com/private/backups/20240828_180004-propla_com-database.sql.gz         236.2KiB
Backup for Site propla.com has been successfully completed
set -o pipefail; /usr/bin/mysqldump --user=_8b3e45756aa1c354 --host=127.0.0.1 --port=3306 --password=********** --single-transaction --quick --lock-tables=false _8b3e45756aa1c354 | /usr/bin/gzip >> ./prop.com/private/backups/20240829_120002-prop_com-database.sql.gz

Backup Summary for prop.com at 2024-08-29 12:00:04.860886
Config  : ./prop.com/private/backups/20240829_120002-prop_com-site_config_backup.json 225.0B
Database: ./prop.com/private/backups/20240829_120002-prop_com-database.sql.gz         5.5MiB
Backup for Site prop.com has been successfully completed
File ./propla.com/private/backups/20240828_180004-propla_com-site_config_backup.json is recent
File ./propla.com/private/backups/20240827_180005-propla_com-site_config_backup.json is older than 24 hours
File ./propla.com/private/backups/20240827_180005-propla_com-database.sql.gz is older than 24 hours
File ./propla.com/private/backups/20240828_120003-propla_com-database.sql.gz is older than 24 hours
File ./propla.com/private/backups/20240828_180004-propla_com-database.sql.gz is recent
File ./propla.com/private/backups/20240828_120003-propla_com-site_config_backup.json is older than 24 hours
set -o pipefail; /usr/bin/mysqldump --user=_d647b2e9b5077953 --host=127.0.0.1 --port=3306 --password=********** --single-transaction --quick --lock-tables=false _d647b2e9b5077953 | /usr/bin/gzip >> ./propla.com/private/backups/20240829_120004-propla_com-database.sql.gz

Backup Summary for propla.com at 2024-08-29 12:00:05.358565
Config  : ./propla.com/private/backups/20240829_120004-propla_com-site_config_backup.json 94.0B
Database: ./propla.com/private/backups/20240829_120004-propla_com-database.sql.gz         239.6KiB
Backup for Site propla.com has been successfully completed
set -o pipefail; /usr/bin/mysqldump --user=_8b3e45756aa1c354 --host=127.0.0.1 --port=3306 --password=********** --single-transaction --quick --lock-tables=false _8b3e45756aa1c354 | /usr/bin/gzip >> ./prop.com/private/backups/20240829_180002-prop_com-database.sql.gz

Backup Summary for prop.com at 2024-08-29 18:00:04.985487
Config  : ./prop.com/private/backups/20240829_180002-prop_com-site_config_backup.json 225.0B
Database: ./prop.com/private/backups/20240829_180002-prop_com-database.sql.gz         5.5MiB
Backup for Site prop.com has been successfully completed
File ./propla.com/private/backups/20240828_180004-propla_com-site_config_backup.json is recent
File ./propla.com/private/backups/20240829_120004-propla_com-database.sql.gz is recent
File ./propla.com/private/backups/20240828_180004-propla_com-database.sql.gz is recent
File ./propla.com/private/backups/20240829_120004-propla_com-site_config_backup.json is recent
set -o pipefail; /usr/bin/mysqldump --user=_d647b2e9b5077953 --host=127.0.0.1 --port=3306 --password=********** --single-transaction --quick --lock-tables=false _d647b2e9b5077953 | /usr/bin/gzip >> ./propla.com/private/backups/20240829_180004-propla_com-database.sql.gz

Backup Summary for propla.com at 2024-08-29 18:00:05.701917
Config  : ./propla.com/private/backups/20240829_180004-propla_com-site_config_backup.json 94.0B
Database: ./propla.com/private/backups/20240829_180004-propla_com-database.sql.gz         245.2KiB
Backup for Site propla.com has been successfully completed
set -o pipefail; /usr/bin/mysqldump --user=_8b3e45756aa1c354 --host=127.0.0.1 --port=3306 --password=********** --single-transaction --quick --lock-tables=false _8b3e45756aa1c354 | /usr/bin/gzip >> ./prop.com/private/backups/20240830_120001-prop_com-database.sql.gz

Backup Summary for prop.com at 2024-08-30 12:00:04.225995
Config  : ./prop.com/private/backups/20240830_120001-prop_com-site_config_backup.json 225.0B
Database: ./prop.com/private/backups/20240830_120001-prop_com-database.sql.gz         5.5MiB
Backup for Site prop.com has been successfully completed
File ./propla.com/private/backups/20240829_180004-propla_com-database.sql.gz is recent
File ./propla.com/private/backups/20240828_180004-propla_com-site_config_backup.json is older than 24 hours
File ./propla.com/private/backups/20240829_180004-propla_com-site_config_backup.json is recent
File ./propla.com/private/backups/20240829_120004-propla_com-database.sql.gz is recent
File ./propla.com/private/backups/20240828_180004-propla_com-database.sql.gz is older than 24 hours
File ./propla.com/private/backups/20240829_120004-propla_com-site_config_backup.json is recent
set -o pipefail; /usr/bin/mysqldump --user=_d647b2e9b5077953 --host=127.0.0.1 --port=3306 --password=********** --single-transaction --quick --lock-tables=false _d647b2e9b5077953 | /usr/bin/gzip >> ./propla.com/private/backups/20240830_120004-propla_com-database.sql.gz

Backup Summary for propla.com at 2024-08-30 12:00:04.778896
Config  : ./propla.com/private/backups/20240830_120004-propla_com-site_config_backup.json 94.0B
Database: ./propla.com/private/backups/20240830_120004-propla_com-database.sql.gz         248.2KiB
Backup for Site propla.com has been successfully completed
set -o pipefail; /usr/bin/mysqldump --user=_8b3e45756aa1c354 --host=127.0.0.1 --port=3306 --password=********** --single-transaction --quick --lock-tables=false _8b3e45756aa1c354 | /usr/bin/gzip >> ./prop.com/private/backups/20240830_180002-prop_com-database.sql.gz

Backup Summary for prop.com at 2024-08-30 18:00:04.142251
Config  : ./prop.com/private/backups/20240830_180002-prop_com-site_config_backup.json 225.0B
Database: ./prop.com/private/backups/20240830_180002-prop_com-database.sql.gz         5.5MiB
Backup for Site prop.com has been successfully completed
File ./propla.com/private/backups/20240829_180004-propla_com-database.sql.gz is recent
File ./propla.com/private/backups/20240830_120004-propla_com-site_config_backup.json is recent
File ./propla.com/private/backups/20240829_180004-propla_com-site_config_backup.json is recent
File ./propla.com/private/backups/20240829_120004-propla_com-database.sql.gz is older than 24 hours
File ./propla.com/private/backups/20240829_120004-propla_com-site_config_backup.json is older than 24 hours
File ./propla.com/private/backups/20240830_120004-propla_com-database.sql.gz is recent
set -o pipefail; /usr/bin/mysqldump --user=_d647b2e9b5077953 --host=127.0.0.1 --port=3306 --password=********** --single-transaction --quick --lock-tables=false _d647b2e9b5077953 | /usr/bin/gzip >> ./propla.com/private/backups/20240830_180004-propla_com-database.sql.gz

Backup Summary for propla.com at 2024-08-30 18:00:04.415723
Config  : ./propla.com/private/backups/20240830_180004-propla_com-site_config_backup.json 94.0B
Database: ./propla.com/private/backups/20240830_180004-propla_com-database.sql.gz         251.3KiB
Backup for Site propla.com has been successfully completed
set -o pipefail; /usr/bin/mysqldump --user=_8b3e45756aa1c354 --host=127.0.0.1 --port=3306 --password=********** --single-transaction --quick --lock-tables=false _8b3e45756aa1c354 | /usr/bin/gzip >> ./prop.com/private/backups/20240831_120002-prop_com-database.sql.gz

Backup Summary for prop.com at 2024-08-31 12:00:05.036671
Config  : ./prop.com/private/backups/20240831_120002-prop_com-site_config_backup.json 225.0B
Database: ./prop.com/private/backups/20240831_120002-prop_com-database.sql.gz         5.6MiB
Backup for Site prop.com has been successfully completed
File ./propla.com/private/backups/20240829_180004-propla_com-database.sql.gz is older than 24 hours
File ./propla.com/private/backups/20240830_120004-propla_com-site_config_backup.json is older than 24 hours
File ./propla.com/private/backups/20240830_180004-propla_com-database.sql.gz is recent
File ./propla.com/private/backups/20240829_180004-propla_com-site_config_backup.json is older than 24 hours
File ./propla.com/private/backups/20240830_180004-propla_com-site_config_backup.json is recent
File ./propla.com/private/backups/20240830_120004-propla_com-database.sql.gz is older than 24 hours
set -o pipefail; /usr/bin/mysqldump --user=_d647b2e9b5077953 --host=127.0.0.1 --port=3306 --password=********** --single-transaction --quick --lock-tables=false _d647b2e9b5077953 | /usr/bin/gzip >> ./propla.com/private/backups/20240831_120005-propla_com-database.sql.gz

Backup Summary for propla.com at 2024-08-31 12:00:05.629375
Config  : ./propla.com/private/backups/20240831_120005-propla_com-site_config_backup.json 94.0B
Database: ./propla.com/private/backups/20240831_120005-propla_com-database.sql.gz         251.3KiB
Backup for Site propla.com has been successfully completed
set -o pipefail; /usr/bin/mysqldump --user=_8b3e45756aa1c354 --host=127.0.0.1 --port=3306 --password=********** --single-transaction --quick --lock-tables=false _8b3e45756aa1c354 | /usr/bin/gzip >> ./prop.com/private/backups/20240902_120003-prop_com-database.sql.gz

Backup Summary for prop.com at 2024-09-02 12:00:06.372444
Config  : ./prop.com/private/backups/20240902_120003-prop_com-site_config_backup.json 225.0B
Database: ./prop.com/private/backups/20240902_120003-prop_com-database.sql.gz         5.6MiB
Backup for Site prop.com has been successfully completed
File ./propla.com/private/backups/20240830_180004-propla_com-database.sql.gz is older than 24 hours
File ./propla.com/private/backups/20240831_120005-propla_com-database.sql.gz is older than 24 hours
File ./propla.com/private/backups/20240831_120005-propla_com-site_config_backup.json is older than 24 hours
File ./propla.com/private/backups/20240830_180004-propla_com-site_config_backup.json is older than 24 hours
set -o pipefail; /usr/bin/mysqldump --user=_d647b2e9b5077953 --host=127.0.0.1 --port=3306 --password=********** --single-transaction --quick --lock-tables=false _d647b2e9b5077953 | /usr/bin/gzip >> ./propla.com/private/backups/20240902_120006-propla_com-database.sql.gz

Backup Summary for propla.com at 2024-09-02 12:00:06.843580
Config  : ./propla.com/private/backups/20240902_120006-propla_com-site_config_backup.json 94.0B
Database: ./propla.com/private/backups/20240902_120006-propla_com-database.sql.gz         252.1KiB
Backup for Site propla.com has been successfully completed
set -o pipefail; /usr/bin/mysqldump --user=_8b3e45756aa1c354 --host=127.0.0.1 --port=3306 --password=********** --single-transaction --quick --lock-tables=false _8b3e45756aa1c354 | /usr/bin/gzip >> ./prop.com/private/backups/20240902_180003-prop_com-database.sql.gz

Backup Summary for prop.com at 2024-09-02 18:00:06.712930
Config  : ./prop.com/private/backups/20240902_180003-prop_com-site_config_backup.json 225.0B
Database: ./prop.com/private/backups/20240902_180003-prop_com-database.sql.gz         5.6MiB
Backup for Site prop.com has been successfully completed
File ./propla.com/private/backups/20240902_120006-propla_com-database.sql.gz is recent
File ./propla.com/private/backups/20240902_120006-propla_com-site_config_backup.json is recent
set -o pipefail; /usr/bin/mysqldump --user=_d647b2e9b5077953 --host=127.0.0.1 --port=3306 --password=********** --single-transaction --quick --lock-tables=false _d647b2e9b5077953 | /usr/bin/gzip >> ./propla.com/private/backups/20240902_180006-propla_com-database.sql.gz

Backup Summary for propla.com at 2024-09-02 18:00:07.316600
Config  : ./propla.com/private/backups/20240902_180006-propla_com-site_config_backup.json 94.0B
Database: ./propla.com/private/backups/20240902_180006-propla_com-database.sql.gz         252.8KiB
Backup for Site propla.com has been successfully completed
set -o pipefail; /usr/bin/mysqldump --user=_8b3e45756aa1c354 --host=127.0.0.1 --port=3306 --password=********** --single-transaction --quick --lock-tables=false _8b3e45756aa1c354 | /usr/bin/gzip >> ./prop.com/private/backups/20240903_120002-prop_com-database.sql.gz

Backup Summary for prop.com at 2024-09-03 12:00:04.194031
Config  : ./prop.com/private/backups/20240903_120002-prop_com-site_config_backup.json 225.0B
Database: ./prop.com/private/backups/20240903_120002-prop_com-database.sql.gz         5.6MiB
Backup for Site prop.com has been successfully completed
File ./propla.com/private/backups/20240902_180006-propla_com-site_config_backup.json is recent
File ./propla.com/private/backups/20240902_180006-propla_com-database.sql.gz is recent
File ./propla.com/private/backups/20240902_120006-propla_com-database.sql.gz is recent
File ./propla.com/private/backups/20240902_120006-propla_com-site_config_backup.json is recent
set -o pipefail; /usr/bin/mysqldump --user=_d647b2e9b5077953 --host=127.0.0.1 --port=3306 --password=********** --single-transaction --quick --lock-tables=false _d647b2e9b5077953 | /usr/bin/gzip >> ./propla.com/private/backups/20240903_120004-propla_com-database.sql.gz

Backup Summary for propla.com at 2024-09-03 12:00:04.768583
Config  : ./propla.com/private/backups/20240903_120004-propla_com-site_config_backup.json 94.0B
Database: ./propla.com/private/backups/20240903_120004-propla_com-database.sql.gz         252.8KiB
Backup for Site propla.com has been successfully completed
set -o pipefail; /usr/bin/mysqldump --user=_8b3e45756aa1c354 --host=127.0.0.1 --port=3306 --password=********** --single-transaction --quick --lock-tables=false _8b3e45756aa1c354 | /usr/bin/gzip >> ./prop.com/private/backups/20240903_180003-prop_com-database.sql.gz

Backup Summary for prop.com at 2024-09-03 18:00:06.023228
Config  : ./prop.com/private/backups/20240903_180003-prop_com-site_config_backup.json 225.0B
Database: ./prop.com/private/backups/20240903_180003-prop_com-database.sql.gz         5.6MiB
Backup for Site prop.com has been successfully completed
File ./propla.com/private/backups/20240903_120004-propla_com-database.sql.gz is recent
File ./propla.com/private/backups/20240902_180006-propla_com-site_config_backup.json is recent
File ./propla.com/private/backups/20240902_180006-propla_com-database.sql.gz is recent
File ./propla.com/private/backups/20240902_120006-propla_com-database.sql.gz is older than 24 hours
File ./propla.com/private/backups/20240903_120004-propla_com-site_config_backup.json is recent
File ./propla.com/private/backups/20240902_120006-propla_com-site_config_backup.json is older than 24 hours
set -o pipefail; /usr/bin/mysqldump --user=_d647b2e9b5077953 --host=127.0.0.1 --port=3306 --password=********** --single-transaction --quick --lock-tables=false _d647b2e9b5077953 | /usr/bin/gzip >> ./propla.com/private/backups/20240903_180006-propla_com-database.sql.gz

Backup Summary for propla.com at 2024-09-03 18:00:06.353732
Config  : ./propla.com/private/backups/20240903_180006-propla_com-site_config_backup.json 94.0B
Database: ./propla.com/private/backups/20240903_180006-propla_com-database.sql.gz         251.6KiB
Backup for Site propla.com has been successfully completed
set -o pipefail; /usr/bin/mysqldump --user=_8b3e45756aa1c354 --host=127.0.0.1 --port=3306 --password=********** --single-transaction --quick --lock-tables=false _8b3e45756aa1c354 | /usr/bin/gzip >> ./prop.com/private/backups/20240904_120002-prop_com-database.sql.gz

Backup Summary for prop.com at 2024-09-04 12:00:04.015024
Config  : ./prop.com/private/backups/20240904_120002-prop_com-site_config_backup.json 225.0B
Database: ./prop.com/private/backups/20240904_120002-prop_com-database.sql.gz         5.6MiB
Backup for Site prop.com has been successfully completed
File ./propla.com/private/backups/20240903_120004-propla_com-database.sql.gz is recent
File ./propla.com/private/backups/20240903_180006-propla_com-site_config_backup.json is recent
File ./propla.com/private/backups/20240903_180006-propla_com-database.sql.gz is recent
File ./propla.com/private/backups/20240902_180006-propla_com-site_config_backup.json is older than 24 hours
File ./propla.com/private/backups/20240902_180006-propla_com-database.sql.gz is older than 24 hours
File ./propla.com/private/backups/20240903_120004-propla_com-site_config_backup.json is recent
set -o pipefail; /usr/bin/mysqldump --user=_d647b2e9b5077953 --host=127.0.0.1 --port=3306 --password=********** --single-transaction --quick --lock-tables=false _d647b2e9b5077953 | /usr/bin/gzip >> ./propla.com/private/backups/20240904_120004-propla_com-database.sql.gz

Backup Summary for propla.com at 2024-09-04 12:00:04.556822
Config  : ./propla.com/private/backups/20240904_120004-propla_com-site_config_backup.json 94.0B
Database: ./propla.com/private/backups/20240904_120004-propla_com-database.sql.gz         250.4KiB
Backup for Site propla.com has been successfully completed
set -o pipefail; /usr/bin/mysqldump --user=_8b3e45756aa1c354 --host=127.0.0.1 --port=3306 --password=********** --single-transaction --quick --lock-tables=false _8b3e45756aa1c354 | /usr/bin/gzip >> ./prop.com/private/backups/20240904_180003-prop_com-database.sql.gz

Backup Summary for prop.com at 2024-09-04 18:00:05.097056
Config  : ./prop.com/private/backups/20240904_180003-prop_com-site_config_backup.json 225.0B
Database: ./prop.com/private/backups/20240904_180003-prop_com-database.sql.gz         5.6MiB
Backup for Site prop.com has been successfully completed
File ./propla.com/private/backups/20240903_120004-propla_com-database.sql.gz is older than 24 hours
File ./propla.com/private/backups/20240903_180006-propla_com-site_config_backup.json is recent
File ./propla.com/private/backups/20240903_180006-propla_com-database.sql.gz is recent
File ./propla.com/private/backups/20240904_120004-propla_com-database.sql.gz is recent
File ./propla.com/private/backups/20240903_120004-propla_com-site_config_backup.json is older than 24 hours
File ./propla.com/private/backups/20240904_120004-propla_com-site_config_backup.json is recent
set -o pipefail; /usr/bin/mysqldump --user=_d647b2e9b5077953 --host=127.0.0.1 --port=3306 --password=********** --single-transaction --quick --lock-tables=false _d647b2e9b5077953 | /usr/bin/gzip >> ./propla.com/private/backups/20240904_180005-propla_com-database.sql.gz

Backup Summary for propla.com at 2024-09-04 18:00:05.438897
Config  : ./propla.com/private/backups/20240904_180005-propla_com-site_config_backup.json 94.0B
Database: ./propla.com/private/backups/20240904_180005-propla_com-database.sql.gz         256.0KiB
Backup for Site propla.com has been successfully completed
set -o pipefail; /usr/bin/mysqldump --user=_8b3e45756aa1c354 --host=127.0.0.1 --port=3306 --password=********** --single-transaction --quick --lock-tables=false _8b3e45756aa1c354 | /usr/bin/gzip >> ./prop.com/private/backups/20240905_120002-prop_com-database.sql.gz

Backup Summary for prop.com at 2024-09-05 12:00:04.740818
Config  : ./prop.com/private/backups/20240905_120002-prop_com-site_config_backup.json 225.0B
Database: ./prop.com/private/backups/20240905_120002-prop_com-database.sql.gz         5.6MiB
Backup for Site prop.com has been successfully completed
File ./propla.com/private/backups/20240904_180005-propla_com-site_config_backup.json is recent
File ./propla.com/private/backups/20240903_180006-propla_com-site_config_backup.json is older than 24 hours
File ./propla.com/private/backups/20240903_180006-propla_com-database.sql.gz is older than 24 hours
File ./propla.com/private/backups/20240904_120004-propla_com-database.sql.gz is older than 24 hours
File ./propla.com/private/backups/20240904_120004-propla_com-site_config_backup.json is older than 24 hours
File ./propla.com/private/backups/20240904_180005-propla_com-database.sql.gz is recent
set -o pipefail; /usr/bin/mysqldump --user=_d647b2e9b5077953 --host=127.0.0.1 --port=3306 --password=********** --single-transaction --quick --lock-tables=false _d647b2e9b5077953 | /usr/bin/gzip >> ./propla.com/private/backups/20240905_120004-propla_com-database.sql.gz

Backup Summary for propla.com at 2024-09-05 12:00:05.175158
Config  : ./propla.com/private/backups/20240905_120004-propla_com-site_config_backup.json 94.0B
Database: ./propla.com/private/backups/20240905_120004-propla_com-database.sql.gz         249.9KiB
Backup for Site propla.com has been successfully completed
set -o pipefail; /usr/bin/mysqldump --user=_8b3e45756aa1c354 --host=127.0.0.1 --port=3306 --password=********** --single-transaction --quick --lock-tables=false _8b3e45756aa1c354 | /usr/bin/gzip >> ./prop.com/private/backups/20240905_180002-prop_com-database.sql.gz

Backup Summary for prop.com at 2024-09-05 18:00:04.866476
Config  : ./prop.com/private/backups/20240905_180002-prop_com-site_config_backup.json 225.0B
Database: ./prop.com/private/backups/20240905_180002-prop_com-database.sql.gz         5.6MiB
Backup for Site prop.com has been successfully completed
File ./propla.com/private/backups/20240904_180005-propla_com-site_config_backup.json is recent
File ./propla.com/private/backups/20240905_120004-propla_com-site_config_backup.json is recent
File ./propla.com/private/backups/20240905_120004-propla_com-database.sql.gz is recent
File ./propla.com/private/backups/20240904_180005-propla_com-database.sql.gz is recent
set -o pipefail; /usr/bin/mysqldump --user=_d647b2e9b5077953 --host=127.0.0.1 --port=3306 --password=********** --single-transaction --quick --lock-tables=false _d647b2e9b5077953 | /usr/bin/gzip >> ./propla.com/private/backups/20240905_180004-propla_com-database.sql.gz

Backup Summary for propla.com at 2024-09-05 18:00:05.472103
Config  : ./propla.com/private/backups/20240905_180004-propla_com-site_config_backup.json 94.0B
Database: ./propla.com/private/backups/20240905_180004-propla_com-database.sql.gz         258.1KiB
Backup for Site propla.com has been successfully completed
set -o pipefail; /usr/bin/mysqldump --user=_8b3e45756aa1c354 --host=127.0.0.1 --port=3306 --password=********** --single-transaction --quick --lock-tables=false _8b3e45756aa1c354 | /usr/bin/gzip >> ./prop.com/private/backups/20240906_120002-prop_com-database.sql.gz

Backup Summary for prop.com at 2024-09-06 12:00:05.507298
Config  : ./prop.com/private/backups/20240906_120002-prop_com-site_config_backup.json 225.0B
Database: ./prop.com/private/backups/20240906_120002-prop_com-database.sql.gz         5.6MiB
Backup for Site prop.com has been successfully completed
File ./propla.com/private/backups/20240904_180005-propla_com-site_config_backup.json is older than 24 hours
File ./propla.com/private/backups/20240905_180004-propla_com-database.sql.gz is recent
File ./propla.com/private/backups/20240905_120004-propla_com-site_config_backup.json is older than 24 hours
File ./propla.com/private/backups/20240905_120004-propla_com-database.sql.gz is older than 24 hours
File ./propla.com/private/backups/20240904_180005-propla_com-database.sql.gz is older than 24 hours
File ./propla.com/private/backups/20240905_180004-propla_com-site_config_backup.json is recent
set -o pipefail; /usr/bin/mysqldump --user=_d647b2e9b5077953 --host=127.0.0.1 --port=3306 --password=********** --single-transaction --quick --lock-tables=false _d647b2e9b5077953 | /usr/bin/gzip >> ./propla.com/private/backups/20240906_120005-propla_com-database.sql.gz

Backup Summary for propla.com at 2024-09-06 12:00:06.065343
Config  : ./propla.com/private/backups/20240906_120005-propla_com-site_config_backup.json 94.0B
Database: ./propla.com/private/backups/20240906_120005-propla_com-database.sql.gz         251.1KiB
Backup for Site propla.com has been successfully completed
set -o pipefail; /usr/bin/mysqldump --user=_8b3e45756aa1c354 --host=127.0.0.1 --port=3306 --password=********** --single-transaction --quick --lock-tables=false _8b3e45756aa1c354 | /usr/bin/gzip >> ./prop.com/private/backups/20240906_180002-prop_com-database.sql.gz

Backup Summary for prop.com at 2024-09-06 18:00:04.879587
Config  : ./prop.com/private/backups/20240906_180002-prop_com-site_config_backup.json 225.0B
Database: ./prop.com/private/backups/20240906_180002-prop_com-database.sql.gz         5.6MiB
Backup for Site prop.com has been successfully completed
File ./propla.com/private/backups/20240906_120005-propla_com-site_config_backup.json is recent
File ./propla.com/private/backups/20240905_180004-propla_com-database.sql.gz is recent
File ./propla.com/private/backups/20240906_120005-propla_com-database.sql.gz is recent
File ./propla.com/private/backups/20240905_180004-propla_com-site_config_backup.json is recent
set -o pipefail; /usr/bin/mysqldump --user=_d647b2e9b5077953 --host=127.0.0.1 --port=3306 --password=********** --single-transaction --quick --lock-tables=false _d647b2e9b5077953 | /usr/bin/gzip >> ./propla.com/private/backups/20240906_180004-propla_com-database.sql.gz

Backup Summary for propla.com at 2024-09-06 18:00:05.210644
Config  : ./propla.com/private/backups/20240906_180004-propla_com-site_config_backup.json 94.0B
Database: ./propla.com/private/backups/20240906_180004-propla_com-database.sql.gz         256.7KiB
Backup for Site propla.com has been successfully completed
set -o pipefail; /usr/bin/mysqldump --user=_8b3e45756aa1c354 --host=127.0.0.1 --port=3306 --password=********** --single-transaction --quick --lock-tables=false _8b3e45756aa1c354 | /usr/bin/gzip >> ./prop.com/private/backups/20240907_000002-prop_com-database.sql.gz

Backup Summary for prop.com at 2024-09-07 00:00:03.970638
Config  : ./prop.com/private/backups/20240907_000002-prop_com-site_config_backup.json 225.0B
Database: ./prop.com/private/backups/20240907_000002-prop_com-database.sql.gz         5.6MiB
Backup for Site prop.com has been successfully completed
File ./propla.com/private/backups/20240906_120005-propla_com-site_config_backup.json is recent
File ./propla.com/private/backups/20240905_180004-propla_com-database.sql.gz is older than 24 hours
File ./propla.com/private/backups/20240906_180004-propla_com-database.sql.gz is recent
File ./propla.com/private/backups/20240906_180004-propla_com-site_config_backup.json is recent
File ./propla.com/private/backups/20240906_120005-propla_com-database.sql.gz is recent
File ./propla.com/private/backups/20240905_180004-propla_com-site_config_backup.json is older than 24 hours
set -o pipefail; /usr/bin/mysqldump --user=_d647b2e9b5077953 --host=127.0.0.1 --port=3306 --password=********** --single-transaction --quick --lock-tables=false _d647b2e9b5077953 | /usr/bin/gzip >> ./propla.com/private/backups/20240907_000003-propla_com-database.sql.gz

Backup Summary for propla.com at 2024-09-07 00:00:04.228081
Config  : ./propla.com/private/backups/20240907_000003-propla_com-site_config_backup.json 94.0B
Database: ./propla.com/private/backups/20240907_000003-propla_com-database.sql.gz         262.3KiB
Backup for Site propla.com has been successfully completed
set -o pipefail; /usr/bin/mysqldump --user=_8b3e45756aa1c354 --host=127.0.0.1 --port=3306 --password=********** --single-transaction --quick --lock-tables=false _8b3e45756aa1c354 | /usr/bin/gzip >> ./prop.com/private/backups/20240907_060002-prop_com-database.sql.gz

Backup Summary for prop.com at 2024-09-07 06:00:04.585532
Config  : ./prop.com/private/backups/20240907_060002-prop_com-site_config_backup.json 225.0B
Database: ./prop.com/private/backups/20240907_060002-prop_com-database.sql.gz         5.7MiB
Backup for Site prop.com has been successfully completed
File ./propla.com/private/backups/20240906_120005-propla_com-site_config_backup.json is recent
File ./propla.com/private/backups/20240906_180004-propla_com-database.sql.gz is recent
File ./propla.com/private/backups/20240906_180004-propla_com-site_config_backup.json is recent
File ./propla.com/private/backups/20240906_120005-propla_com-database.sql.gz is recent
File ./propla.com/private/backups/20240907_000003-propla_com-database.sql.gz is recent
File ./propla.com/private/backups/20240907_000003-propla_com-site_config_backup.json is recent
set -o pipefail; /usr/bin/mysqldump --user=_d647b2e9b5077953 --host=127.0.0.1 --port=3306 --password=********** --single-transaction --quick --lock-tables=false _d647b2e9b5077953 | /usr/bin/gzip >> ./propla.com/private/backups/20240907_060004-propla_com-database.sql.gz

Backup Summary for propla.com at 2024-09-07 06:00:04.814662
Config  : ./propla.com/private/backups/20240907_060004-propla_com-site_config_backup.json 94.0B
Database: ./propla.com/private/backups/20240907_060004-propla_com-database.sql.gz         265.6KiB
Backup for Site propla.com has been successfully completed
set -o pipefail; /usr/bin/mysqldump --user=_8b3e45756aa1c354 --host=127.0.0.1 --port=3306 --password=********** --single-transaction --quick --lock-tables=false _8b3e45756aa1c354 | /usr/bin/gzip >> ./prop.com/private/backups/20240907_120002-prop_com-database.sql.gz

Backup Summary for prop.com at 2024-09-07 12:00:04.373732
Config  : ./prop.com/private/backups/20240907_120002-prop_com-site_config_backup.json 225.0B
Database: ./prop.com/private/backups/20240907_120002-prop_com-database.sql.gz         5.7MiB
Backup for Site prop.com has been successfully completed
File ./propla.com/private/backups/20240906_120005-propla_com-site_config_backup.json is recent
File ./propla.com/private/backups/20240906_180004-propla_com-database.sql.gz is recent
File ./propla.com/private/backups/20240906_180004-propla_com-site_config_backup.json is recent
File ./propla.com/private/backups/20240907_060004-propla_com-site_config_backup.json is recent
File ./propla.com/private/backups/20240907_060004-propla_com-database.sql.gz is recent
File ./propla.com/private/backups/20240907_000003-propla_com-database.sql.gz is recent
File ./propla.com/private/backups/20240907_000003-propla_com-site_config_backup.json is recent
set -o pipefail; /usr/bin/mysqldump --user=_d647b2e9b5077953 --host=127.0.0.1 --port=3306 --password=********** --single-transaction --quick --lock-tables=false _d647b2e9b5077953 | /usr/bin/gzip >> ./propla.com/private/backups/20240907_120004-propla_com-database.sql.gz

Backup Summary for propla.com at 2024-09-07 12:00:04.650835
Config  : ./propla.com/private/backups/20240907_120004-propla_com-site_config_backup.json 94.0B
Database: ./propla.com/private/backups/20240907_120004-propla_com-database.sql.gz         271.4KiB
Backup for Site propla.com has been successfully completed
set -o pipefail; /usr/bin/mysqldump --user=_8b3e45756aa1c354 --host=127.0.0.1 --port=3306 --password=********** --single-transaction --quick --lock-tables=false _8b3e45756aa1c354 | /usr/bin/gzip >> ./prop.com/private/backups/20240907_180001-prop_com-database.sql.gz

Backup Summary for prop.com at 2024-09-07 18:00:03.694271
Config  : ./prop.com/private/backups/20240907_180001-prop_com-site_config_backup.json 225.0B
Database: ./prop.com/private/backups/20240907_180001-prop_com-database.sql.gz         5.7MiB
Backup for Site prop.com has been successfully completed
File ./propla.com/private/backups/20240906_120005-propla_com-site_config_backup.json is older than 24 hours
File ./propla.com/private/backups/20240907_120004-propla_com-site_config_backup.json is recent
File ./propla.com/private/backups/20240906_180004-propla_com-site_config_backup.json is recent
File ./propla.com/private/backups/20240907_060004-propla_com-site_config_backup.json is recent
File ./propla.com/private/backups/20240907_060004-propla_com-database.sql.gz is recent
File ./propla.com/private/backups/20240907_120004-propla_com-database.sql.gz is recent
File ./propla.com/private/backups/20240907_000003-propla_com-database.sql.gz is recent
File ./propla.com/private/backups/20240907_000003-propla_com-site_config_backup.json is recent
set -o pipefail; /usr/bin/mysqldump --user=_d647b2e9b5077953 --host=127.0.0.1 --port=3306 --password=********** --single-transaction --quick --lock-tables=false _d647b2e9b5077953 | /usr/bin/gzip >> ./propla.com/private/backups/20240907_180003-propla_com-database.sql.gz

Backup Summary for propla.com at 2024-09-07 18:00:03.913347
Config  : ./propla.com/private/backups/20240907_180003-propla_com-site_config_backup.json 94.0B
Database: ./propla.com/private/backups/20240907_180003-propla_com-database.sql.gz         277.0KiB
Backup for Site propla.com has been successfully completed
set -o pipefail; /usr/bin/mysqldump --user=_8b3e45756aa1c354 --host=127.0.0.1 --port=3306 --password=********** --single-transaction --quick --lock-tables=false _8b3e45756aa1c354 | /usr/bin/gzip >> ./prop.com/private/backups/20240908_000002-prop_com-database.sql.gz

Backup Summary for prop.com at 2024-09-08 00:00:04.545803
Config  : ./prop.com/private/backups/20240908_000002-prop_com-site_config_backup.json 225.0B
Database: ./prop.com/private/backups/20240908_000002-prop_com-database.sql.gz         5.7MiB
Backup for Site prop.com has been successfully completed
File ./propla.com/private/backups/20240907_180003-propla_com-site_config_backup.json is recent
File ./propla.com/private/backups/20240907_120004-propla_com-site_config_backup.json is recent
File ./propla.com/private/backups/20240906_180004-propla_com-site_config_backup.json is older than 24 hours
File ./propla.com/private/backups/20240907_180003-propla_com-database.sql.gz is recent
File ./propla.com/private/backups/20240907_060004-propla_com-site_config_backup.json is recent
File ./propla.com/private/backups/20240907_060004-propla_com-database.sql.gz is recent
File ./propla.com/private/backups/20240907_120004-propla_com-database.sql.gz is recent
File ./propla.com/private/backups/20240907_000003-propla_com-site_config_backup.json is older than 24 hours
set -o pipefail; /usr/bin/mysqldump --user=_d647b2e9b5077953 --host=127.0.0.1 --port=3306 --password=********** --single-transaction --quick --lock-tables=false _d647b2e9b5077953 | /usr/bin/gzip >> ./propla.com/private/backups/20240908_000004-propla_com-database.sql.gz

Backup Summary for propla.com at 2024-09-08 00:00:04.764779
Config  : ./propla.com/private/backups/20240908_000004-propla_com-site_config_backup.json 94.0B
Database: ./propla.com/private/backups/20240908_000004-propla_com-database.sql.gz         282.6KiB
Backup for Site propla.com has been successfully completed
set -o pipefail; /usr/bin/mysqldump --user=_8b3e45756aa1c354 --host=127.0.0.1 --port=3306 --password=********** --single-transaction --quick --lock-tables=false _8b3e45756aa1c354 | /usr/bin/gzip >> ./prop.com/private/backups/20240908_060002-prop_com-database.sql.gz

Backup Summary for prop.com at 2024-09-08 06:00:03.915798
Config  : ./prop.com/private/backups/20240908_060002-prop_com-site_config_backup.json 225.0B
Database: ./prop.com/private/backups/20240908_060002-prop_com-database.sql.gz         5.7MiB
Backup for Site prop.com has been successfully completed
File ./propla.com/private/backups/20240907_180003-propla_com-site_config_backup.json is recent
File ./propla.com/private/backups/20240908_000004-propla_com-database.sql.gz is recent
File ./propla.com/private/backups/20240907_120004-propla_com-site_config_backup.json is recent
File ./propla.com/private/backups/20240907_180003-propla_com-database.sql.gz is recent
File ./propla.com/private/backups/20240907_060004-propla_com-site_config_backup.json is recent
File ./propla.com/private/backups/20240907_120004-propla_com-database.sql.gz is recent
File ./propla.com/private/backups/20240908_000004-propla_com-site_config_backup.json is recent
set -o pipefail; /usr/bin/mysqldump --user=_d647b2e9b5077953 --host=127.0.0.1 --port=3306 --password=********** --single-transaction --quick --lock-tables=false _d647b2e9b5077953 | /usr/bin/gzip >> ./propla.com/private/backups/20240908_060003-propla_com-database.sql.gz

Backup Summary for propla.com at 2024-09-08 06:00:04.125125
Config  : ./propla.com/private/backups/20240908_060003-propla_com-site_config_backup.json 94.0B
Database: ./propla.com/private/backups/20240908_060003-propla_com-database.sql.gz         288.1KiB
Backup for Site propla.com has been successfully completed
set -o pipefail; /usr/bin/mysqldump --user=_8b3e45756aa1c354 --host=127.0.0.1 --port=3306 --password=********** --single-transaction --quick --lock-tables=false _8b3e45756aa1c354 | /usr/bin/gzip >> ./prop.com/private/backups/20240908_120002-prop_com-database.sql.gz

Backup Summary for prop.com at 2024-09-08 12:00:04.359140
Config  : ./prop.com/private/backups/20240908_120002-prop_com-site_config_backup.json 225.0B
Database: ./prop.com/private/backups/20240908_120002-prop_com-database.sql.gz         5.7MiB
Backup for Site prop.com has been successfully completed
File ./propla.com/private/backups/20240907_180003-propla_com-site_config_backup.json is recent
File ./propla.com/private/backups/20240908_060003-propla_com-database.sql.gz is recent
File ./propla.com/private/backups/20240908_000004-propla_com-database.sql.gz is recent
File ./propla.com/private/backups/20240907_120004-propla_com-site_config_backup.json is recent
File ./propla.com/private/backups/20240907_180003-propla_com-database.sql.gz is recent
File ./propla.com/private/backups/20240907_060004-propla_com-site_config_backup.json is older than 24 hours
File ./propla.com/private/backups/20240908_000004-propla_com-site_config_backup.json is recent
File ./propla.com/private/backups/20240908_060003-propla_com-site_config_backup.json is recent
set -o pipefail; /usr/bin/mysqldump --user=_d647b2e9b5077953 --host=127.0.0.1 --port=3306 --password=********** --single-transaction --quick --lock-tables=false _d647b2e9b5077953 | /usr/bin/gzip >> ./propla.com/private/backups/20240908_120004-propla_com-database.sql.gz

Backup Summary for propla.com at 2024-09-08 12:00:04.588286
Config  : ./propla.com/private/backups/20240908_120004-propla_com-site_config_backup.json 94.0B
Database: ./propla.com/private/backups/20240908_120004-propla_com-database.sql.gz         293.7KiB
Backup for Site propla.com has been successfully completed
set -o pipefail; /usr/bin/mysqldump --user=_8b3e45756aa1c354 --host=127.0.0.1 --port=3306 --password=********** --single-transaction --quick --lock-tables=false _8b3e45756aa1c354 | /usr/bin/gzip >> ./prop.com/private/backups/20240908_180001-prop_com-database.sql.gz

Backup Summary for prop.com at 2024-09-08 18:00:03.687706
Config  : ./prop.com/private/backups/20240908_180001-prop_com-site_config_backup.json 225.0B
Database: ./prop.com/private/backups/20240908_180001-prop_com-database.sql.gz         5.7MiB
Backup for Site prop.com has been successfully completed
File ./propla.com/private/backups/20240907_180003-propla_com-site_config_backup.json is recent
File ./propla.com/private/backups/20240908_060003-propla_com-database.sql.gz is recent
File ./propla.com/private/backups/20240908_000004-propla_com-database.sql.gz is recent
File ./propla.com/private/backups/20240907_120004-propla_com-site_config_backup.json is older than 24 hours
File ./propla.com/private/backups/20240908_120004-propla_com-database.sql.gz is recent
File ./propla.com/private/backups/20240908_000004-propla_com-site_config_backup.json is recent
File ./propla.com/private/backups/20240908_120004-propla_com-site_config_backup.json is recent
File ./propla.com/private/backups/20240908_060003-propla_com-site_config_backup.json is recent
set -o pipefail; /usr/bin/mysqldump --user=_d647b2e9b5077953 --host=127.0.0.1 --port=3306 --password=********** --single-transaction --quick --lock-tables=false _d647b2e9b5077953 | /usr/bin/gzip >> ./propla.com/private/backups/20240908_180003-propla_com-database.sql.gz

Backup Summary for propla.com at 2024-09-08 18:00:03.912595
Config  : ./propla.com/private/backups/20240908_180003-propla_com-site_config_backup.json 94.0B
Database: ./propla.com/private/backups/20240908_180003-propla_com-database.sql.gz         299.3KiB
Backup for Site propla.com has been successfully completed
set -o pipefail; /usr/bin/mysqldump --user=_8b3e45756aa1c354 --host=127.0.0.1 --port=3306 --password=********** --single-transaction --quick --lock-tables=false _8b3e45756aa1c354 | /usr/bin/gzip >> ./prop.com/private/backups/20240909_000001-prop_com-database.sql.gz

Backup Summary for prop.com at 2024-09-09 00:00:03.631975
Config  : ./prop.com/private/backups/20240909_000001-prop_com-site_config_backup.json 225.0B
Database: ./prop.com/private/backups/20240909_000001-prop_com-database.sql.gz         5.7MiB
Backup for Site prop.com has been successfully completed
File ./propla.com/private/backups/20240907_180003-propla_com-site_config_backup.json is older than 24 hours
File ./propla.com/private/backups/20240908_060003-propla_com-database.sql.gz is recent
File ./propla.com/private/backups/20240908_180003-propla_com-site_config_backup.json is recent
File ./propla.com/private/backups/20240908_120004-propla_com-database.sql.gz is recent
File ./propla.com/private/backups/20240908_180003-propla_com-database.sql.gz is recent
File ./propla.com/private/backups/20240908_000004-propla_com-site_config_backup.json is recent
File ./propla.com/private/backups/20240908_120004-propla_com-site_config_backup.json is recent
File ./propla.com/private/backups/20240908_060003-propla_com-site_config_backup.json is recent
set -o pipefail; /usr/bin/mysqldump --user=_d647b2e9b5077953 --host=127.0.0.1 --port=3306 --password=********** --single-transaction --quick --lock-tables=false _d647b2e9b5077953 | /usr/bin/gzip >> ./propla.com/private/backups/20240909_000003-propla_com-database.sql.gz

Backup Summary for propla.com at 2024-09-09 00:00:03.863146
Config  : ./propla.com/private/backups/20240909_000003-propla_com-site_config_backup.json 94.0B
Database: ./propla.com/private/backups/20240909_000003-propla_com-database.sql.gz         304.9KiB
Backup for Site propla.com has been successfully completed
set -o pipefail; /usr/bin/mysqldump --user=_8b3e45756aa1c354 --host=127.0.0.1 --port=3306 --password=********** --single-transaction --quick --lock-tables=false _8b3e45756aa1c354 | /usr/bin/gzip >> ./prop.com/private/backups/20240909_060001-prop_com-database.sql.gz

Backup Summary for prop.com at 2024-09-09 06:00:03.731978
Config  : ./prop.com/private/backups/20240909_060001-prop_com-site_config_backup.json 225.0B
Database: ./prop.com/private/backups/20240909_060001-prop_com-database.sql.gz         5.7MiB
Backup for Site prop.com has been successfully completed
File ./propla.com/private/backups/20240909_000003-propla_com-site_config_backup.json is recent
File ./propla.com/private/backups/20240908_180003-propla_com-site_config_backup.json is recent
File ./propla.com/private/backups/20240908_120004-propla_com-database.sql.gz is recent
File ./propla.com/private/backups/20240909_000003-propla_com-database.sql.gz is recent
File ./propla.com/private/backups/20240908_180003-propla_com-database.sql.gz is recent
File ./propla.com/private/backups/20240908_000004-propla_com-site_config_backup.json is older than 24 hours
File ./propla.com/private/backups/20240908_120004-propla_com-site_config_backup.json is recent
File ./propla.com/private/backups/20240908_060003-propla_com-site_config_backup.json is recent
set -o pipefail; /usr/bin/mysqldump --user=_d647b2e9b5077953 --host=127.0.0.1 --port=3306 --password=********** --single-transaction --quick --lock-tables=false _d647b2e9b5077953 | /usr/bin/gzip >> ./propla.com/private/backups/20240909_060003-propla_com-database.sql.gz

Backup Summary for propla.com at 2024-09-09 06:00:03.959247
Config  : ./propla.com/private/backups/20240909_060003-propla_com-site_config_backup.json 94.0B
Database: ./propla.com/private/backups/20240909_060003-propla_com-database.sql.gz         310.9KiB
Backup for Site propla.com has been successfully completed
set -o pipefail; /usr/bin/mysqldump --user=_8b3e45756aa1c354 --host=127.0.0.1 --port=3306 --password=********** --single-transaction --quick --lock-tables=false _8b3e45756aa1c354 | /usr/bin/gzip >> ./prop.com/private/backups/20240909_120002-prop_com-database.sql.gz

Backup Summary for prop.com at 2024-09-09 12:00:04.212035
Config  : ./prop.com/private/backups/20240909_120002-prop_com-site_config_backup.json 225.0B
Database: ./prop.com/private/backups/20240909_120002-prop_com-database.sql.gz         5.7MiB
Backup for Site prop.com has been successfully completed
File ./propla.com/private/backups/20240909_000003-propla_com-site_config_backup.json is recent
File ./propla.com/private/backups/20240908_180003-propla_com-site_config_backup.json is recent
File ./propla.com/private/backups/20240909_060003-propla_com-database.sql.gz is recent
File ./propla.com/private/backups/20240909_000003-propla_com-database.sql.gz is recent
File ./propla.com/private/backups/20240908_180003-propla_com-database.sql.gz is recent
File ./propla.com/private/backups/20240909_060003-propla_com-site_config_backup.json is recent
File ./propla.com/private/backups/20240908_120004-propla_com-site_config_backup.json is recent
File ./propla.com/private/backups/20240908_060003-propla_com-site_config_backup.json is older than 24 hours
set -o pipefail; /usr/bin/mysqldump --user=_d647b2e9b5077953 --host=127.0.0.1 --port=3306 --password=********** --single-transaction --quick --lock-tables=false _d647b2e9b5077953 | /usr/bin/gzip >> ./propla.com/private/backups/20240909_120004-propla_com-database.sql.gz

Backup Summary for propla.com at 2024-09-09 12:00:04.428094
Config  : ./propla.com/private/backups/20240909_120004-propla_com-site_config_backup.json 94.0B
Database: ./propla.com/private/backups/20240909_120004-propla_com-database.sql.gz         316.4KiB
Backup for Site propla.com has been successfully completed
set -o pipefail; /usr/bin/mysqldump --user=_8b3e45756aa1c354 --host=127.0.0.1 --port=3306 --password=********** --single-transaction --quick --lock-tables=false _8b3e45756aa1c354 | /usr/bin/gzip >> ./prop.com/private/backups/20240909_180002-prop_com-database.sql.gz

Backup Summary for prop.com at 2024-09-09 18:00:04.250882
Config  : ./prop.com/private/backups/20240909_180002-prop_com-site_config_backup.json 225.0B
Database: ./prop.com/private/backups/20240909_180002-prop_com-database.sql.gz         5.7MiB
Backup for Site prop.com has been successfully completed
File ./propla.com/private/backups/20240909_000003-propla_com-site_config_backup.json is recent
File ./propla.com/private/backups/20240909_120004-propla_com-site_config_backup.json is recent
File ./propla.com/private/backups/20240908_180003-propla_com-site_config_backup.json is older than 24 hours
File ./propla.com/private/backups/20240909_120004-propla_com-database.sql.gz is recent
File ./propla.com/private/backups/20240909_060003-propla_com-database.sql.gz is recent
File ./propla.com/private/backups/20240909_000003-propla_com-database.sql.gz is recent
File ./propla.com/private/backups/20240909_060003-propla_com-site_config_backup.json is recent
File ./propla.com/private/backups/20240908_120004-propla_com-site_config_backup.json is older than 24 hours
set -o pipefail; /usr/bin/mysqldump --user=_d647b2e9b5077953 --host=127.0.0.1 --port=3306 --password=********** --single-transaction --quick --lock-tables=false _d647b2e9b5077953 | /usr/bin/gzip >> ./propla.com/private/backups/20240909_180004-propla_com-database.sql.gz

Backup Summary for propla.com at 2024-09-09 18:00:04.476557
Config  : ./propla.com/private/backups/20240909_180004-propla_com-site_config_backup.json 94.0B
Database: ./propla.com/private/backups/20240909_180004-propla_com-database.sql.gz         319.6KiB
Backup for Site propla.com has been successfully completed
set -o pipefail; /usr/bin/mysqldump --user=_8b3e45756aa1c354 --host=127.0.0.1 --port=3306 --password=********** --single-transaction --quick --lock-tables=false _8b3e45756aa1c354 | /usr/bin/gzip >> ./prop.com/private/backups/20240910_000001-prop_com-database.sql.gz

Backup Summary for prop.com at 2024-09-10 00:00:03.802384
Config  : ./prop.com/private/backups/20240910_000001-prop_com-site_config_backup.json 225.0B
Database: ./prop.com/private/backups/20240910_000001-prop_com-database.sql.gz         5.7MiB
Backup for Site prop.com has been successfully completed
File ./propla.com/private/backups/20240909_000003-propla_com-site_config_backup.json is recent
File ./propla.com/private/backups/20240909_120004-propla_com-site_config_backup.json is recent
File ./propla.com/private/backups/20240909_180004-propla_com-site_config_backup.json is recent
File ./propla.com/private/backups/20240909_120004-propla_com-database.sql.gz is recent
File ./propla.com/private/backups/20240909_060003-propla_com-database.sql.gz is recent
File ./propla.com/private/backups/20240909_000003-propla_com-database.sql.gz is recent
File ./propla.com/private/backups/20240909_060003-propla_com-site_config_backup.json is recent
File ./propla.com/private/backups/20240909_180004-propla_com-database.sql.gz is recent
set -o pipefail; /usr/bin/mysqldump --user=_d647b2e9b5077953 --host=127.0.0.1 --port=3306 --password=********** --single-transaction --quick --lock-tables=false _d647b2e9b5077953 | /usr/bin/gzip >> ./propla.com/private/backups/20240910_000003-propla_com-database.sql.gz

Backup Summary for propla.com at 2024-09-10 00:00:04.023194
Config  : ./propla.com/private/backups/20240910_000003-propla_com-site_config_backup.json 94.0B
Database: ./propla.com/private/backups/20240910_000003-propla_com-database.sql.gz         319.6KiB
Backup for Site propla.com has been successfully completed
set -o pipefail; /usr/bin/mysqldump --user=_8b3e45756aa1c354 --host=127.0.0.1 --port=3306 --password=********** --single-transaction --quick --lock-tables=false _8b3e45756aa1c354 | /usr/bin/gzip >> ./prop.com/private/backups/20240910_060002-prop_com-database.sql.gz

Backup Summary for prop.com at 2024-09-10 06:00:04.024195
Config  : ./prop.com/private/backups/20240910_060002-prop_com-site_config_backup.json 225.0B
Database: ./prop.com/private/backups/20240910_060002-prop_com-database.sql.gz         5.7MiB
Backup for Site prop.com has been successfully completed
File ./propla.com/private/backups/20240910_000003-propla_com-site_config_backup.json is recent
File ./propla.com/private/backups/20240909_000003-propla_com-site_config_backup.json is older than 24 hours
File ./propla.com/private/backups/20240909_120004-propla_com-site_config_backup.json is recent
File ./propla.com/private/backups/20240910_000003-propla_com-database.sql.gz is recent
File ./propla.com/private/backups/20240909_180004-propla_com-site_config_backup.json is recent
File ./propla.com/private/backups/20240909_120004-propla_com-database.sql.gz is recent
File ./propla.com/private/backups/20240909_060003-propla_com-database.sql.gz is older than 24 hours
File ./propla.com/private/backups/20240909_000003-propla_com-database.sql.gz is older than 24 hours
File ./propla.com/private/backups/20240909_060003-propla_com-site_config_backup.json is older than 24 hours
File ./propla.com/private/backups/20240909_180004-propla_com-database.sql.gz is recent
set -o pipefail; /usr/bin/mysqldump --user=_d647b2e9b5077953 --host=127.0.0.1 --port=3306 --password=********** --single-transaction --quick --lock-tables=false _d647b2e9b5077953 | /usr/bin/gzip >> ./propla.com/private/backups/20240910_060004-propla_com-database.sql.gz

Backup Summary for propla.com at 2024-09-10 06:00:04.250214
Config  : ./propla.com/private/backups/20240910_060004-propla_com-site_config_backup.json 94.0B
Database: ./propla.com/private/backups/20240910_060004-propla_com-database.sql.gz         319.6KiB
Backup for Site propla.com has been successfully completed
set -o pipefail; /usr/bin/mysqldump --user=_8b3e45756aa1c354 --host=127.0.0.1 --port=3306 --password=********** --single-transaction --quick --lock-tables=false _8b3e45756aa1c354 | /usr/bin/gzip >> ./prop.com/private/backups/20240910_120002-prop_com-database.sql.gz

Backup Summary for prop.com at 2024-09-10 12:00:04.671279
Config  : ./prop.com/private/backups/20240910_120002-prop_com-site_config_backup.json 225.0B
Database: ./prop.com/private/backups/20240910_120002-prop_com-database.sql.gz         5.7MiB
Backup for Site prop.com has been successfully completed
File ./propla.com/private/backups/20240910_000003-propla_com-site_config_backup.json is recent
File ./propla.com/private/backups/20240909_120004-propla_com-site_config_backup.json is older than 24 hours
File ./propla.com/private/backups/20240910_000003-propla_com-database.sql.gz is recent
File ./propla.com/private/backups/20240909_180004-propla_com-site_config_backup.json is recent
File ./propla.com/private/backups/20240910_060004-propla_com-database.sql.gz is recent
File ./propla.com/private/backups/20240909_120004-propla_com-database.sql.gz is older than 24 hours
File ./propla.com/private/backups/20240910_060004-propla_com-site_config_backup.json is recent
File ./propla.com/private/backups/20240909_180004-propla_com-database.sql.gz is recent
set -o pipefail; /usr/bin/mysqldump --user=_d647b2e9b5077953 --host=127.0.0.1 --port=3306 --password=********** --single-transaction --quick --lock-tables=false _d647b2e9b5077953 | /usr/bin/gzip >> ./propla.com/private/backups/20240910_120004-propla_com-database.sql.gz

Backup Summary for propla.com at 2024-09-10 12:00:04.913867
Config  : ./propla.com/private/backups/20240910_120004-propla_com-site_config_backup.json 94.0B
Database: ./propla.com/private/backups/20240910_120004-propla_com-database.sql.gz         319.6KiB
Backup for Site propla.com has been successfully completed
set -o pipefail; /usr/bin/mysqldump --user=_8b3e45756aa1c354 --host=127.0.0.1 --port=3306 --password=********** --single-transaction --quick --lock-tables=false _8b3e45756aa1c354 | /usr/bin/gzip >> ./prop.com/private/backups/20240910_180002-prop_com-database.sql.gz

Backup Summary for prop.com at 2024-09-10 18:00:06.480238
Config  : ./prop.com/private/backups/20240910_180002-prop_com-site_config_backup.json 225.0B
Database: ./prop.com/private/backups/20240910_180002-prop_com-database.sql.gz         5.7MiB
Backup for Site prop.com has been successfully completed
File ./propla.com/private/backups/20240910_000003-propla_com-site_config_backup.json is recent
File ./propla.com/private/backups/20240910_120004-propla_com-database.sql.gz is recent
File ./propla.com/private/backups/20240910_000003-propla_com-database.sql.gz is recent
File ./propla.com/private/backups/20240909_180004-propla_com-site_config_backup.json is older than 24 hours
File ./propla.com/private/backups/20240910_120004-propla_com-site_config_backup.json is recent
File ./propla.com/private/backups/20240910_060004-propla_com-database.sql.gz is recent
File ./propla.com/private/backups/20240910_060004-propla_com-site_config_backup.json is recent
set -o pipefail; /usr/bin/mysqldump --user=_d647b2e9b5077953 --host=127.0.0.1 --port=3306 --password=********** --single-transaction --quick --lock-tables=false _d647b2e9b5077953 | /usr/bin/gzip >> ./propla.com/private/backups/20240910_180006-propla_com-database.sql.gz

Backup Summary for propla.com at 2024-09-10 18:00:06.929083
Config  : ./propla.com/private/backups/20240910_180006-propla_com-site_config_backup.json 94.0B
Database: ./propla.com/private/backups/20240910_180006-propla_com-database.sql.gz         315.7KiB
Backup for Site propla.com has been successfully completed
set -o pipefail; /usr/bin/mysqldump --user=_8b3e45756aa1c354 --host=127.0.0.1 --port=3306 --password=********** --single-transaction --quick --lock-tables=false _8b3e45756aa1c354 | /usr/bin/gzip >> ./prop.com/private/backups/20240911_120002-prop_com-database.sql.gz

Backup Summary for prop.com at 2024-09-11 12:00:06.018247
Config  : ./prop.com/private/backups/20240911_120002-prop_com-site_config_backup.json 225.0B
Database: ./prop.com/private/backups/20240911_120002-prop_com-database.sql.gz         5.7MiB
Backup for Site prop.com has been successfully completed
File ./propla.com/private/backups/20240910_000003-propla_com-site_config_backup.json is older than 24 hours
File ./propla.com/private/backups/20240910_180006-propla_com-database.sql.gz is recent
File ./propla.com/private/backups/20240910_120004-propla_com-database.sql.gz is older than 24 hours
File ./propla.com/private/backups/20240910_000003-propla_com-database.sql.gz is older than 24 hours
File ./propla.com/private/backups/20240910_120004-propla_com-site_config_backup.json is older than 24 hours
File ./propla.com/private/backups/20240910_060004-propla_com-database.sql.gz is older than 24 hours
File ./propla.com/private/backups/20240910_060004-propla_com-site_config_backup.json is older than 24 hours
File ./propla.com/private/backups/20240910_180006-propla_com-site_config_backup.json is recent
set -o pipefail; /usr/bin/mysqldump --user=_d647b2e9b5077953 --host=127.0.0.1 --port=3306 --password=********** --single-transaction --quick --lock-tables=false _d647b2e9b5077953 | /usr/bin/gzip >> ./propla.com/private/backups/20240911_120006-propla_com-database.sql.gz

Backup Summary for propla.com at 2024-09-11 12:00:06.568019
Config  : ./propla.com/private/backups/20240911_120006-propla_com-site_config_backup.json 94.0B
Database: ./propla.com/private/backups/20240911_120006-propla_com-database.sql.gz         315.7KiB
Backup for Site propla.com has been successfully completed
set -o pipefail; /usr/bin/mysqldump --user=_8b3e45756aa1c354 --host=127.0.0.1 --port=3306 --password=********** --single-transaction --quick --lock-tables=false _8b3e45756aa1c354 | /usr/bin/gzip >> ./prop.com/private/backups/20240911_180002-prop_com-database.sql.gz

Backup Summary for prop.com at 2024-09-11 18:00:06.063418
Config  : ./prop.com/private/backups/20240911_180002-prop_com-site_config_backup.json 225.0B
Database: ./prop.com/private/backups/20240911_180002-prop_com-database.sql.gz         5.7MiB
Backup for Site prop.com has been successfully completed
File ./propla.com/private/backups/20240910_180006-propla_com-database.sql.gz is recent
File ./propla.com/private/backups/20240911_120006-propla_com-database.sql.gz is recent
File ./propla.com/private/backups/20240911_120006-propla_com-site_config_backup.json is recent
File ./propla.com/private/backups/20240910_180006-propla_com-site_config_backup.json is recent
set -o pipefail; /usr/bin/mysqldump --user=_d647b2e9b5077953 --host=127.0.0.1 --port=3306 --password=********** --single-transaction --quick --lock-tables=false _d647b2e9b5077953 | /usr/bin/gzip >> ./propla.com/private/backups/20240911_180006-propla_com-database.sql.gz

Backup Summary for propla.com at 2024-09-11 18:00:06.830277
Config  : ./propla.com/private/backups/20240911_180006-propla_com-site_config_backup.json 94.0B
Database: ./propla.com/private/backups/20240911_180006-propla_com-database.sql.gz         315.7KiB
Backup for Site propla.com has been successfully completed
set -o pipefail; /usr/bin/mysqldump --user=_8b3e45756aa1c354 --host=127.0.0.1 --port=3306 --password=********** --single-transaction --quick --lock-tables=false _8b3e45756aa1c354 | /usr/bin/gzip >> ./prop.com/private/backups/20240912_120002-prop_com-database.sql.gz

Backup Summary for prop.com at 2024-09-12 12:00:05.047666
Config  : ./prop.com/private/backups/20240912_120002-prop_com-site_config_backup.json 225.0B
Database: ./prop.com/private/backups/20240912_120002-prop_com-database.sql.gz         5.7MiB
Backup for Site prop.com has been successfully completed
File ./propla.com/private/backups/20240910_180006-propla_com-database.sql.gz is older than 24 hours
File ./propla.com/private/backups/20240911_120006-propla_com-database.sql.gz is recent
File ./propla.com/private/backups/20240911_180006-propla_com-database.sql.gz is recent
File ./propla.com/private/backups/20240911_180006-propla_com-site_config_backup.json is recent
File ./propla.com/private/backups/20240911_120006-propla_com-site_config_backup.json is recent
File ./propla.com/private/backups/20240910_180006-propla_com-site_config_backup.json is older than 24 hours
set -o pipefail; /usr/bin/mysqldump --user=_d647b2e9b5077953 --host=127.0.0.1 --port=3306 --password=********** --single-transaction --quick --lock-tables=false _d647b2e9b5077953 | /usr/bin/gzip >> ./propla.com/private/backups/20240912_120005-propla_com-database.sql.gz

Backup Summary for propla.com at 2024-09-12 12:00:06.234681
Config  : ./propla.com/private/backups/20240912_120005-propla_com-site_config_backup.json 94.0B
Database: ./propla.com/private/backups/20240912_120005-propla_com-database.sql.gz         315.7KiB
Backup for Site propla.com has been successfully completed
set -o pipefail; /usr/bin/mysqldump --user=_8b3e45756aa1c354 --host=127.0.0.1 --port=3306 --password=********** --single-transaction --quick --lock-tables=false _8b3e45756aa1c354 | /usr/bin/gzip >> ./prop.com/private/backups/20240912_180003-prop_com-database.sql.gz

Backup Summary for prop.com at 2024-09-12 18:00:14.357214
Config  : ./prop.com/private/backups/20240912_180003-prop_com-site_config_backup.json 225.0B
Database: ./prop.com/private/backups/20240912_180003-prop_com-database.sql.gz         5.7MiB
Backup for Site prop.com has been successfully completed
File ./propla.com/private/backups/20240912_120005-propla_com-database.sql.gz is recent
File ./propla.com/private/backups/20240911_120006-propla_com-database.sql.gz is older than 24 hours
File ./propla.com/private/backups/20240911_180006-propla_com-database.sql.gz is older than 24 hours
File ./propla.com/private/backups/20240912_120005-propla_com-site_config_backup.json is recent
File ./propla.com/private/backups/20240911_180006-propla_com-site_config_backup.json is older than 24 hours
File ./propla.com/private/backups/20240911_120006-propla_com-site_config_backup.json is older than 24 hours
set -o pipefail; /usr/bin/mysqldump --user=_d647b2e9b5077953 --host=127.0.0.1 --port=3306 --password=********** --single-transaction --quick --lock-tables=false _d647b2e9b5077953 | /usr/bin/gzip >> ./propla.com/private/backups/20240912_180014-propla_com-database.sql.gz

Backup Summary for propla.com at 2024-09-12 18:00:15.880387
Config  : ./propla.com/private/backups/20240912_180014-propla_com-site_config_backup.json 94.0B
Database: ./propla.com/private/backups/20240912_180014-propla_com-database.sql.gz         315.7KiB
Backup for Site propla.com has been successfully completed
set -o pipefail; /usr/bin/mysqldump --user=_8b3e45756aa1c354 --host=127.0.0.1 --port=3306 --password=********** --single-transaction --quick --lock-tables=false _8b3e45756aa1c354 | /usr/bin/gzip >> ./prop.com/private/backups/20240913_120002-prop_com-database.sql.gz

Backup Summary for prop.com at 2024-09-13 12:00:03.840052
Config  : ./prop.com/private/backups/20240913_120002-prop_com-site_config_backup.json 225.0B
Database: ./prop.com/private/backups/20240913_120002-prop_com-database.sql.gz         5.7MiB
Backup for Site prop.com has been successfully completed
File ./propla.com/private/backups/20240912_120005-propla_com-database.sql.gz is recent
File ./propla.com/private/backups/20240912_120005-propla_com-site_config_backup.json is recent
File ./propla.com/private/backups/20240912_180014-propla_com-database.sql.gz is recent
File ./propla.com/private/backups/20240912_180014-propla_com-site_config_backup.json is recent
set -o pipefail; /usr/bin/mysqldump --user=_d647b2e9b5077953 --host=127.0.0.1 --port=3306 --password=********** --single-transaction --quick --lock-tables=false _d647b2e9b5077953 | /usr/bin/gzip >> ./propla.com/private/backups/20240913_120003-propla_com-database.sql.gz

Backup Summary for propla.com at 2024-09-13 12:00:04.286751
Config  : ./propla.com/private/backups/20240913_120003-propla_com-site_config_backup.json 94.0B
Database: ./propla.com/private/backups/20240913_120003-propla_com-database.sql.gz         298.7KiB
Backup for Site propla.com has been successfully completed
set -o pipefail; /usr/bin/mysqldump --user=_8b3e45756aa1c354 --host=127.0.0.1 --port=3306 --password=********** --single-transaction --quick --lock-tables=false _8b3e45756aa1c354 | /usr/bin/gzip >> ./prop.com/private/backups/20240913_180002-prop_com-database.sql.gz

Backup Summary for prop.com at 2024-09-13 18:00:04.395703
Config  : ./prop.com/private/backups/20240913_180002-prop_com-site_config_backup.json 225.0B
Database: ./prop.com/private/backups/20240913_180002-prop_com-database.sql.gz         5.7MiB
Backup for Site prop.com has been successfully completed
File ./propla.com/private/backups/20240912_120005-propla_com-database.sql.gz is older than 24 hours
File ./propla.com/private/backups/20240913_120003-propla_com-database.sql.gz is recent
File ./propla.com/private/backups/20240913_120003-propla_com-site_config_backup.json is recent
File ./propla.com/private/backups/20240912_120005-propla_com-site_config_backup.json is older than 24 hours
File ./propla.com/private/backups/20240912_180014-propla_com-database.sql.gz is recent
File ./propla.com/private/backups/20240912_180014-propla_com-site_config_backup.json is recent
set -o pipefail; /usr/bin/mysqldump --user=_d647b2e9b5077953 --host=127.0.0.1 --port=3306 --password=********** --single-transaction --quick --lock-tables=false _d647b2e9b5077953 | /usr/bin/gzip >> ./propla.com/private/backups/20240913_180004-propla_com-database.sql.gz

Backup Summary for propla.com at 2024-09-13 18:00:05.263852
Config  : ./propla.com/private/backups/20240913_180004-propla_com-site_config_backup.json 94.0B
Database: ./propla.com/private/backups/20240913_180004-propla_com-database.sql.gz         303.9KiB
Backup for Site propla.com has been successfully completed
set -o pipefail; /usr/bin/mysqldump --user=_8b3e45756aa1c354 --host=127.0.0.1 --port=3306 --password=********** --single-transaction --quick --lock-tables=false _8b3e45756aa1c354 | /usr/bin/gzip >> ./prop.com/private/backups/20240914_120002-prop_com-database.sql.gz

Backup Summary for prop.com at 2024-09-14 12:00:04.320936
Config  : ./prop.com/private/backups/20240914_120002-prop_com-site_config_backup.json 225.0B
Database: ./prop.com/private/backups/20240914_120002-prop_com-database.sql.gz         5.7MiB
Backup for Site prop.com has been successfully completed
File ./propla.com/private/backups/20240913_180004-propla_com-database.sql.gz is recent
File ./propla.com/private/backups/20240913_120003-propla_com-database.sql.gz is older than 24 hours
File ./propla.com/private/backups/20240913_120003-propla_com-site_config_backup.json is older than 24 hours
File ./propla.com/private/backups/20240913_180004-propla_com-site_config_backup.json is recent
File ./propla.com/private/backups/20240912_180014-propla_com-database.sql.gz is older than 24 hours
File ./propla.com/private/backups/20240912_180014-propla_com-site_config_backup.json is older than 24 hours
set -o pipefail; /usr/bin/mysqldump --user=_d647b2e9b5077953 --host=127.0.0.1 --port=3306 --password=********** --single-transaction --quick --lock-tables=false _d647b2e9b5077953 | /usr/bin/gzip >> ./propla.com/private/backups/20240914_120004-propla_com-database.sql.gz

Backup Summary for propla.com at 2024-09-14 12:00:05.150583
Config  : ./propla.com/private/backups/20240914_120004-propla_com-site_config_backup.json 94.0B
Database: ./propla.com/private/backups/20240914_120004-propla_com-database.sql.gz         286.4KiB
Backup for Site propla.com has been successfully completed
set -o pipefail; /usr/bin/mysqldump --user=_8b3e45756aa1c354 --host=127.0.0.1 --port=3306 --password=********** --single-transaction --quick --lock-tables=false _8b3e45756aa1c354 | /usr/bin/gzip >> ./prop.com/private/backups/20240914_180002-prop_com-database.sql.gz

Backup Summary for prop.com at 2024-09-14 18:00:04.475192
Config  : ./prop.com/private/backups/20240914_180002-prop_com-site_config_backup.json 225.0B
Database: ./prop.com/private/backups/20240914_180002-prop_com-database.sql.gz         5.7MiB
Backup for Site prop.com has been successfully completed
File ./propla.com/private/backups/20240914_120004-propla_com-site_config_backup.json is recent
File ./propla.com/private/backups/20240913_180004-propla_com-database.sql.gz is recent
File ./propla.com/private/backups/20240914_120004-propla_com-database.sql.gz is recent
File ./propla.com/private/backups/20240913_180004-propla_com-site_config_backup.json is recent
set -o pipefail; /usr/bin/mysqldump --user=_d647b2e9b5077953 --host=127.0.0.1 --port=3306 --password=********** --single-transaction --quick --lock-tables=false _d647b2e9b5077953 | /usr/bin/gzip >> ./propla.com/private/backups/20240914_180004-propla_com-database.sql.gz

Backup Summary for propla.com at 2024-09-14 18:00:04.893365
Config  : ./propla.com/private/backups/20240914_180004-propla_com-site_config_backup.json 94.0B
Database: ./propla.com/private/backups/20240914_180004-propla_com-database.sql.gz         288.1KiB
Backup for Site propla.com has been successfully completed
Backup failed for Site prop.com. Database or site_config.json may be corrupted
Traceback with variables (most recent call last):
  File "apps/frappe/frappe/commands/site.py", line 775, in backup
    odb = scheduled_backup(
      context = {'sites': ['prop.com', 'propla.com'], 'force': False, 'verbose': True, 'profile': False}
      with_files = False
      backup_path = None
      backup_path_db = None
      backup_path_files = None
      backup_path_private_files = None
      backup_path_conf = None
      ignore_backup_conf = False
      verbose = True
      compress = False
      include = ''
      exclude = ''
      old_backup_metadata = False
      scheduled_backup = <function scheduled_backup at 0x7fc1f06b5ee0>
      exit_code = 0
      rollback_callback = None
      site = 'prop.com'
  File "apps/frappe/frappe/utils/backups.py", line 564, in scheduled_backup
    return new_backup(
      older_than = 6
      ignore_files = True
      backup_path = None
      backup_path_db = None
      backup_path_files = None
      backup_path_private_files = None
      backup_path_conf = None
      ignore_conf = False
      include_doctypes = ''
      exclude_doctypes = ''
      compress = False
      force = True
      verbose = True
      old_backup_metadata = False
      rollback_callback = <frappe.utils.CallbackManager object at 0x7fc1ef574ac0>
  File "apps/frappe/frappe/utils/backups.py", line 621, in new_backup
    odb.get_backup(older_than, ignore_files, force=force)
      older_than = 6
      ignore_files = True
      backup_path = None
      backup_path_db = None
      backup_path_files = None
      backup_path_private_files = None
      backup_path_conf = None
      ignore_conf = False
      include_doctypes = ''
      exclude_doctypes = ''
      compress = False
      force = True
      verbose = True
      old_backup_metadata = False
      rollback_callback = <frappe.utils.CallbackManager object at 0x7fc1ef574ac0>
      odb = <frappe.utils.backups.BackupGenerator object at 0x7fc1ef633450>
  File "apps/frappe/frappe/utils/backups.py", line 190, in get_backup
    self.set_backup_file_name()
      self = <frappe.utils.backups.BackupGenerator object at 0x7fc1ef633450>
      older_than = 6
      ignore_files = True
      force = True
      last_db = False
      last_file = False
      last_private_file = False
      site_config_backup_path = False
  File "apps/frappe/frappe/utils/backups.py", line 212, in set_backup_file_name
    enc = "-enc" if frappe.get_system_settings("encrypt_backup") else ""
      self = <frappe.utils.backups.BackupGenerator object at 0x7fc1ef633450>
      partial = ''
      ext = 'tar'
  File "apps/frappe/frappe/__init__.py", line 2389, in get_system_settings
    local.system_settings = get_cached_doc("System Settings")
      key = ********
  File "apps/frappe/frappe/__init__.py", line 1207, in get_cached_doc
    doc = get_doc(*args, **kwargs)
      args = ('System Settings',)
      kwargs = {}
      key = ********
      doc = None
  File "apps/frappe/frappe/__init__.py", line 1333, in get_doc
    doc = frappe.model.document.get_doc(*args, **kwargs)
      args = ('System Settings',)
      kwargs = {}
      frappe = <module 'frappe' from 'apps/frappe/frappe/__init__.py'>
  File "apps/frappe/frappe/model/document.py", line 83, in get_doc
    controller = get_controller(doctype)
      args = ('System Settings',)
      kwargs = {}
      doctype = 'System Settings'
  File "apps/frappe/frappe/model/base_document.py", line 70, in get_controller
    site_controllers[doctype] = import_controller(doctype)
      doctype = 'System Settings'
      site_controllers = {}
  File "apps/frappe/frappe/model/base_document.py", line 81, in import_controller
    doctype_info = frappe.db.get_value("DocType", doctype, fieldname="*")
      doctype = 'System Settings'
      Document = <class 'frappe.model.document.Document'>
      NestedSet = <class 'frappe.utils.nestedset.NestedSet'>
      module_name = 'Core'
  File "apps/frappe/frappe/database/database.py", line 519, in get_value
    result = self.get_values(
      self = <frappe.database.mariadb.database.MariaDBDatabase object at 0x7fc1f072eb90>
      doctype = 'DocType'
      filters = 'System Settings'
      fieldname = '*'
      ignore = None
      as_dict = False
      debug = False
      order_by = 'KEEP_DEFAULT_ORDERING'
      cache = False
      for_update = False
      run = True
      pluck = False
      distinct = False
      skip_locked = False
      wait = True
  File "apps/frappe/frappe/database/database.py", line 648, in get_values
    out = self.get_values_from_single(
      self = <frappe.database.mariadb.database.MariaDBDatabase object at 0x7fc1f072eb90>
      doctype = 'DocType'
      filters = 'System Settings'
      fieldname = '*'
      ignore = None
      as_dict = False
      debug = False
      order_by = 'modified'
      update = None
      cache = False
      for_update = False
      run = True
      pluck = False
      distinct = False
      limit = 1
      skip_locked = False
      wait = True
      out = None
      fields = '*'
  File "apps/frappe/frappe/database/database.py", line 685, in get_values_from_single
    values = self.get_singles_dict(doctype)
      self = <frappe.database.mariadb.database.MariaDBDatabase object at 0x7fc1f072eb90>
      fields = '*'
      filters = 'System Settings'
      doctype = 'DocType'
      as_dict = False
      debug = False
      update = None
      run = True
      pluck = False
      distinct = False
  File "apps/frappe/frappe/database/database.py", line 738, in get_singles_dict
    ).run(debug=debug)
      self = <frappe.database.mariadb.database.MariaDBDatabase object at 0x7fc1f072eb90>
      doctype = 'DocType'
      debug = False
      for_update = False
      cast = False
  File "apps/frappe/frappe/query_builder/utils.py", line 87, in execute_query
    result = frappe.db.sql(query, params, *args, **kwargs)  # nosemgrep
      query = 'SELECT `field`,`value` FROM `tabSingles` WHERE `doctype`=%(param1)s'
      args = ()
      kwargs = {'debug': False}
      child_queries = []
      params = {'param1': 'DocType'}
      execute_child_queries = <function patch_query_execute.<locals>.execute_child_queries at 0x7fc1ef57aca0>
      prepare_query = <function patch_query_execute.<locals>.prepare_query at 0x7fc1ef57ad40>
  File "apps/frappe/frappe/database/database.py", line 234, in sql
    self._cursor.execute(query, values)
      self = <frappe.database.mariadb.database.MariaDBDatabase object at 0x7fc1f072eb90>
      query = 'SELECT `field`,`value` FROM `tabSingles` WHERE `doctype`=%(param1)s'
      values = {'param1': 'DocType'}
      as_dict = 0
      as_list = 0
      debug = False
      ignore_ddl = 0
      auto_commit = 0
      update = None
      explain = False
      run = True
      pluck = False
      as_iterator = False
      trace_id = None
  File "env/lib/python3.11/site-packages/pymysql/cursors.py", line 153, in execute
    result = self._query(query)
      self = <pymysql.cursors.Cursor object at 0x7fc1ef5b31d0>
      query = "SELECT `field`,`value` FROM `tabSingles` WHERE `doctype`='DocType'"
      args = {'param1': 'DocType'}
  File "env/lib/python3.11/site-packages/pymysql/cursors.py", line 322, in _query
    conn.query(q)
      self = <pymysql.cursors.Cursor object at 0x7fc1ef5b31d0>
      q = "SELECT `field`,`value` FROM `tabSingles` WHERE `doctype`='DocType'"
      conn = <pymysql.connections.Connection object at 0x7fc1efc46490>
  File "env/lib/python3.11/site-packages/pymysql/connections.py", line 563, in query
    self._affected_rows = self._read_query_result(unbuffered=unbuffered)
      self = <pymysql.connections.Connection object at 0x7fc1efc46490>
      sql = b"SELECT `field`,`value` FROM `tabSingles` WHERE `doctype`='DocType'"
      unbuffered = False
  File "env/lib/python3.11/site-packages/pymysql/connections.py", line 825, in _read_query_result
    result.read()
      self = <pymysql.connections.Connection object at 0x7fc1efc46490>
      unbuffered = False
      result = <pymysql.connections.MySQLResult object at 0x7fc1eed4e110>
  File "env/lib/python3.11/site-packages/pymysql/connections.py", line 1199, in read
    first_packet = self.connection._read_packet()
      self = <pymysql.connections.MySQLResult object at 0x7fc1eed4e110>
  File "env/lib/python3.11/site-packages/pymysql/connections.py", line 775, in _read_packet
    packet.raise_for_error()
      self = <pymysql.connections.Connection object at 0x7fc1efc46490>
      packet_type = <class 'pymysql.protocol.MysqlPacket'>
      buff = bytearray(b"\xffz\x04#42S02Table \'propla.tabSingles\' doesn\'t exist")
      packet_header = b'0\x00\x00\x01'
      btrl = 48
      btrh = 0
      packet_number = 1
      bytes_to_read = 48
      recv_data = b"\xffz\x04#42S02Table 'propla.tabSingles' doesn't exist"
      packet = <pymysql.protocol.MysqlPacket object at 0x7fc1eed2bb50>
  File "env/lib/python3.11/site-packages/pymysql/protocol.py", line 219, in raise_for_error
    err.raise_mysql_exception(self._data)
      self = <pymysql.protocol.MysqlPacket object at 0x7fc1eed2bb50>
      errno = 1146
  File "env/lib/python3.11/site-packages/pymysql/err.py", line 150, in raise_mysql_exception
    raise errorclass(errno, errval)
      data = b"\xffz\x04#42S02Table 'propla.tabSingles' doesn't exist"
      errno = 1146
      errval = "Table 'propla.tabSingles' doesn't exist"
      errorclass = <class 'pymysql.err.ProgrammingError'>
pymysql.err.ProgrammingError: (1146, "Table 'propla.tabSingles' doesn't exist")
Backup failed for Site propla.com. Database or site_config.json may be corrupted
Traceback with variables (most recent call last):
  File "apps/frappe/frappe/commands/site.py", line 775, in backup
    odb = scheduled_backup(
      context = {'sites': ['prop.com', 'propla.com'], 'force': False, 'verbose': True, 'profile': False}
      with_files = False
      backup_path = None
      backup_path_db = None
      backup_path_files = None
      backup_path_private_files = None
      backup_path_conf = None
      ignore_backup_conf = False
      verbose = True
      compress = False
      include = ''
      exclude = ''
      old_backup_metadata = False
      scheduled_backup = <function scheduled_backup at 0x7fc1f06b5ee0>
      exit_code = 1
      rollback_callback = None
      site = 'propla.com'
  File "apps/frappe/frappe/utils/backups.py", line 564, in scheduled_backup
    return new_backup(
      older_than = 6
      ignore_files = True
      backup_path = None
      backup_path_db = None
      backup_path_files = None
      backup_path_private_files = None
      backup_path_conf = None
      ignore_conf = False
      include_doctypes = ''
      exclude_doctypes = ''
      compress = False
      force = True
      verbose = True
      old_backup_metadata = False
      rollback_callback = <frappe.utils.CallbackManager object at 0x7fc1ef576cb0>
  File "apps/frappe/frappe/utils/backups.py", line 621, in new_backup
    odb.get_backup(older_than, ignore_files, force=force)
      older_than = 6
      ignore_files = True
      backup_path = None
      backup_path_db = None
      backup_path_files = None
      backup_path_private_files = None
      backup_path_conf = None
      ignore_conf = False
      include_doctypes = ''
      exclude_doctypes = ''
      compress = False
      force = True
      verbose = True
      old_backup_metadata = False
      rollback_callback = <frappe.utils.CallbackManager object at 0x7fc1ef576cb0>
      odb = <frappe.utils.backups.BackupGenerator object at 0x7fc1ef536ad0>
  File "apps/frappe/frappe/utils/backups.py", line 190, in get_backup
    self.set_backup_file_name()
      self = <frappe.utils.backups.BackupGenerator object at 0x7fc1ef536ad0>
      older_than = 6
      ignore_files = True
      force = True
      last_db = False
      last_file = False
      last_private_file = False
      site_config_backup_path = False
  File "apps/frappe/frappe/utils/backups.py", line 212, in set_backup_file_name
    enc = "-enc" if frappe.get_system_settings("encrypt_backup") else ""
      self = <frappe.utils.backups.BackupGenerator object at 0x7fc1ef536ad0>
      partial = ''
      ext = 'tar'
  File "apps/frappe/frappe/__init__.py", line 2389, in get_system_settings
    local.system_settings = get_cached_doc("System Settings")
      key = ********
  File "apps/frappe/frappe/__init__.py", line 1207, in get_cached_doc
    doc = get_doc(*args, **kwargs)
      args = ('System Settings',)
      kwargs = {}
      key = ********
      doc = None
  File "apps/frappe/frappe/__init__.py", line 1333, in get_doc
    doc = frappe.model.document.get_doc(*args, **kwargs)
      args = ('System Settings',)
      kwargs = {}
      frappe = <module 'frappe' from 'apps/frappe/frappe/__init__.py'>
  File "apps/frappe/frappe/model/document.py", line 83, in get_doc
    controller = get_controller(doctype)
      args = ('System Settings',)
      kwargs = {}
      doctype = 'System Settings'
  File "apps/frappe/frappe/model/base_document.py", line 70, in get_controller
    site_controllers[doctype] = import_controller(doctype)
      doctype = 'System Settings'
      site_controllers = {}
  File "apps/frappe/frappe/model/base_document.py", line 81, in import_controller
    doctype_info = frappe.db.get_value("DocType", doctype, fieldname="*")
      doctype = 'System Settings'
      Document = <class 'frappe.model.document.Document'>
      NestedSet = <class 'frappe.utils.nestedset.NestedSet'>
      module_name = 'Core'
  File "apps/frappe/frappe/database/database.py", line 519, in get_value
    result = self.get_values(
      self = <frappe.database.mariadb.database.MariaDBDatabase object at 0x7fc1ef633450>
      doctype = 'DocType'
      filters = 'System Settings'
      fieldname = '*'
      ignore = None
      as_dict = False
      debug = False
      order_by = 'KEEP_DEFAULT_ORDERING'
      cache = False
      for_update = False
      run = True
      pluck = False
      distinct = False
      skip_locked = False
      wait = True
  File "apps/frappe/frappe/database/database.py", line 648, in get_values
    out = self.get_values_from_single(
      self = <frappe.database.mariadb.database.MariaDBDatabase object at 0x7fc1ef633450>
      doctype = 'DocType'
      filters = 'System Settings'
      fieldname = '*'
      ignore = None
      as_dict = False
      debug = False
      order_by = 'modified'
      update = None
      cache = False
      for_update = False
      run = True
      pluck = False
      distinct = False
      limit = 1
      skip_locked = False
      wait = True
      out = None
      fields = '*'
  File "apps/frappe/frappe/database/database.py", line 685, in get_values_from_single
    values = self.get_singles_dict(doctype)
      self = <frappe.database.mariadb.database.MariaDBDatabase object at 0x7fc1ef633450>
      fields = '*'
      filters = 'System Settings'
      doctype = 'DocType'
      as_dict = False
      debug = False
      update = None
      run = True
      pluck = False
      distinct = False
  File "apps/frappe/frappe/database/database.py", line 738, in get_singles_dict
    ).run(debug=debug)
      self = <frappe.database.mariadb.database.MariaDBDatabase object at 0x7fc1ef633450>
      doctype = 'DocType'
      debug = False
      for_update = False
      cast = False
  File "apps/frappe/frappe/query_builder/utils.py", line 87, in execute_query
    result = frappe.db.sql(query, params, *args, **kwargs)  # nosemgrep
      query = 'SELECT `field`,`value` FROM `tabSingles` WHERE `doctype`=%(param1)s'
      args = ()
      kwargs = {'debug': False}
      child_queries = []
      params = {'param1': 'DocType'}
      execute_child_queries = <function patch_query_execute.<locals>.execute_child_queries at 0x7fc1ef57aca0>
      prepare_query = <function patch_query_execute.<locals>.prepare_query at 0x7fc1ef57ad40>
  File "apps/frappe/frappe/database/database.py", line 234, in sql
    self._cursor.execute(query, values)
      self = <frappe.database.mariadb.database.MariaDBDatabase object at 0x7fc1ef633450>
      query = 'SELECT `field`,`value` FROM `tabSingles` WHERE `doctype`=%(param1)s'
      values = {'param1': 'DocType'}
      as_dict = 0
      as_list = 0
      debug = False
      ignore_ddl = 0
      auto_commit = 0
      update = None
      explain = False
      run = True
      pluck = False
      as_iterator = False
      trace_id = None
  File "env/lib/python3.11/site-packages/pymysql/cursors.py", line 153, in execute
    result = self._query(query)
      self = <pymysql.cursors.Cursor object at 0x7fc1ef6c2050>
      query = "SELECT `field`,`value` FROM `tabSingles` WHERE `doctype`='DocType'"
      args = {'param1': 'DocType'}
  File "env/lib/python3.11/site-packages/pymysql/cursors.py", line 322, in _query
    conn.query(q)
      self = <pymysql.cursors.Cursor object at 0x7fc1ef6c2050>
      q = "SELECT `field`,`value` FROM `tabSingles` WHERE `doctype`='DocType'"
      conn = <pymysql.connections.Connection object at 0x7fc1f1d24050>
  File "env/lib/python3.11/site-packages/pymysql/connections.py", line 563, in query
    self._affected_rows = self._read_query_result(unbuffered=unbuffered)
      self = <pymysql.connections.Connection object at 0x7fc1f1d24050>
      sql = b"SELECT `field`,`value` FROM `tabSingles` WHERE `doctype`='DocType'"
      unbuffered = False
  File "env/lib/python3.11/site-packages/pymysql/connections.py", line 825, in _read_query_result
    result.read()
      self = <pymysql.connections.Connection object at 0x7fc1f1d24050>
      unbuffered = False
      result = <pymysql.connections.MySQLResult object at 0x7fc1eed5f310>
  File "env/lib/python3.11/site-packages/pymysql/connections.py", line 1199, in read
    first_packet = self.connection._read_packet()
      self = <pymysql.connections.MySQLResult object at 0x7fc1eed5f310>
  File "env/lib/python3.11/site-packages/pymysql/connections.py", line 775, in _read_packet
    packet.raise_for_error()
      self = <pymysql.connections.Connection object at 0x7fc1f1d24050>
      packet_type = <class 'pymysql.protocol.MysqlPacket'>
      buff = bytearray(b"\xffz\x04#42S02Table \'propla.tabSingles\' doesn\'t exist")
      packet_header = b'0\x00\x00\x01'
      btrl = 48
      btrh = 0
      packet_number = 1
      bytes_to_read = 48
      recv_data = b"\xffz\x04#42S02Table 'propla.tabSingles' doesn't exist"
      packet = <pymysql.protocol.MysqlPacket object at 0x7fc1eed746d0>
  File "env/lib/python3.11/site-packages/pymysql/protocol.py", line 219, in raise_for_error
    err.raise_mysql_exception(self._data)
      self = <pymysql.protocol.MysqlPacket object at 0x7fc1eed746d0>
      errno = 1146
  File "env/lib/python3.11/site-packages/pymysql/err.py", line 150, in raise_mysql_exception
    raise errorclass(errno, errval)
      data = b"\xffz\x04#42S02Table 'propla.tabSingles' doesn't exist"
      errno = 1146
      errval = "Table 'propla.tabSingles' doesn't exist"
      errorclass = <class 'pymysql.err.ProgrammingError'>
pymysql.err.ProgrammingError: (1146, "Table 'propla.tabSingles' doesn't exist")
set -o pipefail; /usr/bin/mysqldump --user=_8b3e45756aa1c354 --host=127.0.0.1 --port=3306 --password=********** --single-transaction --quick --lock-tables=false _8b3e45756aa1c354 | /usr/bin/gzip >> ./prop.com/private/backups/20240916_180002-prop_com-database.sql.gz

Backup Summary for prop.com at 2024-09-16 18:00:04.202723
Config  : ./prop.com/private/backups/20240916_180002-prop_com-site_config_backup.json 225.0B
Database: ./prop.com/private/backups/20240916_180002-prop_com-database.sql.gz         5.7MiB
Backup for Site prop.com has been successfully completed
set -o pipefail; /usr/bin/mysqldump --user=_8b3e45756aa1c354 --host=127.0.0.1 --port=3306 --password=********** --single-transaction --quick --lock-tables=false _8b3e45756aa1c354 | /usr/bin/gzip >> ./prop.com/private/backups/20240917_120001-prop_com-database.sql.gz

Backup Summary for prop.com at 2024-09-17 12:00:03.445401
Config  : ./prop.com/private/backups/20240917_120001-prop_com-site_config_backup.json 249.0B
Database: ./prop.com/private/backups/20240917_120001-prop_com-database.sql.gz         5.8MiB
Backup for Site prop.com has been successfully completed
set -o pipefail; /usr/bin/mysqldump --user=_8b3e45756aa1c354 --host=127.0.0.1 --port=3306 --password=********** --single-transaction --quick --lock-tables=false _8b3e45756aa1c354 | /usr/bin/gzip >> ./prop.com/private/backups/20240917_180002-prop_com-database.sql.gz

Backup Summary for prop.com at 2024-09-17 18:00:05.005586
Config  : ./prop.com/private/backups/20240917_180002-prop_com-site_config_backup.json 249.0B
Database: ./prop.com/private/backups/20240917_180002-prop_com-database.sql.gz         5.8MiB
Backup for Site prop.com has been successfully completed
set -o pipefail; /usr/bin/mysqldump --user=_8b3e45756aa1c354 --host=127.0.0.1 --port=3306 --password=********** --single-transaction --quick --lock-tables=false _8b3e45756aa1c354 | /usr/bin/gzip >> ./prop.com/private/backups/20240918_120002-prop_com-database.sql.gz

Backup Summary for prop.com at 2024-09-18 12:00:04.923047
Config  : ./prop.com/private/backups/20240918_120002-prop_com-site_config_backup.json 249.0B
Database: ./prop.com/private/backups/20240918_120002-prop_com-database.sql.gz         5.7MiB
Backup for Site prop.com has been successfully completed
set -o pipefail; /usr/bin/mysqldump --user=_8b3e45756aa1c354 --host=127.0.0.1 --port=3306 --password=********** --single-transaction --quick --lock-tables=false _8b3e45756aa1c354 | /usr/bin/gzip >> ./prop.com/private/backups/20240918_180002-prop_com-database.sql.gz

Backup Summary for prop.com at 2024-09-18 18:00:05.047072
Config  : ./prop.com/private/backups/20240918_180002-prop_com-site_config_backup.json 249.0B
Database: ./prop.com/private/backups/20240918_180002-prop_com-database.sql.gz         5.8MiB
Backup for Site prop.com has been successfully completed
set -o pipefail; /usr/bin/mysqldump --user=_8b3e45756aa1c354 --host=127.0.0.1 --port=3306 --password=********** --single-transaction --quick --lock-tables=false _8b3e45756aa1c354 | /usr/bin/gzip >> ./prop.com/private/backups/20240919_120002-prop_com-database.sql.gz

Backup Summary for prop.com at 2024-09-19 12:00:04.993817
Config  : ./prop.com/private/backups/20240919_120002-prop_com-site_config_backup.json 249.0B
Database: ./prop.com/private/backups/20240919_120002-prop_com-database.sql.gz         5.8MiB
Backup for Site prop.com has been successfully completed
set -o pipefail; /usr/bin/mysqldump --user=_8b3e45756aa1c354 --host=127.0.0.1 --port=3306 --password=********** --single-transaction --quick --lock-tables=false _8b3e45756aa1c354 | /usr/bin/gzip >> ./prop.com/private/backups/20240919_180002-prop_com-database.sql.gz

Backup Summary for prop.com at 2024-09-19 18:00:05.538005
Config  : ./prop.com/private/backups/20240919_180002-prop_com-site_config_backup.json 249.0B
Database: ./prop.com/private/backups/20240919_180002-prop_com-database.sql.gz         5.8MiB
Backup for Site prop.com has been successfully completed
set -o pipefail; /usr/bin/mysqldump --user=_8b3e45756aa1c354 --host=127.0.0.1 --port=3306 --password=********** --single-transaction --quick --lock-tables=false _8b3e45756aa1c354 | /usr/bin/gzip >> ./prop.com/private/backups/20240920_120002-prop_com-database.sql.gz

Backup Summary for prop.com at 2024-09-20 12:00:05.091858
Config  : ./prop.com/private/backups/20240920_120002-prop_com-site_config_backup.json 249.0B
Database: ./prop.com/private/backups/20240920_120002-prop_com-database.sql.gz         5.8MiB
Backup for Site prop.com has been successfully completed
set -o pipefail; /usr/bin/mysqldump --user=_8b3e45756aa1c354 --host=127.0.0.1 --port=3306 --password=********** --single-transaction --quick --lock-tables=false _8b3e45756aa1c354 | /usr/bin/gzip >> ./prop.com/private/backups/20240920_180002-prop_com-database.sql.gz

Backup Summary for prop.com at 2024-09-20 18:00:05.251749
Config  : ./prop.com/private/backups/20240920_180002-prop_com-site_config_backup.json 249.0B
Database: ./prop.com/private/backups/20240920_180002-prop_com-database.sql.gz         5.8MiB
Backup for Site prop.com has been successfully completed
set -o pipefail; /usr/bin/mysqldump --user=_8b3e45756aa1c354 --host=127.0.0.1 --port=3306 --password=********** --single-transaction --quick --lock-tables=false _8b3e45756aa1c354 | /usr/bin/gzip >> ./prop.com/private/backups/20240923_120003-prop_com-database.sql.gz

Backup Summary for prop.com at 2024-09-23 12:00:08.624308
Config  : ./prop.com/private/backups/20240923_120003-prop_com-site_config_backup.json 249.0B
Database: ./prop.com/private/backups/20240923_120003-prop_com-database.sql.gz         5.8MiB
Backup for Site prop.com has been successfully completed
set -o pipefail; /usr/bin/mysqldump --user=_8b3e45756aa1c354 --host=127.0.0.1 --port=3306 --password=********** --single-transaction --quick --lock-tables=false _8b3e45756aa1c354 | /usr/bin/gzip >> ./prop.com/private/backups/20240923_180002-prop_com-database.sql.gz

Backup Summary for prop.com at 2024-09-23 18:00:05.845347
Config  : ./prop.com/private/backups/20240923_180002-prop_com-site_config_backup.json 249.0B
Database: ./prop.com/private/backups/20240923_180002-prop_com-database.sql.gz         5.8MiB
Backup for Site prop.com has been successfully completed
set -o pipefail; /usr/bin/mysqldump --user=_8b3e45756aa1c354 --host=127.0.0.1 --port=3306 --password=********** --single-transaction --quick --lock-tables=false _8b3e45756aa1c354 | /usr/bin/gzip >> ./prop.com/private/backups/20240924_120002-prop_com-database.sql.gz

Backup Summary for prop.com at 2024-09-24 12:00:04.981171
Config  : ./prop.com/private/backups/20240924_120002-prop_com-site_config_backup.json 249.0B
Database: ./prop.com/private/backups/20240924_120002-prop_com-database.sql.gz         5.8MiB
Backup for Site prop.com has been successfully completed
set -o pipefail; /usr/bin/mysqldump --user=_8b3e45756aa1c354 --host=127.0.0.1 --port=3306 --password=********** --single-transaction --quick --lock-tables=false _8b3e45756aa1c354 | /usr/bin/gzip >> ./prop.com/private/backups/20240924_180003-prop_com-database.sql.gz

Backup Summary for prop.com at 2024-09-24 18:00:08.708044
Config  : ./prop.com/private/backups/20240924_180003-prop_com-site_config_backup.json 249.0B
Database: ./prop.com/private/backups/20240924_180003-prop_com-database.sql.gz         5.8MiB
Backup for Site prop.com has been successfully completed
set -o pipefail; /usr/bin/mysqldump --user=_8b3e45756aa1c354 --host=127.0.0.1 --port=3306 --password=********** --single-transaction --quick --lock-tables=false _8b3e45756aa1c354 | /usr/bin/gzip >> ./prop.com/private/backups/20240925_120002-prop_com-database.sql.gz

Backup Summary for prop.com at 2024-09-25 12:00:04.474957
Config  : ./prop.com/private/backups/20240925_120002-prop_com-site_config_backup.json 249.0B
Database: ./prop.com/private/backups/20240925_120002-prop_com-database.sql.gz         5.9MiB
Backup for Site prop.com has been successfully completed
set -o pipefail; /usr/bin/mysqldump --user=_8b3e45756aa1c354 --host=127.0.0.1 --port=3306 --password=********** --single-transaction --quick --lock-tables=false _8b3e45756aa1c354 | /usr/bin/gzip >> ./prop.com/private/backups/20240925_180002-prop_com-database.sql.gz

Backup Summary for prop.com at 2024-09-25 18:00:04.880290
Config  : ./prop.com/private/backups/20240925_180002-prop_com-site_config_backup.json 249.0B
Database: ./prop.com/private/backups/20240925_180002-prop_com-database.sql.gz         5.9MiB
Backup for Site prop.com has been successfully completed
set -o pipefail; /usr/bin/mysqldump --user=_8b3e45756aa1c354 --host=127.0.0.1 --port=3306 --password=********** --single-transaction --quick --lock-tables=false _8b3e45756aa1c354 | /usr/bin/gzip >> ./prop.com/private/backups/20240926_120002-prop_com-database.sql.gz

Backup Summary for prop.com at 2024-09-26 12:00:05.830642
Config  : ./prop.com/private/backups/20240926_120002-prop_com-site_config_backup.json 249.0B
Database: ./prop.com/private/backups/20240926_120002-prop_com-database.sql.gz         5.9MiB
Backup for Site prop.com has been successfully completed
set -o pipefail; /usr/bin/mysqldump --user=_8b3e45756aa1c354 --host=127.0.0.1 --port=3306 --password=********** --single-transaction --quick --lock-tables=false _8b3e45756aa1c354 | /usr/bin/gzip >> ./prop.com/private/backups/20240926_180002-prop_com-database.sql.gz

Backup Summary for prop.com at 2024-09-26 18:00:05.016344
Config  : ./prop.com/private/backups/20240926_180002-prop_com-site_config_backup.json 249.0B
Database: ./prop.com/private/backups/20240926_180002-prop_com-database.sql.gz         6.0MiB
Backup for Site prop.com has been successfully completed
set -o pipefail; /usr/bin/mysqldump --user=_8b3e45756aa1c354 --host=127.0.0.1 --port=3306 --password=********** --single-transaction --quick --lock-tables=false _8b3e45756aa1c354 | /usr/bin/gzip >> ./prop.com/private/backups/20240927_120002-prop_com-database.sql.gz

Backup Summary for prop.com at 2024-09-27 12:00:07.434410
Config  : ./prop.com/private/backups/20240927_120002-prop_com-site_config_backup.json 249.0B
Database: ./prop.com/private/backups/20240927_120002-prop_com-database.sql.gz         6.0MiB
Backup for Site prop.com has been successfully completed
set -o pipefail; /usr/bin/mysqldump --user=_8b3e45756aa1c354 --host=127.0.0.1 --port=3306 --password=********** --single-transaction --quick --lock-tables=false _8b3e45756aa1c354 | /usr/bin/gzip >> ./prop.com/private/backups/20240927_180001-prop_com-database.sql.gz

Backup Summary for prop.com at 2024-09-27 18:00:03.792191
Config  : ./prop.com/private/backups/20240927_180001-prop_com-site_config_backup.json 249.0B
Database: ./prop.com/private/backups/20240927_180001-prop_com-database.sql.gz         6.1MiB
Backup for Site prop.com has been successfully completed
set -o pipefail; /usr/bin/mysqldump --user=_27901665e79b2ed2 --host=127.0.0.1 --port=3306 --password=********** --single-transaction --quick --lock-tables=false _27901665e79b2ed2 | /usr/bin/gzip >> ./newbie.com/private/backups/20240930_120002-newbie_com-database.sql.gz

Backup Summary for newbie.com at 2024-09-30 12:00:03.924936
Config  : ./newbie.com/private/backups/20240930_120002-newbie_com-site_config_backup.json 158.0B
Database: ./newbie.com/private/backups/20240930_120002-newbie_com-database.sql.gz         923.6KiB
Backup for Site newbie.com has been successfully completed
File ./prop.com/private/backups/20240927_180001-prop_com-database.sql.gz is older than 24 hours
File ./prop.com/private/backups/20240927_120002-prop_com-database.sql.gz is older than 24 hours
File ./prop.com/private/backups/20240926_180002-prop_com-database.sql.gz is older than 24 hours
File ./prop.com/private/backups/20240927_120002-prop_com-site_config_backup.json is older than 24 hours
File ./prop.com/private/backups/20240926_180002-prop_com-site_config_backup.json is older than 24 hours
File ./prop.com/private/backups/20240927_180001-prop_com-site_config_backup.json is older than 24 hours
set -o pipefail; /usr/bin/mysqldump --user=_8b3e45756aa1c354 --host=127.0.0.1 --port=3306 --password=********** --single-transaction --quick --lock-tables=false _8b3e45756aa1c354 | /usr/bin/gzip >> ./prop.com/private/backups/20240930_120003-prop_com-database.sql.gz

Backup Summary for prop.com at 2024-09-30 12:00:06.088130
Config  : ./prop.com/private/backups/20240930_120003-prop_com-site_config_backup.json 249.0B
Database: ./prop.com/private/backups/20240930_120003-prop_com-database.sql.gz         6.1MiB
Backup for Site prop.com has been successfully completed
set -o pipefail; /usr/bin/mysqldump --user=_27901665e79b2ed2 --host=127.0.0.1 --port=3306 --password=********** --single-transaction --quick --lock-tables=false _27901665e79b2ed2 | /usr/bin/gzip >> ./newbie.com/private/backups/20240930_180002-newbie_com-database.sql.gz

Backup Summary for newbie.com at 2024-09-30 18:00:05.418307
Config  : ./newbie.com/private/backups/20240930_180002-newbie_com-site_config_backup.json 158.0B
Database: ./newbie.com/private/backups/20240930_180002-newbie_com-database.sql.gz         935.7KiB
Backup for Site newbie.com has been successfully completed
File ./prop.com/private/backups/20240930_120003-prop_com-site_config_backup.json is recent
File ./prop.com/private/backups/20240930_120003-prop_com-database.sql.gz is recent
set -o pipefail; /usr/bin/mysqldump --user=_8b3e45756aa1c354 --host=127.0.0.1 --port=3306 --password=********** --single-transaction --quick --lock-tables=false _8b3e45756aa1c354 | /usr/bin/gzip >> ./prop.com/private/backups/20240930_180005-prop_com-database.sql.gz

Backup Summary for prop.com at 2024-09-30 18:00:08.314251
Config  : ./prop.com/private/backups/20240930_180005-prop_com-site_config_backup.json 249.0B
Database: ./prop.com/private/backups/20240930_180005-prop_com-database.sql.gz         6.1MiB
Backup for Site prop.com has been successfully completed
set -o pipefail; /usr/bin/mysqldump --user=_27901665e79b2ed2 --host=127.0.0.1 --port=3306 --password=********** --single-transaction --quick --lock-tables=false _27901665e79b2ed2 | /usr/bin/gzip >> ./newbie.com/private/backups/20241001_120002-newbie_com-database.sql.gz

Backup Summary for newbie.com at 2024-10-01 12:00:08.446240
Config  : ./newbie.com/private/backups/20241001_120002-newbie_com-site_config_backup.json 158.0B
Database: ./newbie.com/private/backups/20241001_120002-newbie_com-database.sql.gz         938.6KiB
Backup for Site newbie.com has been successfully completed
File ./prop.com/private/backups/20240930_120003-prop_com-site_config_backup.json is older than 24 hours
File ./prop.com/private/backups/20240930_120003-prop_com-database.sql.gz is older than 24 hours
File ./prop.com/private/backups/20240930_180005-prop_com-database.sql.gz is recent
File ./prop.com/private/backups/20240930_180005-prop_com-site_config_backup.json is recent
set -o pipefail; /usr/bin/mysqldump --user=_8b3e45756aa1c354 --host=127.0.0.1 --port=3306 --password=********** --single-transaction --quick --lock-tables=false _8b3e45756aa1c354 | /usr/bin/gzip >> ./prop.com/private/backups/20241001_120008-prop_com-database.sql.gz

Backup Summary for prop.com at 2024-10-01 12:00:11.156311
Config  : ./prop.com/private/backups/20241001_120008-prop_com-site_config_backup.json 249.0B
Database: ./prop.com/private/backups/20241001_120008-prop_com-database.sql.gz         6.1MiB
Backup for Site prop.com has been successfully completed
set -o pipefail; /usr/bin/mysqldump --user=_27901665e79b2ed2 --host=127.0.0.1 --port=3306 --password=********** --single-transaction --quick --lock-tables=false _27901665e79b2ed2 | /usr/bin/gzip >> ./newbie.com/private/backups/20241001_180001-newbie_com-database.sql.gz

Backup Summary for newbie.com at 2024-10-01 18:00:06.875124
Config  : ./newbie.com/private/backups/20241001_180001-newbie_com-site_config_backup.json 158.0B
Database: ./newbie.com/private/backups/20241001_180001-newbie_com-database.sql.gz         949.6KiB
Backup for Site newbie.com has been successfully completed
File ./prop.com/private/backups/20241001_120008-prop_com-database.sql.gz is recent
File ./prop.com/private/backups/20241001_120008-prop_com-site_config_backup.json is recent
File ./prop.com/private/backups/20240930_180005-prop_com-database.sql.gz is recent
File ./prop.com/private/backups/20240930_180005-prop_com-site_config_backup.json is recent
set -o pipefail; /usr/bin/mysqldump --user=_8b3e45756aa1c354 --host=127.0.0.1 --port=3306 --password=********** --single-transaction --quick --lock-tables=false _8b3e45756aa1c354 | /usr/bin/gzip >> ./prop.com/private/backups/20241001_180006-prop_com-database.sql.gz

Backup Summary for prop.com at 2024-10-01 18:00:09.048530
Config  : ./prop.com/private/backups/20241001_180006-prop_com-site_config_backup.json 249.0B
Database: ./prop.com/private/backups/20241001_180006-prop_com-database.sql.gz         6.2MiB
Backup for Site prop.com has been successfully completed
set -o pipefail; /usr/bin/mysqldump --user=_27901665e79b2ed2 --host=127.0.0.1 --port=3306 --password=********** --single-transaction --quick --lock-tables=false _27901665e79b2ed2 | /usr/bin/gzip >> ./newbie.com/private/backups/20241002_120002-newbie_com-database.sql.gz

Backup Summary for newbie.com at 2024-10-02 12:00:05.270921
Config  : ./newbie.com/private/backups/20241002_120002-newbie_com-site_config_backup.json 158.0B
Database: ./newbie.com/private/backups/20241002_120002-newbie_com-database.sql.gz         955.8KiB
Backup for Site newbie.com has been successfully completed
File ./prop.com/private/backups/20241001_120008-prop_com-database.sql.gz is recent
File ./prop.com/private/backups/20241001_120008-prop_com-site_config_backup.json is recent
File ./prop.com/private/backups/20240930_180005-prop_com-database.sql.gz is older than 24 hours
File ./prop.com/private/backups/20240930_180005-prop_com-site_config_backup.json is older than 24 hours
File ./prop.com/private/backups/20241001_180006-prop_com-site_config_backup.json is recent
File ./prop.com/private/backups/20241001_180006-prop_com-database.sql.gz is recent
set -o pipefail; /usr/bin/mysqldump --user=_8b3e45756aa1c354 --host=127.0.0.1 --port=3306 --password=********** --single-transaction --quick --lock-tables=false _8b3e45756aa1c354 | /usr/bin/gzip >> ./prop.com/private/backups/20241002_120005-prop_com-database.sql.gz

Backup Summary for prop.com at 2024-10-02 12:00:08.223565
Config  : ./prop.com/private/backups/20241002_120005-prop_com-site_config_backup.json 249.0B
Database: ./prop.com/private/backups/20241002_120005-prop_com-database.sql.gz         6.2MiB
Backup for Site prop.com has been successfully completed
set -o pipefail; /usr/bin/mysqldump --user=_27901665e79b2ed2 --host=127.0.0.1 --port=3306 --password=********** --single-transaction --quick --lock-tables=false _27901665e79b2ed2 | /usr/bin/gzip >> ./newbie.com/private/backups/20241002_180002-newbie_com-database.sql.gz

Backup Summary for newbie.com at 2024-10-02 18:00:05.858870
Config  : ./newbie.com/private/backups/20241002_180002-newbie_com-site_config_backup.json 158.0B
Database: ./newbie.com/private/backups/20241002_180002-newbie_com-database.sql.gz         965.3KiB
Backup for Site newbie.com has been successfully completed
File ./prop.com/private/backups/20241002_120005-prop_com-site_config_backup.json is recent
File ./prop.com/private/backups/20241001_120008-prop_com-database.sql.gz is older than 24 hours
File ./prop.com/private/backups/20241002_120005-prop_com-database.sql.gz is recent
File ./prop.com/private/backups/20241001_120008-prop_com-site_config_backup.json is older than 24 hours
File ./prop.com/private/backups/20241001_180006-prop_com-site_config_backup.json is recent
File ./prop.com/private/backups/20241001_180006-prop_com-database.sql.gz is recent
set -o pipefail; /usr/bin/mysqldump --user=_8b3e45756aa1c354 --host=127.0.0.1 --port=3306 --password=********** --single-transaction --quick --lock-tables=false _8b3e45756aa1c354 | /usr/bin/gzip >> ./prop.com/private/backups/20241002_180005-prop_com-database.sql.gz

Backup Summary for prop.com at 2024-10-02 18:00:07.890025
Config  : ./prop.com/private/backups/20241002_180005-prop_com-site_config_backup.json 249.0B
Database: ./prop.com/private/backups/20241002_180005-prop_com-database.sql.gz         6.3MiB
Backup for Site prop.com has been successfully completed
set -o pipefail; /usr/bin/mysqldump --user=_27901665e79b2ed2 --host=127.0.0.1 --port=3306 --password=********** --single-transaction --quick --lock-tables=false _27901665e79b2ed2 | /usr/bin/gzip >> ./newbie.com/private/backups/20241003_120002-newbie_com-database.sql.gz

Backup Summary for newbie.com at 2024-10-03 12:00:05.261220
Config  : ./newbie.com/private/backups/20241003_120002-newbie_com-site_config_backup.json 158.0B
Database: ./newbie.com/private/backups/20241003_120002-newbie_com-database.sql.gz         971.7KiB
Backup for Site newbie.com has been successfully completed
File ./prop.com/private/backups/20241002_120005-prop_com-site_config_backup.json is recent
File ./prop.com/private/backups/20241002_120005-prop_com-database.sql.gz is recent
File ./prop.com/private/backups/20241001_180006-prop_com-site_config_backup.json is older than 24 hours
File ./prop.com/private/backups/20241002_180005-prop_com-database.sql.gz is recent
File ./prop.com/private/backups/20241002_180005-prop_com-site_config_backup.json is recent
File ./prop.com/private/backups/20241001_180006-prop_com-database.sql.gz is older than 24 hours
set -o pipefail; /usr/bin/mysqldump --user=_8b3e45756aa1c354 --host=127.0.0.1 --port=3306 --password=********** --single-transaction --quick --lock-tables=false _8b3e45756aa1c354 | /usr/bin/gzip >> ./prop.com/private/backups/20241003_120005-prop_com-database.sql.gz

Backup Summary for prop.com at 2024-10-03 12:00:07.796511
Config  : ./prop.com/private/backups/20241003_120005-prop_com-site_config_backup.json 249.0B
Database: ./prop.com/private/backups/20241003_120005-prop_com-database.sql.gz         6.3MiB
Backup for Site prop.com has been successfully completed
set -o pipefail; /usr/bin/mysqldump --user=_27901665e79b2ed2 --host=127.0.0.1 --port=3306 --password=********** --single-transaction --quick --lock-tables=false _27901665e79b2ed2 | /usr/bin/gzip >> ./newbie.com/private/backups/20241003_180001-newbie_com-database.sql.gz

Backup Summary for newbie.com at 2024-10-03 18:00:05.481618
Config  : ./newbie.com/private/backups/20241003_180001-newbie_com-site_config_backup.json 158.0B
Database: ./newbie.com/private/backups/20241003_180001-newbie_com-database.sql.gz         980.8KiB
Backup for Site newbie.com has been successfully completed
File ./prop.com/private/backups/20241002_120005-prop_com-site_config_backup.json is older than 24 hours
File ./prop.com/private/backups/20241002_120005-prop_com-database.sql.gz is older than 24 hours
File ./prop.com/private/backups/20241003_120005-prop_com-site_config_backup.json is recent
File ./prop.com/private/backups/20241002_180005-prop_com-database.sql.gz is recent
File ./prop.com/private/backups/20241002_180005-prop_com-site_config_backup.json is recent
File ./prop.com/private/backups/20241003_120005-prop_com-database.sql.gz is recent
set -o pipefail; /usr/bin/mysqldump --user=_8b3e45756aa1c354 --host=127.0.0.1 --port=3306 --password=********** --single-transaction --quick --lock-tables=false _8b3e45756aa1c354 | /usr/bin/gzip >> ./prop.com/private/backups/20241003_180005-prop_com-database.sql.gz

Backup Summary for prop.com at 2024-10-03 18:00:07.587520
Config  : ./prop.com/private/backups/20241003_180005-prop_com-site_config_backup.json 249.0B
Database: ./prop.com/private/backups/20241003_180005-prop_com-database.sql.gz         6.3MiB
Backup for Site prop.com has been successfully completed
set -o pipefail; /usr/bin/mysqldump --user=_27901665e79b2ed2 --host=127.0.0.1 --port=3306 --password=********** --single-transaction --quick --lock-tables=false _27901665e79b2ed2 | /usr/bin/gzip >> ./newbie.com/private/backups/20241004_120002-newbie_com-database.sql.gz

Backup Summary for newbie.com at 2024-10-04 12:00:05.972425
Config  : ./newbie.com/private/backups/20241004_120002-newbie_com-site_config_backup.json 158.0B
Database: ./newbie.com/private/backups/20241004_120002-newbie_com-database.sql.gz         986.6KiB
Backup for Site newbie.com has been successfully completed
File ./prop.com/private/backups/20241003_180005-prop_com-site_config_backup.json is recent
File ./prop.com/private/backups/20241003_120005-prop_com-site_config_backup.json is recent
File ./prop.com/private/backups/20241003_180005-prop_com-database.sql.gz is recent
File ./prop.com/private/backups/20241002_180005-prop_com-database.sql.gz is older than 24 hours
File ./prop.com/private/backups/20241002_180005-prop_com-site_config_backup.json is older than 24 hours
File ./prop.com/private/backups/20241003_120005-prop_com-database.sql.gz is recent
set -o pipefail; /usr/bin/mysqldump --user=_8b3e45756aa1c354 --host=127.0.0.1 --port=3306 --password=********** --single-transaction --quick --lock-tables=false _8b3e45756aa1c354 | /usr/bin/gzip >> ./prop.com/private/backups/20241004_120005-prop_com-database.sql.gz

Backup Summary for prop.com at 2024-10-04 12:00:08.490719
Config  : ./prop.com/private/backups/20241004_120005-prop_com-site_config_backup.json 249.0B
Database: ./prop.com/private/backups/20241004_120005-prop_com-database.sql.gz         6.3MiB
Backup for Site prop.com has been successfully completed
set -o pipefail; /usr/bin/mysqldump --user=_27901665e79b2ed2 --host=127.0.0.1 --port=3306 --password=********** --single-transaction --quick --lock-tables=false _27901665e79b2ed2 | /usr/bin/gzip >> ./newbie.com/private/backups/20241004_180002-newbie_com-database.sql.gz

Backup Summary for newbie.com at 2024-10-04 18:00:06.339059
Config  : ./newbie.com/private/backups/20241004_180002-newbie_com-site_config_backup.json 158.0B
Database: ./newbie.com/private/backups/20241004_180002-newbie_com-database.sql.gz         986.6KiB
Backup for Site newbie.com has been successfully completed
File ./prop.com/private/backups/20241003_180005-prop_com-site_config_backup.json is recent
File ./prop.com/private/backups/20241004_120005-prop_com-database.sql.gz is recent
File ./prop.com/private/backups/20241004_120005-prop_com-site_config_backup.json is recent
File ./prop.com/private/backups/20241003_120005-prop_com-site_config_backup.json is older than 24 hours
File ./prop.com/private/backups/20241003_180005-prop_com-database.sql.gz is recent
File ./prop.com/private/backups/20241003_120005-prop_com-database.sql.gz is older than 24 hours
set -o pipefail; /usr/bin/mysqldump --user=_8b3e45756aa1c354 --host=127.0.0.1 --port=3306 --password=********** --single-transaction --quick --lock-tables=false _8b3e45756aa1c354 | /usr/bin/gzip >> ./prop.com/private/backups/20241004_180006-prop_com-database.sql.gz

Backup Summary for prop.com at 2024-10-04 18:00:08.637843
Config  : ./prop.com/private/backups/20241004_180006-prop_com-site_config_backup.json 249.0B
Database: ./prop.com/private/backups/20241004_180006-prop_com-database.sql.gz         6.3MiB
Backup for Site prop.com has been successfully completed
set -o pipefail; /usr/bin/mysqldump --user=_27901665e79b2ed2 --host=127.0.0.1 --port=3306 --password=********** --single-transaction --quick --lock-tables=false _27901665e79b2ed2 | /usr/bin/gzip >> ./newbie.com/private/backups/20241005_120001-newbie_com-database.sql.gz

Backup Summary for newbie.com at 2024-10-05 12:00:04.378744
Config  : ./newbie.com/private/backups/20241005_120001-newbie_com-site_config_backup.json 158.0B
Database: ./newbie.com/private/backups/20241005_120001-newbie_com-database.sql.gz         989.2KiB
Backup for Site newbie.com has been successfully completed
File ./prop.com/private/backups/20241004_180006-prop_com-site_config_backup.json is recent
File ./prop.com/private/backups/20241003_180005-prop_com-site_config_backup.json is older than 24 hours
File ./prop.com/private/backups/20241004_120005-prop_com-database.sql.gz is recent
File ./prop.com/private/backups/20241004_120005-prop_com-site_config_backup.json is recent
File ./prop.com/private/backups/20241004_180006-prop_com-database.sql.gz is recent
File ./prop.com/private/backups/20241003_180005-prop_com-database.sql.gz is older than 24 hours
set -o pipefail; /usr/bin/mysqldump --user=_8b3e45756aa1c354 --host=127.0.0.1 --port=3306 --password=********** --single-transaction --quick --lock-tables=false _8b3e45756aa1c354 | /usr/bin/gzip >> ./prop.com/private/backups/20241005_120004-prop_com-database.sql.gz

Backup Summary for prop.com at 2024-10-05 12:00:06.981916
Config  : ./prop.com/private/backups/20241005_120004-prop_com-site_config_backup.json 249.0B
Database: ./prop.com/private/backups/20241005_120004-prop_com-database.sql.gz         6.3MiB
Backup for Site prop.com has been successfully completed
set -o pipefail; /usr/bin/mysqldump --user=_27901665e79b2ed2 --host=127.0.0.1 --port=3306 --password=********** --single-transaction --quick --lock-tables=false _27901665e79b2ed2 | /usr/bin/gzip >> ./newbie.com/private/backups/20241007_120002-newbie_com-database.sql.gz

Backup Summary for newbie.com at 2024-10-07 12:00:05.854422
Config  : ./newbie.com/private/backups/20241007_120002-newbie_com-site_config_backup.json 158.0B
Database: ./newbie.com/private/backups/20241007_120002-newbie_com-database.sql.gz         992.2KiB
Backup for Site newbie.com has been successfully completed
File ./prop.com/private/backups/20241005_120004-prop_com-site_config_backup.json is older than 24 hours
File ./prop.com/private/backups/20241004_180006-prop_com-site_config_backup.json is older than 24 hours
File ./prop.com/private/backups/20241005_120004-prop_com-database.sql.gz is older than 24 hours
File ./prop.com/private/backups/20241004_120005-prop_com-database.sql.gz is older than 24 hours
File ./prop.com/private/backups/20241004_120005-prop_com-site_config_backup.json is older than 24 hours
File ./prop.com/private/backups/20241004_180006-prop_com-database.sql.gz is older than 24 hours
set -o pipefail; /usr/bin/mysqldump --user=_8b3e45756aa1c354 --host=127.0.0.1 --port=3306 --password=********** --single-transaction --quick --lock-tables=false _8b3e45756aa1c354 | /usr/bin/gzip >> ./prop.com/private/backups/20241007_120005-prop_com-database.sql.gz

Backup Summary for prop.com at 2024-10-07 12:00:08.307539
Config  : ./prop.com/private/backups/20241007_120005-prop_com-site_config_backup.json 249.0B
Database: ./prop.com/private/backups/20241007_120005-prop_com-database.sql.gz         6.3MiB
Backup for Site prop.com has been successfully completed
set -o pipefail; /usr/bin/mysqldump --user=_27901665e79b2ed2 --host=127.0.0.1 --port=3306 --password=********** --single-transaction --quick --lock-tables=false _27901665e79b2ed2 | /usr/bin/gzip >> ./newbie.com/private/backups/20241007_180002-newbie_com-database.sql.gz

Backup Summary for newbie.com at 2024-10-07 18:00:06.046776
Config  : ./newbie.com/private/backups/20241007_180002-newbie_com-site_config_backup.json 158.0B
Database: ./newbie.com/private/backups/20241007_180002-newbie_com-database.sql.gz         992.2KiB
Backup for Site newbie.com has been successfully completed
File ./prop.com/private/backups/20241007_120005-prop_com-database.sql.gz is recent
File ./prop.com/private/backups/20241007_120005-prop_com-site_config_backup.json is recent
set -o pipefail; /usr/bin/mysqldump --user=_8b3e45756aa1c354 --host=127.0.0.1 --port=3306 --password=********** --single-transaction --quick --lock-tables=false _8b3e45756aa1c354 | /usr/bin/gzip >> ./prop.com/private/backups/20241007_180006-prop_com-database.sql.gz

Backup Summary for prop.com at 2024-10-07 18:00:08.118062
Config  : ./prop.com/private/backups/20241007_180006-prop_com-site_config_backup.json 249.0B
Database: ./prop.com/private/backups/20241007_180006-prop_com-database.sql.gz         6.3MiB
Backup for Site prop.com has been successfully completed
set -o pipefail; /usr/bin/mysqldump --user=_27901665e79b2ed2 --host=127.0.0.1 --port=3306 --password=********** --single-transaction --quick --lock-tables=false _27901665e79b2ed2 | /usr/bin/gzip >> ./newbie.com/private/backups/20241008_120002-newbie_com-database.sql.gz

Backup Summary for newbie.com at 2024-10-08 12:00:05.598996
Config  : ./newbie.com/private/backups/20241008_120002-newbie_com-site_config_backup.json 158.0B
Database: ./newbie.com/private/backups/20241008_120002-newbie_com-database.sql.gz         983.2KiB
Backup for Site newbie.com has been successfully completed
File ./prop.com/private/backups/20241007_180006-prop_com-database.sql.gz is recent
File ./prop.com/private/backups/20241007_120005-prop_com-database.sql.gz is recent
File ./prop.com/private/backups/20241007_120005-prop_com-site_config_backup.json is recent
File ./prop.com/private/backups/20241007_180006-prop_com-site_config_backup.json is recent
set -o pipefail; /usr/bin/mysqldump --user=_8b3e45756aa1c354 --host=127.0.0.1 --port=3306 --password=********** --single-transaction --quick --lock-tables=false _8b3e45756aa1c354 | /usr/bin/gzip >> ./prop.com/private/backups/20241008_120005-prop_com-database.sql.gz

Backup Summary for prop.com at 2024-10-08 12:00:08.031590
Config  : ./prop.com/private/backups/20241008_120005-prop_com-site_config_backup.json 249.0B
Database: ./prop.com/private/backups/20241008_120005-prop_com-database.sql.gz         6.3MiB
Backup for Site prop.com has been successfully completed
set -o pipefail; /usr/bin/mysqldump --user=_27901665e79b2ed2 --host=127.0.0.1 --port=3306 --password=********** --single-transaction --quick --lock-tables=false _27901665e79b2ed2 | /usr/bin/gzip >> ./newbie.com/private/backups/20241008_180002-newbie_com-database.sql.gz

Backup Summary for newbie.com at 2024-10-08 18:00:06.564007
Config  : ./newbie.com/private/backups/20241008_180002-newbie_com-site_config_backup.json 158.0B
Database: ./newbie.com/private/backups/20241008_180002-newbie_com-database.sql.gz         992.2KiB
Backup for Site newbie.com has been successfully completed
File ./prop.com/private/backups/20241007_180006-prop_com-database.sql.gz is recent
File ./prop.com/private/backups/20241007_120005-prop_com-database.sql.gz is older than 24 hours
File ./prop.com/private/backups/20241008_120005-prop_com-database.sql.gz is recent
File ./prop.com/private/backups/20241008_120005-prop_com-site_config_backup.json is recent
File ./prop.com/private/backups/20241007_120005-prop_com-site_config_backup.json is older than 24 hours
File ./prop.com/private/backups/20241007_180006-prop_com-site_config_backup.json is recent
set -o pipefail; /usr/bin/mysqldump --user=_8b3e45756aa1c354 --host=127.0.0.1 --port=3306 --password=********** --single-transaction --quick --lock-tables=false _8b3e45756aa1c354 | /usr/bin/gzip >> ./prop.com/private/backups/20241008_180006-prop_com-database.sql.gz

Backup Summary for prop.com at 2024-10-08 18:00:08.762794
Config  : ./prop.com/private/backups/20241008_180006-prop_com-site_config_backup.json 249.0B
Database: ./prop.com/private/backups/20241008_180006-prop_com-database.sql.gz         6.3MiB
Backup for Site prop.com has been successfully completed
set -o pipefail; /usr/bin/mysqldump --user=_27901665e79b2ed2 --host=127.0.0.1 --port=3306 --password=********** --single-transaction --quick --lock-tables=false _27901665e79b2ed2 | /usr/bin/gzip >> ./newbie.com/private/backups/20241009_120002-newbie_com-database.sql.gz

Backup Summary for newbie.com at 2024-10-09 12:00:06.129741
Config  : ./newbie.com/private/backups/20241009_120002-newbie_com-site_config_backup.json 158.0B
Database: ./newbie.com/private/backups/20241009_120002-newbie_com-database.sql.gz         986.5KiB
Backup for Site newbie.com has been successfully completed
File ./prop.com/private/backups/20241007_180006-prop_com-database.sql.gz is older than 24 hours
File ./prop.com/private/backups/20241008_180006-prop_com-site_config_backup.json is recent
File ./prop.com/private/backups/20241008_120005-prop_com-database.sql.gz is recent
File ./prop.com/private/backups/20241008_120005-prop_com-site_config_backup.json is recent
File ./prop.com/private/backups/20241008_180006-prop_com-database.sql.gz is recent
File ./prop.com/private/backups/20241007_180006-prop_com-site_config_backup.json is older than 24 hours
set -o pipefail; /usr/bin/mysqldump --user=_8b3e45756aa1c354 --host=127.0.0.1 --port=3306 --password=********** --single-transaction --quick --lock-tables=false _8b3e45756aa1c354 | /usr/bin/gzip >> ./prop.com/private/backups/20241009_120006-prop_com-database.sql.gz

Backup Summary for prop.com at 2024-10-09 12:00:09.017229
Config  : ./prop.com/private/backups/20241009_120006-prop_com-site_config_backup.json 249.0B
Database: ./prop.com/private/backups/20241009_120006-prop_com-database.sql.gz         6.3MiB
Backup for Site prop.com has been successfully completed
set -o pipefail; /usr/bin/mysqldump --user=_27901665e79b2ed2 --host=127.0.0.1 --port=3306 --password=********** --single-transaction --quick --lock-tables=false _27901665e79b2ed2 | /usr/bin/gzip >> ./newbie.com/private/backups/20241015_120002-newbie_com-database.sql.gz

Backup Summary for newbie.com at 2024-10-15 12:00:05.382919
Config  : ./newbie.com/private/backups/20241015_120002-newbie_com-site_config_backup.json 158.0B
Database: ./newbie.com/private/backups/20241015_120002-newbie_com-database.sql.gz         951.3KiB
Backup for Site newbie.com has been successfully completed
File ./prop.com/private/backups/20241008_180006-prop_com-site_config_backup.json is older than 24 hours
File ./prop.com/private/backups/20241008_120005-prop_com-database.sql.gz is older than 24 hours
File ./prop.com/private/backups/20241008_120005-prop_com-site_config_backup.json is older than 24 hours
File ./prop.com/private/backups/20241009_120006-prop_com-site_config_backup.json is older than 24 hours
File ./prop.com/private/backups/20241008_180006-prop_com-database.sql.gz is older than 24 hours
File ./prop.com/private/backups/20241009_120006-prop_com-database.sql.gz is older than 24 hours
set -o pipefail; /usr/bin/mysqldump --user=_8b3e45756aa1c354 --host=127.0.0.1 --port=3306 --password=********** --single-transaction --quick --lock-tables=false _8b3e45756aa1c354 | /usr/bin/gzip >> ./prop.com/private/backups/20241015_120005-prop_com-database.sql.gz

Backup Summary for prop.com at 2024-10-15 12:00:07.940785
Config  : ./prop.com/private/backups/20241015_120005-prop_com-site_config_backup.json 249.0B
Database: ./prop.com/private/backups/20241015_120005-prop_com-database.sql.gz         6.2MiB
Backup for Site prop.com has been successfully completed
set -o pipefail; /usr/bin/mysqldump --user=_27901665e79b2ed2 --host=127.0.0.1 --port=3306 --password=********** --single-transaction --quick --lock-tables=false _27901665e79b2ed2 | /usr/bin/gzip >> ./newbie.com/private/backups/20241015_180002-newbie_com-database.sql.gz

Backup Summary for newbie.com at 2024-10-15 18:00:06.353075
Config  : ./newbie.com/private/backups/20241015_180002-newbie_com-site_config_backup.json 158.0B
Database: ./newbie.com/private/backups/20241015_180002-newbie_com-database.sql.gz         951.3KiB
Backup for Site newbie.com has been successfully completed
File ./prop.com/private/backups/20241015_120005-prop_com-database.sql.gz is recent
File ./prop.com/private/backups/20241015_120005-prop_com-site_config_backup.json is recent
set -o pipefail; /usr/bin/mysqldump --user=_8b3e45756aa1c354 --host=127.0.0.1 --port=3306 --password=********** --single-transaction --quick --lock-tables=false _8b3e45756aa1c354 | /usr/bin/gzip >> ./prop.com/private/backups/20241015_180006-prop_com-database.sql.gz

Backup Summary for prop.com at 2024-10-15 18:00:08.973326
Config  : ./prop.com/private/backups/20241015_180006-prop_com-site_config_backup.json 271.0B
Database: ./prop.com/private/backups/20241015_180006-prop_com-database.sql.gz         6.2MiB
Backup for Site prop.com has been successfully completed
set -o pipefail; /usr/bin/mysqldump --user=_27901665e79b2ed2 --host=127.0.0.1 --port=3306 --password=********** --single-transaction --quick --lock-tables=false _27901665e79b2ed2 | /usr/bin/gzip >> ./newbie.com/private/backups/20241016_120001-newbie_com-database.sql.gz

Backup Summary for newbie.com at 2024-10-16 12:00:04.182332
Config  : ./newbie.com/private/backups/20241016_120001-newbie_com-site_config_backup.json 158.0B
Database: ./newbie.com/private/backups/20241016_120001-newbie_com-database.sql.gz         938.5KiB
Backup for Site newbie.com has been successfully completed
File ./prop.com/private/backups/20241015_180006-prop_com-site_config_backup.json is recent
File ./prop.com/private/backups/20241015_120005-prop_com-database.sql.gz is recent
File ./prop.com/private/backups/20241015_180006-prop_com-database.sql.gz is recent
File ./prop.com/private/backups/20241015_120005-prop_com-site_config_backup.json is recent
set -o pipefail; /usr/bin/mysqldump --user=_8b3e45756aa1c354 --host=127.0.0.1 --port=3306 --password=********** --single-transaction --quick --lock-tables=false _8b3e45756aa1c354 | /usr/bin/gzip >> ./prop.com/private/backups/20241016_120004-prop_com-database.sql.gz

Backup Summary for prop.com at 2024-10-16 12:00:09.492855
Config  : ./prop.com/private/backups/20241016_120004-prop_com-site_config_backup.json 271.0B
Database: ./prop.com/private/backups/20241016_120004-prop_com-database.sql.gz         6.2MiB
Backup for Site prop.com has been successfully completed
set -o pipefail; /usr/bin/mysqldump --user=_27901665e79b2ed2 --host=127.0.0.1 --port=3306 --password=********** --single-transaction --quick --lock-tables=false _27901665e79b2ed2 | /usr/bin/gzip >> ./newbie.com/private/backups/20241016_180002-newbie_com-database.sql.gz

Backup Summary for newbie.com at 2024-10-16 18:00:05.815512
Config  : ./newbie.com/private/backups/20241016_180002-newbie_com-site_config_backup.json 158.0B
Database: ./newbie.com/private/backups/20241016_180002-newbie_com-database.sql.gz         938.5KiB
Backup for Site newbie.com has been successfully completed
File ./prop.com/private/backups/20241015_180006-prop_com-site_config_backup.json is recent
File ./prop.com/private/backups/20241015_120005-prop_com-database.sql.gz is older than 24 hours
File ./prop.com/private/backups/20241015_180006-prop_com-database.sql.gz is recent
File ./prop.com/private/backups/20241016_120004-prop_com-database.sql.gz is recent
File ./prop.com/private/backups/20241015_120005-prop_com-site_config_backup.json is older than 24 hours
File ./prop.com/private/backups/20241016_120004-prop_com-site_config_backup.json is recent
set -o pipefail; /usr/bin/mysqldump --user=_8b3e45756aa1c354 --host=127.0.0.1 --port=3306 --password=********** --single-transaction --quick --lock-tables=false _8b3e45756aa1c354 | /usr/bin/gzip >> ./prop.com/private/backups/20241016_180005-prop_com-database.sql.gz

Backup Summary for prop.com at 2024-10-16 18:00:08.478367
Config  : ./prop.com/private/backups/20241016_180005-prop_com-site_config_backup.json 271.0B
Database: ./prop.com/private/backups/20241016_180005-prop_com-database.sql.gz         6.2MiB
Backup for Site prop.com has been successfully completed
set -o pipefail; /usr/bin/mysqldump --user=_27901665e79b2ed2 --host=127.0.0.1 --port=3306 --password=********** --single-transaction --quick --lock-tables=false _27901665e79b2ed2 | /usr/bin/gzip >> ./newbie.com/private/backups/20241017_120002-newbie_com-database.sql.gz

Backup Summary for newbie.com at 2024-10-17 12:00:04.558493
Config  : ./newbie.com/private/backups/20241017_120002-newbie_com-site_config_backup.json 158.0B
Database: ./newbie.com/private/backups/20241017_120002-newbie_com-database.sql.gz         932.8KiB
Backup for Site newbie.com has been successfully completed
File ./prop.com/private/backups/20241015_180006-prop_com-site_config_backup.json is older than 24 hours
File ./prop.com/private/backups/20241015_180006-prop_com-database.sql.gz is older than 24 hours
File ./prop.com/private/backups/20241016_180005-prop_com-site_config_backup.json is recent
File ./prop.com/private/backups/20241016_120004-prop_com-database.sql.gz is recent
File ./prop.com/private/backups/20241016_120004-prop_com-site_config_backup.json is recent
File ./prop.com/private/backups/20241016_180005-prop_com-database.sql.gz is recent
set -o pipefail; /usr/bin/mysqldump --user=_8b3e45756aa1c354 --host=127.0.0.1 --port=3306 --password=********** --single-transaction --quick --lock-tables=false _8b3e45756aa1c354 | /usr/bin/gzip >> ./prop.com/private/backups/20241017_120004-prop_com-database.sql.gz

Backup Summary for prop.com at 2024-10-17 12:00:07.049603
Config  : ./prop.com/private/backups/20241017_120004-prop_com-site_config_backup.json 271.0B
Database: ./prop.com/private/backups/20241017_120004-prop_com-database.sql.gz         6.2MiB
Backup for Site prop.com has been successfully completed
set -o pipefail; /usr/bin/mysqldump --user=_27901665e79b2ed2 --host=127.0.0.1 --port=3306 --password=********** --single-transaction --quick --lock-tables=false _27901665e79b2ed2 | /usr/bin/gzip >> ./newbie.com/private/backups/20241018_120002-newbie_com-database.sql.gz

Backup Summary for newbie.com at 2024-10-18 12:00:05.520103
Config  : ./newbie.com/private/backups/20241018_120002-newbie_com-site_config_backup.json 158.0B
Database: ./newbie.com/private/backups/20241018_120002-newbie_com-database.sql.gz         932.8KiB
Backup for Site newbie.com has been successfully completed
File ./prop.com/private/backups/20241017_120004-prop_com-site_config_backup.json is recent
File ./prop.com/private/backups/20241017_120004-prop_com-database.sql.gz is recent
File ./prop.com/private/backups/20241016_180005-prop_com-site_config_backup.json is older than 24 hours
File ./prop.com/private/backups/20241016_120004-prop_com-database.sql.gz is older than 24 hours
File ./prop.com/private/backups/20241016_120004-prop_com-site_config_backup.json is older than 24 hours
File ./prop.com/private/backups/20241016_180005-prop_com-database.sql.gz is older than 24 hours
set -o pipefail; /usr/bin/mysqldump --user=_8b3e45756aa1c354 --host=127.0.0.1 --port=3306 --password=********** --single-transaction --quick --lock-tables=false _8b3e45756aa1c354 | /usr/bin/gzip >> ./prop.com/private/backups/20241018_120005-prop_com-database.sql.gz

Backup Summary for prop.com at 2024-10-18 12:00:07.821586
Config  : ./prop.com/private/backups/20241018_120005-prop_com-site_config_backup.json 271.0B
Database: ./prop.com/private/backups/20241018_120005-prop_com-database.sql.gz         6.2MiB
Backup for Site prop.com has been successfully completed
set -o pipefail; /usr/bin/mysqldump --user=_27901665e79b2ed2 --host=127.0.0.1 --port=3306 --password=********** --single-transaction --quick --lock-tables=false _27901665e79b2ed2 | /usr/bin/gzip >> ./newbie.com/private/backups/20241018_180002-newbie_com-database.sql.gz

Backup Summary for newbie.com at 2024-10-18 18:00:05.572234
Config  : ./newbie.com/private/backups/20241018_180002-newbie_com-site_config_backup.json 158.0B
Database: ./newbie.com/private/backups/20241018_180002-newbie_com-database.sql.gz         932.8KiB
Backup for Site newbie.com has been successfully completed
File ./prop.com/private/backups/20241017_120004-prop_com-site_config_backup.json is older than 24 hours
File ./prop.com/private/backups/20241017_120004-prop_com-database.sql.gz is older than 24 hours
File ./prop.com/private/backups/20241018_120005-prop_com-site_config_backup.json is recent
File ./prop.com/private/backups/20241018_120005-prop_com-database.sql.gz is recent
set -o pipefail; /usr/bin/mysqldump --user=_8b3e45756aa1c354 --host=127.0.0.1 --port=3306 --password=********** --single-transaction --quick --lock-tables=false _8b3e45756aa1c354 | /usr/bin/gzip >> ./prop.com/private/backups/20241018_180005-prop_com-database.sql.gz

Backup Summary for prop.com at 2024-10-18 18:00:07.492672
Config  : ./prop.com/private/backups/20241018_180005-prop_com-site_config_backup.json 271.0B
Database: ./prop.com/private/backups/20241018_180005-prop_com-database.sql.gz         6.2MiB
Backup for Site prop.com has been successfully completed
set -o pipefail; /usr/bin/mysqldump --user=_27901665e79b2ed2 --host=127.0.0.1 --port=3306 --password=********** --single-transaction --quick --lock-tables=false _27901665e79b2ed2 | /usr/bin/gzip >> ./newbie.com/private/backups/20241021_120002-newbie_com-database.sql.gz

Backup Summary for newbie.com at 2024-10-21 12:00:06.347451
Config  : ./newbie.com/private/backups/20241021_120002-newbie_com-site_config_backup.json 158.0B
Database: ./newbie.com/private/backups/20241021_120002-newbie_com-database.sql.gz         932.8KiB
Backup for Site newbie.com has been successfully completed
File ./prop.com/private/backups/20241018_180005-prop_com-database.sql.gz is older than 24 hours
File ./prop.com/private/backups/20241018_120005-prop_com-site_config_backup.json is older than 24 hours
File ./prop.com/private/backups/20241018_180005-prop_com-site_config_backup.json is older than 24 hours
File ./prop.com/private/backups/20241018_120005-prop_com-database.sql.gz is older than 24 hours
set -o pipefail; /usr/bin/mysqldump --user=_8b3e45756aa1c354 --host=127.0.0.1 --port=3306 --password=********** --single-transaction --quick --lock-tables=false _8b3e45756aa1c354 | /usr/bin/gzip >> ./prop.com/private/backups/20241021_120006-prop_com-database.sql.gz

Backup Summary for prop.com at 2024-10-21 12:00:08.384367
Config  : ./prop.com/private/backups/20241021_120006-prop_com-site_config_backup.json 271.0B
Database: ./prop.com/private/backups/20241021_120006-prop_com-database.sql.gz         6.2MiB
Backup for Site prop.com has been successfully completed
set -o pipefail; /usr/bin/mysqldump --user=_27901665e79b2ed2 --host=127.0.0.1 --port=3306 --password=********** --single-transaction --quick --lock-tables=false _27901665e79b2ed2 | /usr/bin/gzip >> ./newbie.com/private/backups/20241021_180002-newbie_com-database.sql.gz

Backup Summary for newbie.com at 2024-10-21 18:00:04.296545
Config  : ./newbie.com/private/backups/20241021_180002-newbie_com-site_config_backup.json 158.0B
Database: ./newbie.com/private/backups/20241021_180002-newbie_com-database.sql.gz         932.8KiB
Backup for Site newbie.com has been successfully completed
File ./prop.com/private/backups/20241021_120006-prop_com-site_config_backup.json is recent
File ./prop.com/private/backups/20241021_120006-prop_com-database.sql.gz is recent
set -o pipefail; /usr/bin/mysqldump --user=_8b3e45756aa1c354 --host=127.0.0.1 --port=3306 --password=********** --single-transaction --quick --lock-tables=false _8b3e45756aa1c354 | /usr/bin/gzip >> ./prop.com/private/backups/20241021_180004-prop_com-database.sql.gz

Backup Summary for prop.com at 2024-10-21 18:00:06.073235
Config  : ./prop.com/private/backups/20241021_180004-prop_com-site_config_backup.json 271.0B
Database: ./prop.com/private/backups/20241021_180004-prop_com-database.sql.gz         6.2MiB
Backup for Site prop.com has been successfully completed
set -o pipefail; /usr/bin/mysqldump --user=_27901665e79b2ed2 --host=127.0.0.1 --port=3306 --password=********** --single-transaction --quick --lock-tables=false _27901665e79b2ed2 | /usr/bin/gzip >> ./newbie.com/private/backups/20241022_120002-newbie_com-database.sql.gz

Backup Summary for newbie.com at 2024-10-22 12:00:05.593784
Config  : ./newbie.com/private/backups/20241022_120002-newbie_com-site_config_backup.json 158.0B
Database: ./newbie.com/private/backups/20241022_120002-newbie_com-database.sql.gz         932.8KiB
Backup for Site newbie.com has been successfully completed
File ./prop.com/private/backups/20241021_120006-prop_com-site_config_backup.json is recent
File ./prop.com/private/backups/20241021_180004-prop_com-database.sql.gz is recent
File ./prop.com/private/backups/20241021_180004-prop_com-site_config_backup.json is recent
File ./prop.com/private/backups/20241021_120006-prop_com-database.sql.gz is recent
set -o pipefail; /usr/bin/mysqldump --user=_8b3e45756aa1c354 --host=127.0.0.1 --port=3306 --password=********** --single-transaction --quick --lock-tables=false _8b3e45756aa1c354 | /usr/bin/gzip >> ./prop.com/private/backups/20241022_120005-prop_com-database.sql.gz

Backup Summary for prop.com at 2024-10-22 12:00:07.486917
Config  : ./prop.com/private/backups/20241022_120005-prop_com-site_config_backup.json 271.0B
Database: ./prop.com/private/backups/20241022_120005-prop_com-database.sql.gz         6.2MiB
Backup for Site prop.com has been successfully completed
set -o pipefail; /usr/bin/mysqldump --user=_27901665e79b2ed2 --host=127.0.0.1 --port=3306 --password=********** --single-transaction --quick --lock-tables=false _27901665e79b2ed2 | /usr/bin/gzip >> ./newbie.com/private/backups/20241022_180002-newbie_com-database.sql.gz

Backup Summary for newbie.com at 2024-10-22 18:00:04.566155
Config  : ./newbie.com/private/backups/20241022_180002-newbie_com-site_config_backup.json 158.0B
Database: ./newbie.com/private/backups/20241022_180002-newbie_com-database.sql.gz         932.8KiB
Backup for Site newbie.com has been successfully completed
File ./prop.com/private/backups/20241021_120006-prop_com-site_config_backup.json is older than 24 hours
File ./prop.com/private/backups/20241021_180004-prop_com-database.sql.gz is recent
File ./prop.com/private/backups/20241022_120005-prop_com-site_config_backup.json is recent
File ./prop.com/private/backups/20241021_180004-prop_com-site_config_backup.json is recent
File ./prop.com/private/backups/20241022_120005-prop_com-database.sql.gz is recent
File ./prop.com/private/backups/20241021_120006-prop_com-database.sql.gz is older than 24 hours
set -o pipefail; /usr/bin/mysqldump --user=_8b3e45756aa1c354 --host=127.0.0.1 --port=3306 --password=********** --single-transaction --quick --lock-tables=false _8b3e45756aa1c354 | /usr/bin/gzip >> ./prop.com/private/backups/20241022_180004-prop_com-database.sql.gz

Backup Summary for prop.com at 2024-10-22 18:00:06.503331
Config  : ./prop.com/private/backups/20241022_180004-prop_com-site_config_backup.json 271.0B
Database: ./prop.com/private/backups/20241022_180004-prop_com-database.sql.gz         6.2MiB
Backup for Site prop.com has been successfully completed
set -o pipefail; /usr/bin/mysqldump --user=_27901665e79b2ed2 --host=127.0.0.1 --port=3306 --password=********** --single-transaction --quick --lock-tables=false _27901665e79b2ed2 | /usr/bin/gzip >> ./newbie.com/private/backups/20241023_120002-newbie_com-database.sql.gz

Backup Summary for newbie.com at 2024-10-23 12:00:05.540518
Config  : ./newbie.com/private/backups/20241023_120002-newbie_com-site_config_backup.json 158.0B
Database: ./newbie.com/private/backups/20241023_120002-newbie_com-database.sql.gz         932.8KiB
Backup for Site newbie.com has been successfully completed
File ./prop.com/private/backups/20241022_180004-prop_com-database.sql.gz is recent
File ./prop.com/private/backups/20241021_180004-prop_com-database.sql.gz is older than 24 hours
File ./prop.com/private/backups/20241022_120005-prop_com-site_config_backup.json is recent
File ./prop.com/private/backups/20241021_180004-prop_com-site_config_backup.json is older than 24 hours
File ./prop.com/private/backups/20241022_180004-prop_com-site_config_backup.json is recent
File ./prop.com/private/backups/20241022_120005-prop_com-database.sql.gz is recent
set -o pipefail; /usr/bin/mysqldump --user=_8b3e45756aa1c354 --host=127.0.0.1 --port=3306 --password=********** --single-transaction --quick --lock-tables=false _8b3e45756aa1c354 | /usr/bin/gzip >> ./prop.com/private/backups/20241023_120005-prop_com-database.sql.gz

Backup Summary for prop.com at 2024-10-23 12:00:07.579292
Config  : ./prop.com/private/backups/20241023_120005-prop_com-site_config_backup.json 271.0B
Database: ./prop.com/private/backups/20241023_120005-prop_com-database.sql.gz         6.2MiB
Backup for Site prop.com has been successfully completed
set -o pipefail; /usr/bin/mysqldump --user=_27901665e79b2ed2 --host=127.0.0.1 --port=3306 --password=********** --single-transaction --quick --lock-tables=false _27901665e79b2ed2 | /usr/bin/gzip >> ./newbie.com/private/backups/20241023_180002-newbie_com-database.sql.gz

Backup Summary for newbie.com at 2024-10-23 18:00:04.895355
Config  : ./newbie.com/private/backups/20241023_180002-newbie_com-site_config_backup.json 158.0B
Database: ./newbie.com/private/backups/20241023_180002-newbie_com-database.sql.gz         932.8KiB
Backup for Site newbie.com has been successfully completed
File ./prop.com/private/backups/20241023_120005-prop_com-site_config_backup.json is recent
File ./prop.com/private/backups/20241022_180004-prop_com-database.sql.gz is recent
File ./prop.com/private/backups/20241023_120005-prop_com-database.sql.gz is recent
File ./prop.com/private/backups/20241022_120005-prop_com-site_config_backup.json is older than 24 hours
File ./prop.com/private/backups/20241022_180004-prop_com-site_config_backup.json is recent
File ./prop.com/private/backups/20241022_120005-prop_com-database.sql.gz is older than 24 hours
set -o pipefail; /usr/bin/mysqldump --user=_8b3e45756aa1c354 --host=127.0.0.1 --port=3306 --password=********** --single-transaction --quick --lock-tables=false _8b3e45756aa1c354 | /usr/bin/gzip >> ./prop.com/private/backups/20241023_180004-prop_com-database.sql.gz

Backup Summary for prop.com at 2024-10-23 18:00:06.718171
Config  : ./prop.com/private/backups/20241023_180004-prop_com-site_config_backup.json 271.0B
Database: ./prop.com/private/backups/20241023_180004-prop_com-database.sql.gz         6.2MiB
Backup for Site prop.com has been successfully completed
set -o pipefail; /usr/bin/mysqldump --user=_27901665e79b2ed2 --host=127.0.0.1 --port=3306 --password=********** --single-transaction --quick --lock-tables=false _27901665e79b2ed2 | /usr/bin/gzip >> ./newbie.com/private/backups/20241024_120001-newbie_com-database.sql.gz

Backup Summary for newbie.com at 2024-10-24 12:00:04.271171
Config  : ./newbie.com/private/backups/20241024_120001-newbie_com-site_config_backup.json 158.0B
Database: ./newbie.com/private/backups/20241024_120001-newbie_com-database.sql.gz         932.8KiB
Backup for Site newbie.com has been successfully completed
File ./prop.com/private/backups/20241023_120005-prop_com-site_config_backup.json is recent
File ./prop.com/private/backups/20241023_180004-prop_com-site_config_backup.json is recent
File ./prop.com/private/backups/20241022_180004-prop_com-database.sql.gz is older than 24 hours
File ./prop.com/private/backups/20241023_120005-prop_com-database.sql.gz is recent
File ./prop.com/private/backups/20241022_180004-prop_com-site_config_backup.json is older than 24 hours
File ./prop.com/private/backups/20241023_180004-prop_com-database.sql.gz is recent
set -o pipefail; /usr/bin/mysqldump --user=_8b3e45756aa1c354 --host=127.0.0.1 --port=3306 --password=********** --single-transaction --quick --lock-tables=false _8b3e45756aa1c354 | /usr/bin/gzip >> ./prop.com/private/backups/20241024_120004-prop_com-database.sql.gz

Backup Summary for prop.com at 2024-10-24 12:00:06.520312
Config  : ./prop.com/private/backups/20241024_120004-prop_com-site_config_backup.json 271.0B
Database: ./prop.com/private/backups/20241024_120004-prop_com-database.sql.gz         6.2MiB
Backup for Site prop.com has been successfully completed
set -o pipefail; /usr/bin/mysqldump --user=_27901665e79b2ed2 --host=127.0.0.1 --port=3306 --password=********** --single-transaction --quick --lock-tables=false _27901665e79b2ed2 | /usr/bin/gzip >> ./newbie.com/private/backups/20241025_120003-newbie_com-database.sql.gz

Backup Summary for newbie.com at 2024-10-25 12:00:05.919110
Config  : ./newbie.com/private/backups/20241025_120003-newbie_com-site_config_backup.json 158.0B
Database: ./newbie.com/private/backups/20241025_120003-newbie_com-database.sql.gz         932.8KiB
Backup for Site newbie.com has been successfully completed
File ./prop.com/private/backups/20241023_120005-prop_com-site_config_backup.json is older than 24 hours
File ./prop.com/private/backups/20241023_180004-prop_com-site_config_backup.json is older than 24 hours
File ./prop.com/private/backups/20241024_120004-prop_com-site_config_backup.json is recent
File ./prop.com/private/backups/20241023_120005-prop_com-database.sql.gz is older than 24 hours
File ./prop.com/private/backups/20241023_180004-prop_com-database.sql.gz is older than 24 hours
File ./prop.com/private/backups/20241024_120004-prop_com-database.sql.gz is recent
set -o pipefail; /usr/bin/mysqldump --user=_8b3e45756aa1c354 --host=127.0.0.1 --port=3306 --password=********** --single-transaction --quick --lock-tables=false _8b3e45756aa1c354 | /usr/bin/gzip >> ./prop.com/private/backups/20241025_120005-prop_com-database.sql.gz

Backup Summary for prop.com at 2024-10-25 12:00:08.665037
Config  : ./prop.com/private/backups/20241025_120005-prop_com-site_config_backup.json 271.0B
Database: ./prop.com/private/backups/20241025_120005-prop_com-database.sql.gz         6.2MiB
Backup for Site prop.com has been successfully completed
set -o pipefail; /usr/bin/mysqldump --user=_27901665e79b2ed2 --host=127.0.0.1 --port=3306 --password=********** --single-transaction --quick --lock-tables=false _27901665e79b2ed2 | /usr/bin/gzip >> ./newbie.com/private/backups/20241025_180002-newbie_com-database.sql.gz

Backup Summary for newbie.com at 2024-10-25 18:00:04.764036
Config  : ./newbie.com/private/backups/20241025_180002-newbie_com-site_config_backup.json 158.0B
Database: ./newbie.com/private/backups/20241025_180002-newbie_com-database.sql.gz         932.8KiB
Backup for Site newbie.com has been successfully completed
File ./prop.com/private/backups/20241024_120004-prop_com-site_config_backup.json is older than 24 hours
File ./prop.com/private/backups/20241025_120005-prop_com-database.sql.gz is recent
File ./prop.com/private/backups/20241025_120005-prop_com-site_config_backup.json is recent
File ./prop.com/private/backups/20241024_120004-prop_com-database.sql.gz is older than 24 hours
set -o pipefail; /usr/bin/mysqldump --user=_8b3e45756aa1c354 --host=127.0.0.1 --port=3306 --password=********** --single-transaction --quick --lock-tables=false _8b3e45756aa1c354 | /usr/bin/gzip >> ./prop.com/private/backups/20241025_180004-prop_com-database.sql.gz

Backup Summary for prop.com at 2024-10-25 18:00:06.937425
Config  : ./prop.com/private/backups/20241025_180004-prop_com-site_config_backup.json 271.0B
Database: ./prop.com/private/backups/20241025_180004-prop_com-database.sql.gz         6.2MiB
Backup for Site prop.com has been successfully completed
set -o pipefail; /usr/bin/mysqldump --user=_27901665e79b2ed2 --host=127.0.0.1 --port=3306 --password=********** --single-transaction --quick --lock-tables=false _27901665e79b2ed2 | /usr/bin/gzip >> ./newbie.com/private/backups/20241026_180002-newbie_com-database.sql.gz

Backup Summary for newbie.com at 2024-10-26 18:00:07.255868
Config  : ./newbie.com/private/backups/20241026_180002-newbie_com-site_config_backup.json 158.0B
Database: ./newbie.com/private/backups/20241026_180002-newbie_com-database.sql.gz         932.8KiB
Backup for Site newbie.com has been successfully completed
File ./prop.com/private/backups/20241025_120005-prop_com-database.sql.gz is older than 24 hours
File ./prop.com/private/backups/20241025_120005-prop_com-site_config_backup.json is older than 24 hours
File ./prop.com/private/backups/20241025_180004-prop_com-site_config_backup.json is older than 24 hours
File ./prop.com/private/backups/20241025_180004-prop_com-database.sql.gz is older than 24 hours
set -o pipefail; /usr/bin/mysqldump --user=_8b3e45756aa1c354 --host=127.0.0.1 --port=3306 --password=********** --single-transaction --quick --lock-tables=false _8b3e45756aa1c354 | /usr/bin/gzip >> ./prop.com/private/backups/20241026_180007-prop_com-database.sql.gz

Backup Summary for prop.com at 2024-10-26 18:00:10.689427
Config  : ./prop.com/private/backups/20241026_180007-prop_com-site_config_backup.json 271.0B
Database: ./prop.com/private/backups/20241026_180007-prop_com-database.sql.gz         6.2MiB
Backup for Site prop.com has been successfully completed
set -o pipefail; /usr/bin/mysqldump --user=_27901665e79b2ed2 --host=127.0.0.1 --port=3306 --password=********** --single-transaction --quick --lock-tables=false _27901665e79b2ed2 | /usr/bin/gzip >> ./newbie.com/private/backups/20241028_120002-newbie_com-database.sql.gz

Backup Summary for newbie.com at 2024-10-28 12:00:05.614710
Config  : ./newbie.com/private/backups/20241028_120002-newbie_com-site_config_backup.json 158.0B
Database: ./newbie.com/private/backups/20241028_120002-newbie_com-database.sql.gz         932.8KiB
Backup for Site newbie.com has been successfully completed
File ./prop.com/private/backups/20241026_180007-prop_com-database.sql.gz is older than 24 hours
File ./prop.com/private/backups/20241026_180007-prop_com-site_config_backup.json is older than 24 hours
set -o pipefail; /usr/bin/mysqldump --user=_8b3e45756aa1c354 --host=127.0.0.1 --port=3306 --password=********** --single-transaction --quick --lock-tables=false _8b3e45756aa1c354 | /usr/bin/gzip >> ./prop.com/private/backups/20241028_120005-prop_com-database.sql.gz

Backup Summary for prop.com at 2024-10-28 12:00:08.413460
Config  : ./prop.com/private/backups/20241028_120005-prop_com-site_config_backup.json 271.0B
Database: ./prop.com/private/backups/20241028_120005-prop_com-database.sql.gz         6.2MiB
Backup for Site prop.com has been successfully completed
set -o pipefail; /usr/bin/mysqldump --user=_27901665e79b2ed2 --host=127.0.0.1 --port=3306 --password=********** --single-transaction --quick --lock-tables=false _27901665e79b2ed2 | /usr/bin/gzip >> ./newbie.com/private/backups/20241028_180002-newbie_com-database.sql.gz

Backup Summary for newbie.com at 2024-10-28 18:00:04.782492
Config  : ./newbie.com/private/backups/20241028_180002-newbie_com-site_config_backup.json 158.0B
Database: ./newbie.com/private/backups/20241028_180002-newbie_com-database.sql.gz         932.8KiB
Backup for Site newbie.com has been successfully completed
File ./prop.com/private/backups/20241028_120005-prop_com-site_config_backup.json is recent
File ./prop.com/private/backups/20241028_120005-prop_com-database.sql.gz is recent
set -o pipefail; /usr/bin/mysqldump --user=_8b3e45756aa1c354 --host=127.0.0.1 --port=3306 --password=********** --single-transaction --quick --lock-tables=false _8b3e45756aa1c354 | /usr/bin/gzip >> ./prop.com/private/backups/20241028_180004-prop_com-database.sql.gz

Backup Summary for prop.com at 2024-10-28 18:00:07.100154
Config  : ./prop.com/private/backups/20241028_180004-prop_com-site_config_backup.json 271.0B
Database: ./prop.com/private/backups/20241028_180004-prop_com-database.sql.gz         6.2MiB
Backup for Site prop.com has been successfully completed
set -o pipefail; /usr/bin/mysqldump --user=_27901665e79b2ed2 --host=127.0.0.1 --port=3306 --password=********** --single-transaction --quick --lock-tables=false _27901665e79b2ed2 | /usr/bin/gzip >> ./newbie.com/private/backups/20241029_120001-newbie_com-database.sql.gz

Backup Summary for newbie.com at 2024-10-29 12:00:04.088793
Config  : ./newbie.com/private/backups/20241029_120001-newbie_com-site_config_backup.json 158.0B
Database: ./newbie.com/private/backups/20241029_120001-newbie_com-database.sql.gz         932.8KiB
Backup for Site newbie.com has been successfully completed
File ./prop.com/private/backups/20241028_120005-prop_com-site_config_backup.json is recent
File ./prop.com/private/backups/20241028_180004-prop_com-database.sql.gz is recent
File ./prop.com/private/backups/20241028_120005-prop_com-database.sql.gz is recent
File ./prop.com/private/backups/20241028_180004-prop_com-site_config_backup.json is recent
set -o pipefail; /usr/bin/mysqldump --user=_8b3e45756aa1c354 --host=127.0.0.1 --port=3306 --password=********** --single-transaction --quick --lock-tables=false _8b3e45756aa1c354 | /usr/bin/gzip >> ./prop.com/private/backups/20241029_120004-prop_com-database.sql.gz

Backup Summary for prop.com at 2024-10-29 12:00:06.388086
Config  : ./prop.com/private/backups/20241029_120004-prop_com-site_config_backup.json 271.0B
Database: ./prop.com/private/backups/20241029_120004-prop_com-database.sql.gz         6.2MiB
Backup for Site prop.com has been successfully completed
set -o pipefail; /usr/bin/mysqldump --user=_27901665e79b2ed2 --host=127.0.0.1 --port=3306 --password=********** --single-transaction --quick --lock-tables=false _27901665e79b2ed2 | /usr/bin/gzip >> ./newbie.com/private/backups/20241029_180002-newbie_com-database.sql.gz

Backup Summary for newbie.com at 2024-10-29 18:00:07.161977
Config  : ./newbie.com/private/backups/20241029_180002-newbie_com-site_config_backup.json 158.0B
Database: ./newbie.com/private/backups/20241029_180002-newbie_com-database.sql.gz         932.8KiB
Backup for Site newbie.com has been successfully completed
File ./prop.com/private/backups/20241028_120005-prop_com-site_config_backup.json is older than 24 hours
File ./prop.com/private/backups/20241028_180004-prop_com-database.sql.gz is older than 24 hours
File ./prop.com/private/backups/20241029_120004-prop_com-site_config_backup.json is recent
File ./prop.com/private/backups/20241028_120005-prop_com-database.sql.gz is older than 24 hours
File ./prop.com/private/backups/20241028_180004-prop_com-site_config_backup.json is older than 24 hours
File ./prop.com/private/backups/20241029_120004-prop_com-database.sql.gz is recent
set -o pipefail; /usr/bin/mysqldump --user=_8b3e45756aa1c354 --host=127.0.0.1 --port=3306 --password=********** --single-transaction --quick --lock-tables=false _8b3e45756aa1c354 | /usr/bin/gzip >> ./prop.com/private/backups/20241029_180007-prop_com-database.sql.gz

Backup Summary for prop.com at 2024-10-29 18:00:09.474000
Config  : ./prop.com/private/backups/20241029_180007-prop_com-site_config_backup.json 271.0B
Database: ./prop.com/private/backups/20241029_180007-prop_com-database.sql.gz         6.2MiB
Backup for Site prop.com has been successfully completed
set -o pipefail; /usr/bin/mysqldump --user=_27901665e79b2ed2 --host=127.0.0.1 --port=3306 --password=********** --single-transaction --quick --lock-tables=false _27901665e79b2ed2 | /usr/bin/gzip >> ./newbie.com/private/backups/20241030_120001-newbie_com-database.sql.gz

Backup Summary for newbie.com at 2024-10-30 12:00:04.865075
Config  : ./newbie.com/private/backups/20241030_120001-newbie_com-site_config_backup.json 158.0B
Database: ./newbie.com/private/backups/20241030_120001-newbie_com-database.sql.gz         932.8KiB
Backup for Site newbie.com has been successfully completed
File ./prop.com/private/backups/20241029_180007-prop_com-site_config_backup.json is recent
File ./prop.com/private/backups/20241029_120004-prop_com-site_config_backup.json is recent
File ./prop.com/private/backups/20241029_180007-prop_com-database.sql.gz is recent
File ./prop.com/private/backups/20241029_120004-prop_com-database.sql.gz is recent
set -o pipefail; /usr/bin/mysqldump --user=_8b3e45756aa1c354 --host=127.0.0.1 --port=3306 --password=********** --single-transaction --quick --lock-tables=false _8b3e45756aa1c354 | /usr/bin/gzip >> ./prop.com/private/backups/20241030_120004-prop_com-database.sql.gz

Backup Summary for prop.com at 2024-10-30 12:00:07.106003
Config  : ./prop.com/private/backups/20241030_120004-prop_com-site_config_backup.json 271.0B
Database: ./prop.com/private/backups/20241030_120004-prop_com-database.sql.gz         6.2MiB
Backup for Site prop.com has been successfully completed
set -o pipefail; /usr/bin/mysqldump --user=_27901665e79b2ed2 --host=127.0.0.1 --port=3306 --password=********** --single-transaction --quick --lock-tables=false _27901665e79b2ed2 | /usr/bin/gzip >> ./newbie.com/private/backups/20241030_180002-newbie_com-database.sql.gz

Backup Summary for newbie.com at 2024-10-30 18:00:04.128375
Config  : ./newbie.com/private/backups/20241030_180002-newbie_com-site_config_backup.json 158.0B
Database: ./newbie.com/private/backups/20241030_180002-newbie_com-database.sql.gz         932.8KiB
Backup for Site newbie.com has been successfully completed
File ./prop.com/private/backups/20241029_180007-prop_com-site_config_backup.json is recent
File ./prop.com/private/backups/20241029_120004-prop_com-site_config_backup.json is older than 24 hours
File ./prop.com/private/backups/20241029_180007-prop_com-database.sql.gz is recent
File ./prop.com/private/backups/20241030_120004-prop_com-database.sql.gz is recent
File ./prop.com/private/backups/20241030_120004-prop_com-site_config_backup.json is recent
File ./prop.com/private/backups/20241029_120004-prop_com-database.sql.gz is older than 24 hours
set -o pipefail; /usr/bin/mysqldump --user=_8b3e45756aa1c354 --host=127.0.0.1 --port=3306 --password=********** --single-transaction --quick --lock-tables=false _8b3e45756aa1c354 | /usr/bin/gzip >> ./prop.com/private/backups/20241030_180004-prop_com-database.sql.gz

Backup Summary for prop.com at 2024-10-30 18:00:06.095915
Config  : ./prop.com/private/backups/20241030_180004-prop_com-site_config_backup.json 271.0B
Database: ./prop.com/private/backups/20241030_180004-prop_com-database.sql.gz         6.2MiB
Backup for Site prop.com has been successfully completed
set -o pipefail; /usr/bin/mysqldump --user=_27901665e79b2ed2 --host=127.0.0.1 --port=3306 --password=********** --single-transaction --quick --lock-tables=false _27901665e79b2ed2 | /usr/bin/gzip >> ./newbie.com/private/backups/20241104_120002-newbie_com-database.sql.gz

Backup Summary for newbie.com at 2024-11-04 12:00:04.793963
Config  : ./newbie.com/private/backups/20241104_120002-newbie_com-site_config_backup.json 158.0B
Database: ./newbie.com/private/backups/20241104_120002-newbie_com-database.sql.gz         932.8KiB
Backup for Site newbie.com has been successfully completed
File ./prop.com/private/backups/20241030_180004-prop_com-site_config_backup.json is older than 24 hours
File ./prop.com/private/backups/20241029_180007-prop_com-site_config_backup.json is older than 24 hours
File ./prop.com/private/backups/20241029_180007-prop_com-database.sql.gz is older than 24 hours
File ./prop.com/private/backups/20241030_180004-prop_com-database.sql.gz is older than 24 hours
File ./prop.com/private/backups/20241030_120004-prop_com-database.sql.gz is older than 24 hours
File ./prop.com/private/backups/20241030_120004-prop_com-site_config_backup.json is older than 24 hours
set -o pipefail; /usr/bin/mysqldump --user=_8b3e45756aa1c354 --host=127.0.0.1 --port=3306 --password=********** --single-transaction --quick --lock-tables=false _8b3e45756aa1c354 | /usr/bin/gzip >> ./prop.com/private/backups/20241104_120004-prop_com-database.sql.gz

Backup Summary for prop.com at 2024-11-04 12:00:07.073915
Config  : ./prop.com/private/backups/20241104_120004-prop_com-site_config_backup.json 271.0B
Database: ./prop.com/private/backups/20241104_120004-prop_com-database.sql.gz         6.2MiB
Backup for Site prop.com has been successfully completed
set -o pipefail; /usr/bin/mysqldump --user=_27901665e79b2ed2 --host=127.0.0.1 --port=3306 --password=********** --single-transaction --quick --lock-tables=false _27901665e79b2ed2 | /usr/bin/gzip >> ./newbie.com/private/backups/20241104_180002-newbie_com-database.sql.gz

Backup Summary for newbie.com at 2024-11-04 18:00:03.537185
Config  : ./newbie.com/private/backups/20241104_180002-newbie_com-site_config_backup.json 158.0B
Database: ./newbie.com/private/backups/20241104_180002-newbie_com-database.sql.gz         932.8KiB
Backup for Site newbie.com has been successfully completed
File ./prop.com/private/backups/20241104_120004-prop_com-database.sql.gz is recent
File ./prop.com/private/backups/20241104_120004-prop_com-site_config_backup.json is recent
set -o pipefail; /usr/bin/mysqldump --user=_8b3e45756aa1c354 --host=127.0.0.1 --port=3306 --password=********** --single-transaction --quick --lock-tables=false _8b3e45756aa1c354 | /usr/bin/gzip >> ./prop.com/private/backups/20241104_180003-prop_com-database.sql.gz

Backup Summary for prop.com at 2024-11-04 18:00:05.547764
Config  : ./prop.com/private/backups/20241104_180003-prop_com-site_config_backup.json 271.0B
Database: ./prop.com/private/backups/20241104_180003-prop_com-database.sql.gz         6.2MiB
Backup for Site prop.com has been successfully completed
set -o pipefail; /usr/bin/mysqldump --user=_27901665e79b2ed2 --host=127.0.0.1 --port=3306 --password=********** --single-transaction --quick --lock-tables=false _27901665e79b2ed2 | /usr/bin/gzip >> ./newbie.com/private/backups/20241105_120002-newbie_com-database.sql.gz

Backup Summary for newbie.com at 2024-11-05 12:00:05.099348
Config  : ./newbie.com/private/backups/20241105_120002-newbie_com-site_config_backup.json 158.0B
Database: ./newbie.com/private/backups/20241105_120002-newbie_com-database.sql.gz         932.8KiB
Backup for Site newbie.com has been successfully completed
File ./prop.com/private/backups/20241104_120004-prop_com-database.sql.gz is recent
File ./prop.com/private/backups/20241104_120004-prop_com-site_config_backup.json is recent
File ./prop.com/private/backups/20241104_180003-prop_com-site_config_backup.json is recent
File ./prop.com/private/backups/20241104_180003-prop_com-database.sql.gz is recent
set -o pipefail; /usr/bin/mysqldump --user=_8b3e45756aa1c354 --host=127.0.0.1 --port=3306 --password=********** --single-transaction --quick --lock-tables=false _8b3e45756aa1c354 | /usr/bin/gzip >> ./prop.com/private/backups/20241105_120005-prop_com-database.sql.gz

Backup Summary for prop.com at 2024-11-05 12:00:07.438227
Config  : ./prop.com/private/backups/20241105_120005-prop_com-site_config_backup.json 271.0B
Database: ./prop.com/private/backups/20241105_120005-prop_com-database.sql.gz         6.2MiB
Backup for Site prop.com has been successfully completed
set -o pipefail; /usr/bin/mysqldump --user=_27901665e79b2ed2 --host=127.0.0.1 --port=3306 --password=********** --single-transaction --quick --lock-tables=false _27901665e79b2ed2 | /usr/bin/gzip >> ./newbie.com/private/backups/20241105_180002-newbie_com-database.sql.gz

Backup Summary for newbie.com at 2024-11-05 18:00:07.351531
Config  : ./newbie.com/private/backups/20241105_180002-newbie_com-site_config_backup.json 158.0B
Database: ./newbie.com/private/backups/20241105_180002-newbie_com-database.sql.gz         932.8KiB
Backup for Site newbie.com has been successfully completed
File ./prop.com/private/backups/20241104_120004-prop_com-database.sql.gz is older than 24 hours
File ./prop.com/private/backups/20241104_120004-prop_com-site_config_backup.json is older than 24 hours
File ./prop.com/private/backups/20241104_180003-prop_com-site_config_backup.json is older than 24 hours
File ./prop.com/private/backups/20241105_120005-prop_com-database.sql.gz is recent
File ./prop.com/private/backups/20241105_120005-prop_com-site_config_backup.json is recent
File ./prop.com/private/backups/20241104_180003-prop_com-database.sql.gz is older than 24 hours
set -o pipefail; /usr/bin/mysqldump --user=_8b3e45756aa1c354 --host=127.0.0.1 --port=3306 --password=********** --single-transaction --quick --lock-tables=false _8b3e45756aa1c354 | /usr/bin/gzip >> ./prop.com/private/backups/20241105_180007-prop_com-database.sql.gz

Backup Summary for prop.com at 2024-11-05 18:00:09.672099
Config  : ./prop.com/private/backups/20241105_180007-prop_com-site_config_backup.json 271.0B
Database: ./prop.com/private/backups/20241105_180007-prop_com-database.sql.gz         6.2MiB
Backup for Site prop.com has been successfully completed
set -o pipefail; /usr/bin/mysqldump --user=_27901665e79b2ed2 --host=127.0.0.1 --port=3306 --password=********** --single-transaction --quick --lock-tables=false _27901665e79b2ed2 | /usr/bin/gzip >> ./newbie.com/private/backups/20241106_120002-newbie_com-database.sql.gz

Backup Summary for newbie.com at 2024-11-06 12:00:04.580696
Config  : ./newbie.com/private/backups/20241106_120002-newbie_com-site_config_backup.json 158.0B
Database: ./newbie.com/private/backups/20241106_120002-newbie_com-database.sql.gz         932.8KiB
Backup for Site newbie.com has been successfully completed
File ./prop.com/private/backups/20241105_120005-prop_com-database.sql.gz is recent
File ./prop.com/private/backups/20241105_120005-prop_com-site_config_backup.json is recent
File ./prop.com/private/backups/20241105_180007-prop_com-database.sql.gz is recent
File ./prop.com/private/backups/20241105_180007-prop_com-site_config_backup.json is recent
set -o pipefail; /usr/bin/mysqldump --user=_8b3e45756aa1c354 --host=127.0.0.1 --port=3306 --password=********** --single-transaction --quick --lock-tables=false _8b3e45756aa1c354 | /usr/bin/gzip >> ./prop.com/private/backups/20241106_120004-prop_com-database.sql.gz

Backup Summary for prop.com at 2024-11-06 12:00:07.035636
Config  : ./prop.com/private/backups/20241106_120004-prop_com-site_config_backup.json 271.0B
Database: ./prop.com/private/backups/20241106_120004-prop_com-database.sql.gz         6.2MiB
Backup for Site prop.com has been successfully completed
set -o pipefail; /usr/bin/mysqldump --user=_27901665e79b2ed2 --host=127.0.0.1 --port=3306 --password=********** --single-transaction --quick --lock-tables=false _27901665e79b2ed2 | /usr/bin/gzip >> ./newbie.com/private/backups/20241106_180001-newbie_com-database.sql.gz

Backup Summary for newbie.com at 2024-11-06 18:00:03.191732
Config  : ./newbie.com/private/backups/20241106_180001-newbie_com-site_config_backup.json 158.0B
Database: ./newbie.com/private/backups/20241106_180001-newbie_com-database.sql.gz         932.8KiB
Backup for Site newbie.com has been successfully completed
File ./prop.com/private/backups/20241105_120005-prop_com-database.sql.gz is older than 24 hours
File ./prop.com/private/backups/20241105_120005-prop_com-site_config_backup.json is older than 24 hours
File ./prop.com/private/backups/20241106_120004-prop_com-database.sql.gz is recent
File ./prop.com/private/backups/20241106_120004-prop_com-site_config_backup.json is recent
File ./prop.com/private/backups/20241105_180007-prop_com-database.sql.gz is recent
File ./prop.com/private/backups/20241105_180007-prop_com-site_config_backup.json is recent
set -o pipefail; /usr/bin/mysqldump --user=_8b3e45756aa1c354 --host=127.0.0.1 --port=3306 --password=********** --single-transaction --quick --lock-tables=false _8b3e45756aa1c354 | /usr/bin/gzip >> ./prop.com/private/backups/20241106_180003-prop_com-database.sql.gz

Backup Summary for prop.com at 2024-11-06 18:00:05.215201
Config  : ./prop.com/private/backups/20241106_180003-prop_com-site_config_backup.json 271.0B
Database: ./prop.com/private/backups/20241106_180003-prop_com-database.sql.gz         6.2MiB
Backup for Site prop.com has been successfully completed
set -o pipefail; /usr/bin/mysqldump --user=_27901665e79b2ed2 --host=127.0.0.1 --port=3306 --password=********** --single-transaction --quick --lock-tables=false _27901665e79b2ed2 | /usr/bin/gzip >> ./newbie.com/private/backups/20241107_120002-newbie_com-database.sql.gz

Backup Summary for newbie.com at 2024-11-07 12:00:04.531628
Config  : ./newbie.com/private/backups/20241107_120002-newbie_com-site_config_backup.json 158.0B
Database: ./newbie.com/private/backups/20241107_120002-newbie_com-database.sql.gz         932.8KiB
Backup for Site newbie.com has been successfully completed
File ./prop.com/private/backups/20241106_180003-prop_com-database.sql.gz is recent
File ./prop.com/private/backups/20241106_120004-prop_com-database.sql.gz is recent
File ./prop.com/private/backups/20241106_120004-prop_com-site_config_backup.json is recent
File ./prop.com/private/backups/20241106_180003-prop_com-site_config_backup.json is recent
File ./prop.com/private/backups/20241105_180007-prop_com-database.sql.gz is older than 24 hours
File ./prop.com/private/backups/20241105_180007-prop_com-site_config_backup.json is older than 24 hours
set -o pipefail; /usr/bin/mysqldump --user=_8b3e45756aa1c354 --host=127.0.0.1 --port=3306 --password=********** --single-transaction --quick --lock-tables=false _8b3e45756aa1c354 | /usr/bin/gzip >> ./prop.com/private/backups/20241107_120004-prop_com-database.sql.gz

Backup Summary for prop.com at 2024-11-07 12:00:06.736640
Config  : ./prop.com/private/backups/20241107_120004-prop_com-site_config_backup.json 271.0B
Database: ./prop.com/private/backups/20241107_120004-prop_com-database.sql.gz         6.2MiB
Backup for Site prop.com has been successfully completed
set -o pipefail; /usr/bin/mysqldump --user=_27901665e79b2ed2 --host=127.0.0.1 --port=3306 --password=********** --single-transaction --quick --lock-tables=false _27901665e79b2ed2 | /usr/bin/gzip >> ./newbie.com/private/backups/20241107_180002-newbie_com-database.sql.gz

Backup Summary for newbie.com at 2024-11-07 18:00:04.689750
Config  : ./newbie.com/private/backups/20241107_180002-newbie_com-site_config_backup.json 158.0B
Database: ./newbie.com/private/backups/20241107_180002-newbie_com-database.sql.gz         932.8KiB
Backup for Site newbie.com has been successfully completed
File ./prop.com/private/backups/20241107_120004-prop_com-database.sql.gz is recent
File ./prop.com/private/backups/20241107_120004-prop_com-site_config_backup.json is recent
File ./prop.com/private/backups/20241106_180003-prop_com-database.sql.gz is recent
File ./prop.com/private/backups/20241106_120004-prop_com-database.sql.gz is older than 24 hours
File ./prop.com/private/backups/20241106_120004-prop_com-site_config_backup.json is older than 24 hours
File ./prop.com/private/backups/20241106_180003-prop_com-site_config_backup.json is recent
set -o pipefail; /usr/bin/mysqldump --user=_8b3e45756aa1c354 --host=127.0.0.1 --port=3306 --password=********** --single-transaction --quick --lock-tables=false _8b3e45756aa1c354 | /usr/bin/gzip >> ./prop.com/private/backups/20241107_180004-prop_com-database.sql.gz

Backup Summary for prop.com at 2024-11-07 18:00:06.842004
Config  : ./prop.com/private/backups/20241107_180004-prop_com-site_config_backup.json 271.0B
Database: ./prop.com/private/backups/20241107_180004-prop_com-database.sql.gz         6.2MiB
Backup for Site prop.com has been successfully completed
set -o pipefail; /usr/bin/mysqldump --user=_27901665e79b2ed2 --host=127.0.0.1 --port=3306 --password=********** --single-transaction --quick --lock-tables=false _27901665e79b2ed2 | /usr/bin/gzip >> ./newbie.com/private/backups/20241108_120002-newbie_com-database.sql.gz

Backup Summary for newbie.com at 2024-11-08 12:00:04.193583
Config  : ./newbie.com/private/backups/20241108_120002-newbie_com-site_config_backup.json 158.0B
Database: ./newbie.com/private/backups/20241108_120002-newbie_com-database.sql.gz         932.8KiB
Backup for Site newbie.com has been successfully completed
File ./prop.com/private/backups/20241107_180004-prop_com-database.sql.gz is recent
File ./prop.com/private/backups/20241107_120004-prop_com-database.sql.gz is recent
File ./prop.com/private/backups/20241107_120004-prop_com-site_config_backup.json is recent
File ./prop.com/private/backups/20241106_180003-prop_com-database.sql.gz is older than 24 hours
File ./prop.com/private/backups/20241106_180003-prop_com-site_config_backup.json is older than 24 hours
File ./prop.com/private/backups/20241107_180004-prop_com-site_config_backup.json is recent
set -o pipefail; /usr/bin/mysqldump --user=_8b3e45756aa1c354 --host=127.0.0.1 --port=3306 --password=********** --single-transaction --quick --lock-tables=false _8b3e45756aa1c354 | /usr/bin/gzip >> ./prop.com/private/backups/20241108_120004-prop_com-database.sql.gz

Backup Summary for prop.com at 2024-11-08 12:00:06.343291
Config  : ./prop.com/private/backups/20241108_120004-prop_com-site_config_backup.json 271.0B
Database: ./prop.com/private/backups/20241108_120004-prop_com-database.sql.gz         6.2MiB
Backup for Site prop.com has been successfully completed
set -o pipefail; /usr/bin/mysqldump --user=_27901665e79b2ed2 --host=127.0.0.1 --port=3306 --password=********** --single-transaction --quick --lock-tables=false _27901665e79b2ed2 | /usr/bin/gzip >> ./newbie.com/private/backups/20241108_180002-newbie_com-database.sql.gz

Backup Summary for newbie.com at 2024-11-08 18:00:06.510709
Config  : ./newbie.com/private/backups/20241108_180002-newbie_com-site_config_backup.json 158.0B
Database: ./newbie.com/private/backups/20241108_180002-newbie_com-database.sql.gz         932.8KiB
Backup for Site newbie.com has been successfully completed
File ./prop.com/private/backups/20241108_120004-prop_com-database.sql.gz is recent
File ./prop.com/private/backups/20241107_180004-prop_com-database.sql.gz is recent
File ./prop.com/private/backups/20241107_120004-prop_com-database.sql.gz is older than 24 hours
File ./prop.com/private/backups/20241107_120004-prop_com-site_config_backup.json is older than 24 hours
File ./prop.com/private/backups/20241108_120004-prop_com-site_config_backup.json is recent
File ./prop.com/private/backups/20241107_180004-prop_com-site_config_backup.json is recent
set -o pipefail; /usr/bin/mysqldump --user=_8b3e45756aa1c354 --host=127.0.0.1 --port=3306 --password=********** --single-transaction --quick --lock-tables=false _8b3e45756aa1c354 | /usr/bin/gzip >> ./prop.com/private/backups/20241108_180006-prop_com-database.sql.gz

Backup Summary for prop.com at 2024-11-08 18:00:08.404446
Config  : ./prop.com/private/backups/20241108_180006-prop_com-site_config_backup.json 271.0B
Database: ./prop.com/private/backups/20241108_180006-prop_com-database.sql.gz         6.2MiB
Backup for Site prop.com has been successfully completed
set -o pipefail; /usr/bin/mysqldump --user=_27901665e79b2ed2 --host=127.0.0.1 --port=3306 --password=********** --single-transaction --quick --lock-tables=false _27901665e79b2ed2 | /usr/bin/gzip >> ./newbie.com/private/backups/20241109_120002-newbie_com-database.sql.gz

Backup Summary for newbie.com at 2024-11-09 12:00:04.845057
Config  : ./newbie.com/private/backups/20241109_120002-newbie_com-site_config_backup.json 158.0B
Database: ./newbie.com/private/backups/20241109_120002-newbie_com-database.sql.gz         932.8KiB
Backup for Site newbie.com has been successfully completed
File ./prop.com/private/backups/20241108_120004-prop_com-database.sql.gz is recent
File ./prop.com/private/backups/20241108_180006-prop_com-database.sql.gz is recent
File ./prop.com/private/backups/20241107_180004-prop_com-database.sql.gz is older than 24 hours
File ./prop.com/private/backups/20241108_180006-prop_com-site_config_backup.json is recent
File ./prop.com/private/backups/20241108_120004-prop_com-site_config_backup.json is recent
File ./prop.com/private/backups/20241107_180004-prop_com-site_config_backup.json is older than 24 hours
set -o pipefail; /usr/bin/mysqldump --user=_8b3e45756aa1c354 --host=127.0.0.1 --port=3306 --password=********** --single-transaction --quick --lock-tables=false _8b3e45756aa1c354 | /usr/bin/gzip >> ./prop.com/private/backups/20241109_120004-prop_com-database.sql.gz

Backup Summary for prop.com at 2024-11-09 12:00:07.178599
Config  : ./prop.com/private/backups/20241109_120004-prop_com-site_config_backup.json 271.0B
Database: ./prop.com/private/backups/20241109_120004-prop_com-database.sql.gz         6.2MiB
Backup for Site prop.com has been successfully completed
set -o pipefail; /usr/bin/mysqldump --user=_27901665e79b2ed2 --host=127.0.0.1 --port=3306 --password=********** --single-transaction --quick --lock-tables=false _27901665e79b2ed2 | /usr/bin/gzip >> ./newbie.com/private/backups/20241109_180001-newbie_com-database.sql.gz

Backup Summary for newbie.com at 2024-11-09 18:00:03.450422
Config  : ./newbie.com/private/backups/20241109_180001-newbie_com-site_config_backup.json 158.0B
Database: ./newbie.com/private/backups/20241109_180001-newbie_com-database.sql.gz         932.8KiB
Backup for Site newbie.com has been successfully completed
File ./prop.com/private/backups/20241108_120004-prop_com-database.sql.gz is older than 24 hours
File ./prop.com/private/backups/20241108_180006-prop_com-database.sql.gz is recent
File ./prop.com/private/backups/20241109_120004-prop_com-database.sql.gz is recent
File ./prop.com/private/backups/20241108_180006-prop_com-site_config_backup.json is recent
File ./prop.com/private/backups/20241109_120004-prop_com-site_config_backup.json is recent
File ./prop.com/private/backups/20241108_120004-prop_com-site_config_backup.json is older than 24 hours
set -o pipefail; /usr/bin/mysqldump --user=_8b3e45756aa1c354 --host=127.0.0.1 --port=3306 --password=********** --single-transaction --quick --lock-tables=false _8b3e45756aa1c354 | /usr/bin/gzip >> ./prop.com/private/backups/20241109_180003-prop_com-database.sql.gz

Backup Summary for prop.com at 2024-11-09 18:00:05.455225
Config  : ./prop.com/private/backups/20241109_180003-prop_com-site_config_backup.json 271.0B
Database: ./prop.com/private/backups/20241109_180003-prop_com-database.sql.gz         6.2MiB
Backup for Site prop.com has been successfully completed
set -o pipefail; /usr/bin/mysqldump --user=_27901665e79b2ed2 --host=127.0.0.1 --port=3306 --password=********** --single-transaction --quick --lock-tables=false _27901665e79b2ed2 | /usr/bin/gzip >> ./newbie.com/private/backups/20241112_120002-newbie_com-database.sql.gz

Backup Summary for newbie.com at 2024-11-12 12:00:04.325257
Config  : ./newbie.com/private/backups/20241112_120002-newbie_com-site_config_backup.json 158.0B
Database: ./newbie.com/private/backups/20241112_120002-newbie_com-database.sql.gz         932.8KiB
Backup for Site newbie.com has been successfully completed
File ./prop.com/private/backups/20241108_180006-prop_com-database.sql.gz is older than 24 hours
File ./prop.com/private/backups/20241109_180003-prop_com-site_config_backup.json is older than 24 hours
File ./prop.com/private/backups/20241109_120004-prop_com-database.sql.gz is older than 24 hours
File ./prop.com/private/backups/20241108_180006-prop_com-site_config_backup.json is older than 24 hours
File ./prop.com/private/backups/20241109_120004-prop_com-site_config_backup.json is older than 24 hours
File ./prop.com/private/backups/20241109_180003-prop_com-database.sql.gz is older than 24 hours
set -o pipefail; /usr/bin/mysqldump --user=_8b3e45756aa1c354 --host=127.0.0.1 --port=3306 --password=********** --single-transaction --quick --lock-tables=false _8b3e45756aa1c354 | /usr/bin/gzip >> ./prop.com/private/backups/20241112_120004-prop_com-database.sql.gz

Backup Summary for prop.com at 2024-11-12 12:00:06.541461
Config  : ./prop.com/private/backups/20241112_120004-prop_com-site_config_backup.json 271.0B
Database: ./prop.com/private/backups/20241112_120004-prop_com-database.sql.gz         6.2MiB
Backup for Site prop.com has been successfully completed
set -o pipefail; /usr/bin/mysqldump --user=_27901665e79b2ed2 --host=127.0.0.1 --port=3306 --password=********** --single-transaction --quick --lock-tables=false _27901665e79b2ed2 | /usr/bin/gzip >> ./newbie.com/private/backups/20241112_180001-newbie_com-database.sql.gz

Backup Summary for newbie.com at 2024-11-12 18:00:03.593141
Config  : ./newbie.com/private/backups/20241112_180001-newbie_com-site_config_backup.json 158.0B
Database: ./newbie.com/private/backups/20241112_180001-newbie_com-database.sql.gz         932.8KiB
Backup for Site newbie.com has been successfully completed
File ./prop.com/private/backups/20241112_120004-prop_com-database.sql.gz is recent
File ./prop.com/private/backups/20241112_120004-prop_com-site_config_backup.json is recent
set -o pipefail; /usr/bin/mysqldump --user=_8b3e45756aa1c354 --host=127.0.0.1 --port=3306 --password=********** --single-transaction --quick --lock-tables=false _8b3e45756aa1c354 | /usr/bin/gzip >> ./prop.com/private/backups/20241112_180003-prop_com-database.sql.gz

Backup Summary for prop.com at 2024-11-12 18:00:05.474008
Config  : ./prop.com/private/backups/20241112_180003-prop_com-site_config_backup.json 271.0B
Database: ./prop.com/private/backups/20241112_180003-prop_com-database.sql.gz         6.2MiB
Backup for Site prop.com has been successfully completed
set -o pipefail; /usr/bin/mysqldump --user=_27901665e79b2ed2 --host=127.0.0.1 --port=3306 --password=********** --single-transaction --quick --lock-tables=false _27901665e79b2ed2 | /usr/bin/gzip >> ./newbie.com/private/backups/20241113_120001-newbie_com-database.sql.gz

Backup Summary for newbie.com at 2024-11-13 12:00:04.186321
Config  : ./newbie.com/private/backups/20241113_120001-newbie_com-site_config_backup.json 158.0B
Database: ./newbie.com/private/backups/20241113_120001-newbie_com-database.sql.gz         932.8KiB
Backup for Site newbie.com has been successfully completed
File ./prop.com/private/backups/20241112_180003-prop_com-site_config_backup.json is recent
File ./prop.com/private/backups/20241112_180003-prop_com-database.sql.gz is recent
File ./prop.com/private/backups/20241112_120004-prop_com-database.sql.gz is recent
File ./prop.com/private/backups/20241112_120004-prop_com-site_config_backup.json is recent
set -o pipefail; /usr/bin/mysqldump --user=_8b3e45756aa1c354 --host=127.0.0.1 --port=3306 --password=********** --single-transaction --quick --lock-tables=false _8b3e45756aa1c354 | /usr/bin/gzip >> ./prop.com/private/backups/20241113_120004-prop_com-database.sql.gz

Backup Summary for prop.com at 2024-11-13 12:00:06.718931
Config  : ./prop.com/private/backups/20241113_120004-prop_com-site_config_backup.json 271.0B
Database: ./prop.com/private/backups/20241113_120004-prop_com-database.sql.gz         6.2MiB
Backup for Site prop.com has been successfully completed
set -o pipefail; /usr/bin/mysqldump --user=_27901665e79b2ed2 --host=127.0.0.1 --port=3306 --password=********** --single-transaction --quick --lock-tables=false _27901665e79b2ed2 | /usr/bin/gzip >> ./newbie.com/private/backups/20241113_180003-newbie_com-database.sql.gz

Backup Summary for newbie.com at 2024-11-13 18:00:07.090358
Config  : ./newbie.com/private/backups/20241113_180003-newbie_com-site_config_backup.json 158.0B
Database: ./newbie.com/private/backups/20241113_180003-newbie_com-database.sql.gz         932.8KiB
Backup for Site newbie.com has been successfully completed
File ./prop.com/private/backups/20241113_120004-prop_com-site_config_backup.json is recent
File ./prop.com/private/backups/20241112_180003-prop_com-site_config_backup.json is older than 24 hours
File ./prop.com/private/backups/20241112_180003-prop_com-database.sql.gz is older than 24 hours
File ./prop.com/private/backups/20241112_120004-prop_com-database.sql.gz is older than 24 hours
File ./prop.com/private/backups/20241112_120004-prop_com-site_config_backup.json is older than 24 hours
File ./prop.com/private/backups/20241113_120004-prop_com-database.sql.gz is recent
set -o pipefail; /usr/bin/mysqldump --user=_8b3e45756aa1c354 --host=127.0.0.1 --port=3306 --password=********** --single-transaction --quick --lock-tables=false _8b3e45756aa1c354 | /usr/bin/gzip >> ./prop.com/private/backups/20241113_180007-prop_com-database.sql.gz

Backup Summary for prop.com at 2024-11-13 18:00:09.183244
Config  : ./prop.com/private/backups/20241113_180007-prop_com-site_config_backup.json 271.0B
Database: ./prop.com/private/backups/20241113_180007-prop_com-database.sql.gz         6.2MiB
Backup for Site prop.com has been successfully completed
set -o pipefail; /usr/bin/mysqldump --user=_27901665e79b2ed2 --host=127.0.0.1 --port=3306 --password=********** --single-transaction --quick --lock-tables=false _27901665e79b2ed2 | /usr/bin/gzip >> ./newbie.com/private/backups/20241118_120003-newbie_com-database.sql.gz

Backup Summary for newbie.com at 2024-11-18 12:00:07.208130
Config  : ./newbie.com/private/backups/20241118_120003-newbie_com-site_config_backup.json 158.0B
Database: ./newbie.com/private/backups/20241118_120003-newbie_com-database.sql.gz         932.8KiB
Backup for Site newbie.com has been successfully completed
File ./prop.com/private/backups/20241113_120004-prop_com-site_config_backup.json is older than 24 hours
File ./prop.com/private/backups/20241113_180007-prop_com-site_config_backup.json is older than 24 hours
File ./prop.com/private/backups/20241113_180007-prop_com-database.sql.gz is older than 24 hours
File ./prop.com/private/backups/20241113_120004-prop_com-database.sql.gz is older than 24 hours
set -o pipefail; /usr/bin/mysqldump --user=_8b3e45756aa1c354 --host=127.0.0.1 --port=3306 --password=********** --single-transaction --quick --lock-tables=false _8b3e45756aa1c354 | /usr/bin/gzip >> ./prop.com/private/backups/20241118_120007-prop_com-database.sql.gz

Backup Summary for prop.com at 2024-11-18 12:00:09.390270
Config  : ./prop.com/private/backups/20241118_120007-prop_com-site_config_backup.json 271.0B
Database: ./prop.com/private/backups/20241118_120007-prop_com-database.sql.gz         6.2MiB
Backup for Site prop.com has been successfully completed
set -o pipefail; /usr/bin/mysqldump --user=_27901665e79b2ed2 --host=127.0.0.1 --port=3306 --password=********** --single-transaction --quick --lock-tables=false _27901665e79b2ed2 | /usr/bin/gzip >> ./newbie.com/private/backups/20241118_180003-newbie_com-database.sql.gz

Backup Summary for newbie.com at 2024-11-18 18:00:08.056325
Config  : ./newbie.com/private/backups/20241118_180003-newbie_com-site_config_backup.json 158.0B
Database: ./newbie.com/private/backups/20241118_180003-newbie_com-database.sql.gz         932.8KiB
Backup for Site newbie.com has been successfully completed
File ./prop.com/private/backups/20241118_120007-prop_com-site_config_backup.json is recent
File ./prop.com/private/backups/20241118_120007-prop_com-database.sql.gz is recent
set -o pipefail; /usr/bin/mysqldump --user=_8b3e45756aa1c354 --host=127.0.0.1 --port=3306 --password=********** --single-transaction --quick --lock-tables=false _8b3e45756aa1c354 | /usr/bin/gzip >> ./prop.com/private/backups/20241118_180008-prop_com-database.sql.gz

Backup Summary for prop.com at 2024-11-18 18:00:10.176847
Config  : ./prop.com/private/backups/20241118_180008-prop_com-site_config_backup.json 271.0B
Database: ./prop.com/private/backups/20241118_180008-prop_com-database.sql.gz         6.2MiB
Backup for Site prop.com has been successfully completed
set -o pipefail; /usr/bin/mysqldump --user=_27901665e79b2ed2 --host=127.0.0.1 --port=3306 --password=********** --single-transaction --quick --lock-tables=false _27901665e79b2ed2 | /usr/bin/gzip >> ./newbie.com/private/backups/20241119_120003-newbie_com-database.sql.gz

Backup Summary for newbie.com at 2024-11-19 12:00:11.977989
Config  : ./newbie.com/private/backups/20241119_120003-newbie_com-site_config_backup.json 158.0B
Database: ./newbie.com/private/backups/20241119_120003-newbie_com-database.sql.gz         932.8KiB
Backup for Site newbie.com has been successfully completed
File ./prop.com/private/backups/20241118_180008-prop_com-site_config_backup.json is recent
File ./prop.com/private/backups/20241118_180008-prop_com-database.sql.gz is recent
File ./prop.com/private/backups/20241118_120007-prop_com-site_config_backup.json is older than 24 hours
File ./prop.com/private/backups/20241118_120007-prop_com-database.sql.gz is older than 24 hours
set -o pipefail; /usr/bin/mysqldump --user=_8b3e45756aa1c354 --host=127.0.0.1 --port=3306 --password=********** --single-transaction --quick --lock-tables=false _8b3e45756aa1c354 | /usr/bin/gzip >> ./prop.com/private/backups/20241119_120011-prop_com-database.sql.gz

Backup Summary for prop.com at 2024-11-19 12:00:16.311974
Config  : ./prop.com/private/backups/20241119_120011-prop_com-site_config_backup.json 271.0B
Database: ./prop.com/private/backups/20241119_120011-prop_com-database.sql.gz         6.2MiB
Backup for Site prop.com has been successfully completed
set -o pipefail; /usr/bin/mysqldump --user=_27901665e79b2ed2 --host=127.0.0.1 --port=3306 --password=********** --single-transaction --quick --lock-tables=false _27901665e79b2ed2 | /usr/bin/gzip >> ./newbie.com/private/backups/20241119_180003-newbie_com-database.sql.gz

Backup Summary for newbie.com at 2024-11-19 18:00:08.059820
Config  : ./newbie.com/private/backups/20241119_180003-newbie_com-site_config_backup.json 158.0B
Database: ./newbie.com/private/backups/20241119_180003-newbie_com-database.sql.gz         932.8KiB
Backup for Site newbie.com has been successfully completed
File ./prop.com/private/backups/20241118_180008-prop_com-site_config_backup.json is recent
File ./prop.com/private/backups/20241118_180008-prop_com-database.sql.gz is recent
File ./prop.com/private/backups/20241119_120011-prop_com-site_config_backup.json is recent
File ./prop.com/private/backups/20241119_120011-prop_com-database.sql.gz is recent
set -o pipefail; /usr/bin/mysqldump --user=_8b3e45756aa1c354 --host=127.0.0.1 --port=3306 --password=********** --single-transaction --quick --lock-tables=false _8b3e45756aa1c354 | /usr/bin/gzip >> ./prop.com/private/backups/20241119_180008-prop_com-database.sql.gz

Backup Summary for prop.com at 2024-11-19 18:00:10.418981
Config  : ./prop.com/private/backups/20241119_180008-prop_com-site_config_backup.json 271.0B
Database: ./prop.com/private/backups/20241119_180008-prop_com-database.sql.gz         6.2MiB
Backup for Site prop.com has been successfully completed
set -o pipefail; /usr/bin/mysqldump --user=_27901665e79b2ed2 --host=127.0.0.1 --port=3306 --password=********** --single-transaction --quick --lock-tables=false _27901665e79b2ed2 | /usr/bin/gzip >> ./newbie.com/private/backups/20241120_120003-newbie_com-database.sql.gz

Backup Summary for newbie.com at 2024-11-20 12:00:07.020805
Config  : ./newbie.com/private/backups/20241120_120003-newbie_com-site_config_backup.json 158.0B
Database: ./newbie.com/private/backups/20241120_120003-newbie_com-database.sql.gz         932.8KiB
Backup for Site newbie.com has been successfully completed
File ./prop.com/private/backups/20241118_180008-prop_com-site_config_backup.json is older than 24 hours
File ./prop.com/private/backups/20241118_180008-prop_com-database.sql.gz is older than 24 hours
File ./prop.com/private/backups/20241119_180008-prop_com-site_config_backup.json is recent
File ./prop.com/private/backups/20241119_120011-prop_com-site_config_backup.json is recent
File ./prop.com/private/backups/20241119_120011-prop_com-database.sql.gz is recent
File ./prop.com/private/backups/20241119_180008-prop_com-database.sql.gz is recent
set -o pipefail; /usr/bin/mysqldump --user=_8b3e45756aa1c354 --host=127.0.0.1 --port=3306 --password=********** --single-transaction --quick --lock-tables=false _8b3e45756aa1c354 | /usr/bin/gzip >> ./prop.com/private/backups/20241120_120007-prop_com-database.sql.gz

Backup Summary for prop.com at 2024-11-20 12:00:09.472042
Config  : ./prop.com/private/backups/20241120_120007-prop_com-site_config_backup.json 271.0B
Database: ./prop.com/private/backups/20241120_120007-prop_com-database.sql.gz         6.2MiB
Backup for Site prop.com has been successfully completed
set -o pipefail; /usr/bin/mysqldump --user=_27901665e79b2ed2 --host=127.0.0.1 --port=3306 --password=********** --single-transaction --quick --lock-tables=false _27901665e79b2ed2 | /usr/bin/gzip >> ./newbie.com/private/backups/20241120_180003-newbie_com-database.sql.gz

Backup Summary for newbie.com at 2024-11-20 18:00:07.657071
Config  : ./newbie.com/private/backups/20241120_180003-newbie_com-site_config_backup.json 158.0B
Database: ./newbie.com/private/backups/20241120_180003-newbie_com-database.sql.gz         932.8KiB
Backup for Site newbie.com has been successfully completed
File ./prop.com/private/backups/20241120_120007-prop_com-site_config_backup.json is recent
File ./prop.com/private/backups/20241119_180008-prop_com-site_config_backup.json is recent
File ./prop.com/private/backups/20241119_120011-prop_com-site_config_backup.json is older than 24 hours
File ./prop.com/private/backups/20241119_120011-prop_com-database.sql.gz is older than 24 hours
File ./prop.com/private/backups/20241119_180008-prop_com-database.sql.gz is recent
File ./prop.com/private/backups/20241120_120007-prop_com-database.sql.gz is recent
set -o pipefail; /usr/bin/mysqldump --user=_8b3e45756aa1c354 --host=127.0.0.1 --port=3306 --password=********** --single-transaction --quick --lock-tables=false _8b3e45756aa1c354 | /usr/bin/gzip >> ./prop.com/private/backups/20241120_180007-prop_com-database.sql.gz

Backup Summary for prop.com at 2024-11-20 18:00:09.833649
Config  : ./prop.com/private/backups/20241120_180007-prop_com-site_config_backup.json 271.0B
Database: ./prop.com/private/backups/20241120_180007-prop_com-database.sql.gz         6.2MiB
Backup for Site prop.com has been successfully completed
set -o pipefail; /usr/bin/mysqldump --user=_27901665e79b2ed2 --host=127.0.0.1 --port=3306 --password=********** --single-transaction --quick --lock-tables=false _27901665e79b2ed2 | /usr/bin/gzip >> ./newbie.com/private/backups/20241121_120002-newbie_com-database.sql.gz

Backup Summary for newbie.com at 2024-11-21 12:00:06.431955
Config  : ./newbie.com/private/backups/20241121_120002-newbie_com-site_config_backup.json 158.0B
Database: ./newbie.com/private/backups/20241121_120002-newbie_com-database.sql.gz         932.8KiB
Backup for Site newbie.com has been successfully completed
File ./prop.com/private/backups/20241120_120007-prop_com-site_config_backup.json is recent
File ./prop.com/private/backups/20241119_180008-prop_com-site_config_backup.json is older than 24 hours
File ./prop.com/private/backups/20241119_180008-prop_com-database.sql.gz is older than 24 hours
File ./prop.com/private/backups/20241120_180007-prop_com-site_config_backup.json is recent
File ./prop.com/private/backups/20241120_120007-prop_com-database.sql.gz is recent
File ./prop.com/private/backups/20241120_180007-prop_com-database.sql.gz is recent
set -o pipefail; /usr/bin/mysqldump --user=_8b3e45756aa1c354 --host=127.0.0.1 --port=3306 --password=********** --single-transaction --quick --lock-tables=false _8b3e45756aa1c354 | /usr/bin/gzip >> ./prop.com/private/backups/20241121_120006-prop_com-database.sql.gz

Backup Summary for prop.com at 2024-11-21 12:00:08.542926
Config  : ./prop.com/private/backups/20241121_120006-prop_com-site_config_backup.json 271.0B
Database: ./prop.com/private/backups/20241121_120006-prop_com-database.sql.gz         6.2MiB
Backup for Site prop.com has been successfully completed
set -o pipefail; /usr/bin/mysqldump --user=_27901665e79b2ed2 --host=127.0.0.1 --port=3306 --password=********** --single-transaction --quick --lock-tables=false _27901665e79b2ed2 | /usr/bin/gzip >> ./newbie.com/private/backups/20241121_180003-newbie_com-database.sql.gz

Backup Summary for newbie.com at 2024-11-21 18:00:07.367839
Config  : ./newbie.com/private/backups/20241121_180003-newbie_com-site_config_backup.json 158.0B
Database: ./newbie.com/private/backups/20241121_180003-newbie_com-database.sql.gz         932.8KiB
Backup for Site newbie.com has been successfully completed
File ./prop.com/private/backups/20241121_120006-prop_com-database.sql.gz is recent
File ./prop.com/private/backups/20241120_120007-prop_com-site_config_backup.json is older than 24 hours
File ./prop.com/private/backups/20241121_120006-prop_com-site_config_backup.json is recent
File ./prop.com/private/backups/20241120_180007-prop_com-site_config_backup.json is recent
File ./prop.com/private/backups/20241120_120007-prop_com-database.sql.gz is older than 24 hours
File ./prop.com/private/backups/20241120_180007-prop_com-database.sql.gz is recent
set -o pipefail; /usr/bin/mysqldump --user=_8b3e45756aa1c354 --host=127.0.0.1 --port=3306 --password=********** --single-transaction --quick --lock-tables=false _8b3e45756aa1c354 | /usr/bin/gzip >> ./prop.com/private/backups/20241121_180007-prop_com-database.sql.gz

Backup Summary for prop.com at 2024-11-21 18:00:09.311018
Config  : ./prop.com/private/backups/20241121_180007-prop_com-site_config_backup.json 271.0B
Database: ./prop.com/private/backups/20241121_180007-prop_com-database.sql.gz         6.2MiB
Backup for Site prop.com has been successfully completed
set -o pipefail; /usr/bin/mysqldump --user=_27901665e79b2ed2 --host=127.0.0.1 --port=3306 --password=********** --single-transaction --quick --lock-tables=false _27901665e79b2ed2 | /usr/bin/gzip >> ./newbie.com/private/backups/20241122_120003-newbie_com-database.sql.gz

Backup Summary for newbie.com at 2024-11-22 12:00:06.338759
Config  : ./newbie.com/private/backups/20241122_120003-newbie_com-site_config_backup.json 158.0B
Database: ./newbie.com/private/backups/20241122_120003-newbie_com-database.sql.gz         932.8KiB
Backup for Site newbie.com has been successfully completed
File ./prop.com/private/backups/20241121_120006-prop_com-database.sql.gz is recent
File ./prop.com/private/backups/20241121_180007-prop_com-database.sql.gz is recent
File ./prop.com/private/backups/20241121_120006-prop_com-site_config_backup.json is recent
File ./prop.com/private/backups/20241121_180007-prop_com-site_config_backup.json is recent
File ./prop.com/private/backups/20241120_180007-prop_com-site_config_backup.json is older than 24 hours
File ./prop.com/private/backups/20241120_180007-prop_com-database.sql.gz is older than 24 hours
set -o pipefail; /usr/bin/mysqldump --user=_8b3e45756aa1c354 --host=127.0.0.1 --port=3306 --password=********** --single-transaction --quick --lock-tables=false _8b3e45756aa1c354 | /usr/bin/gzip >> ./prop.com/private/backups/20241122_120006-prop_com-database.sql.gz

Backup Summary for prop.com at 2024-11-22 12:00:08.442823
Config  : ./prop.com/private/backups/20241122_120006-prop_com-site_config_backup.json 271.0B
Database: ./prop.com/private/backups/20241122_120006-prop_com-database.sql.gz         6.2MiB
Backup for Site prop.com has been successfully completed
set -o pipefail; /usr/bin/mysqldump --user=_27901665e79b2ed2 --host=127.0.0.1 --port=3306 --password=********** --single-transaction --quick --lock-tables=false _27901665e79b2ed2 | /usr/bin/gzip >> ./newbie.com/private/backups/20241122_180003-newbie_com-database.sql.gz

Backup Summary for newbie.com at 2024-11-22 18:00:07.181934
Config  : ./newbie.com/private/backups/20241122_180003-newbie_com-site_config_backup.json 158.0B
Database: ./newbie.com/private/backups/20241122_180003-newbie_com-database.sql.gz         932.8KiB
Backup for Site newbie.com has been successfully completed
File ./prop.com/private/backups/20241121_120006-prop_com-database.sql.gz is older than 24 hours
File ./prop.com/private/backups/20241122_120006-prop_com-site_config_backup.json is recent
File ./prop.com/private/backups/20241121_180007-prop_com-database.sql.gz is recent
File ./prop.com/private/backups/20241121_120006-prop_com-site_config_backup.json is older than 24 hours
File ./prop.com/private/backups/20241121_180007-prop_com-site_config_backup.json is recent
File ./prop.com/private/backups/20241122_120006-prop_com-database.sql.gz is recent
set -o pipefail; /usr/bin/mysqldump --user=_8b3e45756aa1c354 --host=127.0.0.1 --port=3306 --password=********** --single-transaction --quick --lock-tables=false _8b3e45756aa1c354 | /usr/bin/gzip >> ./prop.com/private/backups/20241122_180007-prop_com-database.sql.gz

Backup Summary for prop.com at 2024-11-22 18:00:09.274581
Config  : ./prop.com/private/backups/20241122_180007-prop_com-site_config_backup.json 271.0B
Database: ./prop.com/private/backups/20241122_180007-prop_com-database.sql.gz         6.2MiB
Backup for Site prop.com has been successfully completed
set -o pipefail; /usr/bin/mysqldump --user=_27901665e79b2ed2 --host=127.0.0.1 --port=3306 --password=********** --single-transaction --quick --lock-tables=false _27901665e79b2ed2 | /usr/bin/gzip >> ./newbie.com/private/backups/20241123_120003-newbie_com-database.sql.gz

Backup Summary for newbie.com at 2024-11-23 12:00:06.392580
Config  : ./newbie.com/private/backups/20241123_120003-newbie_com-site_config_backup.json 158.0B
Database: ./newbie.com/private/backups/20241123_120003-newbie_com-database.sql.gz         932.8KiB
Backup for Site newbie.com has been successfully completed
File ./prop.com/private/backups/20241122_120006-prop_com-site_config_backup.json is recent
File ./prop.com/private/backups/20241122_180007-prop_com-site_config_backup.json is recent
File ./prop.com/private/backups/20241121_180007-prop_com-database.sql.gz is older than 24 hours
File ./prop.com/private/backups/20241121_180007-prop_com-site_config_backup.json is older than 24 hours
File ./prop.com/private/backups/20241122_120006-prop_com-database.sql.gz is recent
File ./prop.com/private/backups/20241122_180007-prop_com-database.sql.gz is recent
set -o pipefail; /usr/bin/mysqldump --user=_8b3e45756aa1c354 --host=127.0.0.1 --port=3306 --password=********** --single-transaction --quick --lock-tables=false _8b3e45756aa1c354 | /usr/bin/gzip >> ./prop.com/private/backups/20241123_120006-prop_com-database.sql.gz

Backup Summary for prop.com at 2024-11-23 12:00:08.658294
Config  : ./prop.com/private/backups/20241123_120006-prop_com-site_config_backup.json 271.0B
Database: ./prop.com/private/backups/20241123_120006-prop_com-database.sql.gz         6.2MiB
Backup for Site prop.com has been successfully completed
set -o pipefail; /usr/bin/mysqldump --user=_27901665e79b2ed2 --host=127.0.0.1 --port=3306 --password=********** --single-transaction --quick --lock-tables=false _27901665e79b2ed2 | /usr/bin/gzip >> ./newbie.com/private/backups/20241125_120003-newbie_com-database.sql.gz

Backup Summary for newbie.com at 2024-11-25 12:00:07.227159
Config  : ./newbie.com/private/backups/20241125_120003-newbie_com-site_config_backup.json 158.0B
Database: ./newbie.com/private/backups/20241125_120003-newbie_com-database.sql.gz         932.8KiB
Backup for Site newbie.com has been successfully completed
File ./prop.com/private/backups/20241123_120006-prop_com-database.sql.gz is older than 24 hours
File ./prop.com/private/backups/20241122_120006-prop_com-site_config_backup.json is older than 24 hours
File ./prop.com/private/backups/20241122_180007-prop_com-site_config_backup.json is older than 24 hours
File ./prop.com/private/backups/20241123_120006-prop_com-site_config_backup.json is older than 24 hours
File ./prop.com/private/backups/20241122_120006-prop_com-database.sql.gz is older than 24 hours
File ./prop.com/private/backups/20241122_180007-prop_com-database.sql.gz is older than 24 hours
set -o pipefail; /usr/bin/mysqldump --user=_8b3e45756aa1c354 --host=127.0.0.1 --port=3306 --password=********** --single-transaction --quick --lock-tables=false _8b3e45756aa1c354 | /usr/bin/gzip >> ./prop.com/private/backups/20241125_120007-prop_com-database.sql.gz

Backup Summary for prop.com at 2024-11-25 12:00:09.481079
Config  : ./prop.com/private/backups/20241125_120007-prop_com-site_config_backup.json 271.0B
Database: ./prop.com/private/backups/20241125_120007-prop_com-database.sql.gz         6.2MiB
Backup for Site prop.com has been successfully completed
set -o pipefail; /usr/bin/mysqldump --user=_27901665e79b2ed2 --host=127.0.0.1 --port=3306 --password=********** --single-transaction --quick --lock-tables=false _27901665e79b2ed2 | /usr/bin/gzip >> ./newbie.com/private/backups/20241125_180003-newbie_com-database.sql.gz

Backup Summary for newbie.com at 2024-11-25 18:00:08.298518
Config  : ./newbie.com/private/backups/20241125_180003-newbie_com-site_config_backup.json 158.0B
Database: ./newbie.com/private/backups/20241125_180003-newbie_com-database.sql.gz         932.8KiB
Backup for Site newbie.com has been successfully completed
File ./prop.com/private/backups/20241125_120007-prop_com-database.sql.gz is recent
File ./prop.com/private/backups/20241125_120007-prop_com-site_config_backup.json is recent
set -o pipefail; /usr/bin/mysqldump --user=_8b3e45756aa1c354 --host=127.0.0.1 --port=3306 --password=********** --single-transaction --quick --lock-tables=false _8b3e45756aa1c354 | /usr/bin/gzip >> ./prop.com/private/backups/20241125_180008-prop_com-database.sql.gz

Backup Summary for prop.com at 2024-11-25 18:00:10.547068
Config  : ./prop.com/private/backups/20241125_180008-prop_com-site_config_backup.json 271.0B
Database: ./prop.com/private/backups/20241125_180008-prop_com-database.sql.gz         6.2MiB
Backup for Site prop.com has been successfully completed
set -o pipefail; /usr/bin/mysqldump --user=_27901665e79b2ed2 --host=127.0.0.1 --port=3306 --password=********** --single-transaction --quick --lock-tables=false _27901665e79b2ed2 | /usr/bin/gzip >> ./newbie.com/private/backups/20241126_120003-newbie_com-database.sql.gz

Backup Summary for newbie.com at 2024-11-26 12:00:07.073048
Config  : ./newbie.com/private/backups/20241126_120003-newbie_com-site_config_backup.json 158.0B
Database: ./newbie.com/private/backups/20241126_120003-newbie_com-database.sql.gz         932.8KiB
Backup for Site newbie.com has been successfully completed
File ./prop.com/private/backups/20241125_120007-prop_com-database.sql.gz is recent
File ./prop.com/private/backups/20241125_180008-prop_com-site_config_backup.json is recent
File ./prop.com/private/backups/20241125_120007-prop_com-site_config_backup.json is recent
File ./prop.com/private/backups/20241125_180008-prop_com-database.sql.gz is recent
set -o pipefail; /usr/bin/mysqldump --user=_8b3e45756aa1c354 --host=127.0.0.1 --port=3306 --password=********** --single-transaction --quick --lock-tables=false _8b3e45756aa1c354 | /usr/bin/gzip >> ./prop.com/private/backups/20241126_120007-prop_com-database.sql.gz

Backup Summary for prop.com at 2024-11-26 12:00:09.229607
Config  : ./prop.com/private/backups/20241126_120007-prop_com-site_config_backup.json 271.0B
Database: ./prop.com/private/backups/20241126_120007-prop_com-database.sql.gz         6.2MiB
Backup for Site prop.com has been successfully completed
set -o pipefail; /usr/bin/mysqldump --user=_27901665e79b2ed2 --host=127.0.0.1 --port=3306 --password=********** --single-transaction --quick --lock-tables=false _27901665e79b2ed2 | /usr/bin/gzip >> ./newbie.com/private/backups/20241126_180002-newbie_com-database.sql.gz

Backup Summary for newbie.com at 2024-11-26 18:00:06.804105
Config  : ./newbie.com/private/backups/20241126_180002-newbie_com-site_config_backup.json 158.0B
Database: ./newbie.com/private/backups/20241126_180002-newbie_com-database.sql.gz         932.8KiB
Backup for Site newbie.com has been successfully completed
File ./prop.com/private/backups/20241125_120007-prop_com-database.sql.gz is older than 24 hours
File ./prop.com/private/backups/20241125_180008-prop_com-site_config_backup.json is recent
File ./prop.com/private/backups/20241125_120007-prop_com-site_config_backup.json is older than 24 hours
File ./prop.com/private/backups/20241126_120007-prop_com-site_config_backup.json is recent
File ./prop.com/private/backups/20241126_120007-prop_com-database.sql.gz is recent
File ./prop.com/private/backups/20241125_180008-prop_com-database.sql.gz is recent
set -o pipefail; /usr/bin/mysqldump --user=_8b3e45756aa1c354 --host=127.0.0.1 --port=3306 --password=********** --single-transaction --quick --lock-tables=false _8b3e45756aa1c354 | /usr/bin/gzip >> ./prop.com/private/backups/20241126_180006-prop_com-database.sql.gz

Backup Summary for prop.com at 2024-11-26 18:00:09.110898
Config  : ./prop.com/private/backups/20241126_180006-prop_com-site_config_backup.json 271.0B
Database: ./prop.com/private/backups/20241126_180006-prop_com-database.sql.gz         6.2MiB
Backup for Site prop.com has been successfully completed
set -o pipefail; /usr/bin/mysqldump --user=_27901665e79b2ed2 --host=127.0.0.1 --port=3306 --password=********** --single-transaction --quick --lock-tables=false _27901665e79b2ed2 | /usr/bin/gzip >> ./newbie.com/private/backups/20241127_120002-newbie_com-database.sql.gz

Backup Summary for newbie.com at 2024-11-27 12:00:06.736757
Config  : ./newbie.com/private/backups/20241127_120002-newbie_com-site_config_backup.json 158.0B
Database: ./newbie.com/private/backups/20241127_120002-newbie_com-database.sql.gz         932.8KiB
Backup for Site newbie.com has been successfully completed
File ./prop.com/private/backups/20241126_180006-prop_com-database.sql.gz is recent
File ./prop.com/private/backups/20241125_180008-prop_com-site_config_backup.json is older than 24 hours
File ./prop.com/private/backups/20241126_120007-prop_com-site_config_backup.json is recent
File ./prop.com/private/backups/20241126_120007-prop_com-database.sql.gz is recent
File ./prop.com/private/backups/20241125_180008-prop_com-database.sql.gz is older than 24 hours
File ./prop.com/private/backups/20241126_180006-prop_com-site_config_backup.json is recent
set -o pipefail; /usr/bin/mysqldump --user=_8b3e45756aa1c354 --host=127.0.0.1 --port=3306 --password=********** --single-transaction --quick --lock-tables=false _8b3e45756aa1c354 | /usr/bin/gzip >> ./prop.com/private/backups/20241127_120006-prop_com-database.sql.gz

Backup Summary for prop.com at 2024-11-27 12:00:09.013236
Config  : ./prop.com/private/backups/20241127_120006-prop_com-site_config_backup.json 271.0B
Database: ./prop.com/private/backups/20241127_120006-prop_com-database.sql.gz         6.2MiB
Backup for Site prop.com has been successfully completed
set -o pipefail; /usr/bin/mysqldump --user=_27901665e79b2ed2 --host=127.0.0.1 --port=3306 --password=********** --single-transaction --quick --lock-tables=false _27901665e79b2ed2 | /usr/bin/gzip >> ./newbie.com/private/backups/20241127_180003-newbie_com-database.sql.gz

Backup Summary for newbie.com at 2024-11-27 18:00:07.448226
Config  : ./newbie.com/private/backups/20241127_180003-newbie_com-site_config_backup.json 158.0B
Database: ./newbie.com/private/backups/20241127_180003-newbie_com-database.sql.gz         932.8KiB
Backup for Site newbie.com has been successfully completed
File ./prop.com/private/backups/20241127_120006-prop_com-site_config_backup.json is recent
File ./prop.com/private/backups/20241127_120006-prop_com-database.sql.gz is recent
File ./prop.com/private/backups/20241126_180006-prop_com-database.sql.gz is recent
File ./prop.com/private/backups/20241126_120007-prop_com-site_config_backup.json is older than 24 hours
File ./prop.com/private/backups/20241126_120007-prop_com-database.sql.gz is older than 24 hours
File ./prop.com/private/backups/20241126_180006-prop_com-site_config_backup.json is recent
set -o pipefail; /usr/bin/mysqldump --user=_8b3e45756aa1c354 --host=127.0.0.1 --port=3306 --password=********** --single-transaction --quick --lock-tables=false _8b3e45756aa1c354 | /usr/bin/gzip >> ./prop.com/private/backups/20241127_180007-prop_com-database.sql.gz

Backup Summary for prop.com at 2024-11-27 18:00:09.608449
Config  : ./prop.com/private/backups/20241127_180007-prop_com-site_config_backup.json 271.0B
Database: ./prop.com/private/backups/20241127_180007-prop_com-database.sql.gz         6.2MiB
Backup for Site prop.com has been successfully completed
set -o pipefail; /usr/bin/mysqldump --user=_27901665e79b2ed2 --host=127.0.0.1 --port=3306 --password=********** --single-transaction --quick --lock-tables=false _27901665e79b2ed2 | /usr/bin/gzip >> ./newbie.com/private/backups/20241128_120002-newbie_com-database.sql.gz

Backup Summary for newbie.com at 2024-11-28 12:00:06.632160
Config  : ./newbie.com/private/backups/20241128_120002-newbie_com-site_config_backup.json 158.0B
Database: ./newbie.com/private/backups/20241128_120002-newbie_com-database.sql.gz         932.8KiB
Backup for Site newbie.com has been successfully completed
File ./prop.com/private/backups/20241127_120006-prop_com-site_config_backup.json is recent
File ./prop.com/private/backups/20241127_120006-prop_com-database.sql.gz is recent
File ./prop.com/private/backups/20241126_180006-prop_com-database.sql.gz is older than 24 hours
File ./prop.com/private/backups/20241127_180007-prop_com-database.sql.gz is recent
File ./prop.com/private/backups/20241127_180007-prop_com-site_config_backup.json is recent
File ./prop.com/private/backups/20241126_180006-prop_com-site_config_backup.json is older than 24 hours
set -o pipefail; /usr/bin/mysqldump --user=_8b3e45756aa1c354 --host=127.0.0.1 --port=3306 --password=********** --single-transaction --quick --lock-tables=false _8b3e45756aa1c354 | /usr/bin/gzip >> ./prop.com/private/backups/20241128_120006-prop_com-database.sql.gz

Backup Summary for prop.com at 2024-11-28 12:00:09.296593
Config  : ./prop.com/private/backups/20241128_120006-prop_com-site_config_backup.json 271.0B
Database: ./prop.com/private/backups/20241128_120006-prop_com-database.sql.gz         6.2MiB
Backup for Site prop.com has been successfully completed
set -o pipefail; /usr/bin/mysqldump --user=_27901665e79b2ed2 --host=127.0.0.1 --port=3306 --password=********** --single-transaction --quick --lock-tables=false _27901665e79b2ed2 | /usr/bin/gzip >> ./newbie.com/private/backups/20241128_180002-newbie_com-database.sql.gz

Backup Summary for newbie.com at 2024-11-28 18:00:06.620883
Config  : ./newbie.com/private/backups/20241128_180002-newbie_com-site_config_backup.json 158.0B
Database: ./newbie.com/private/backups/20241128_180002-newbie_com-database.sql.gz         932.8KiB
Backup for Site newbie.com has been successfully completed
File ./prop.com/private/backups/20241128_120006-prop_com-database.sql.gz is recent
File ./prop.com/private/backups/20241127_120006-prop_com-site_config_backup.json is older than 24 hours
File ./prop.com/private/backups/20241127_120006-prop_com-database.sql.gz is older than 24 hours
File ./prop.com/private/backups/20241127_180007-prop_com-database.sql.gz is recent
File ./prop.com/private/backups/20241127_180007-prop_com-site_config_backup.json is recent
File ./prop.com/private/backups/20241128_120006-prop_com-site_config_backup.json is recent
set -o pipefail; /usr/bin/mysqldump --user=_8b3e45756aa1c354 --host=127.0.0.1 --port=3306 --password=********** --single-transaction --quick --lock-tables=false _8b3e45756aa1c354 | /usr/bin/gzip >> ./prop.com/private/backups/20241128_180006-prop_com-database.sql.gz

Backup Summary for prop.com at 2024-11-28 18:00:08.767728
Config  : ./prop.com/private/backups/20241128_180006-prop_com-site_config_backup.json 271.0B
Database: ./prop.com/private/backups/20241128_180006-prop_com-database.sql.gz         6.2MiB
Backup for Site prop.com has been successfully completed
set -o pipefail; /usr/bin/mysqldump --user=_27901665e79b2ed2 --host=127.0.0.1 --port=3306 --password=********** --single-transaction --quick --lock-tables=false _27901665e79b2ed2 | /usr/bin/gzip >> ./newbie.com/private/backups/20241129_120003-newbie_com-database.sql.gz

Backup Summary for newbie.com at 2024-11-29 12:00:07.666887
Config  : ./newbie.com/private/backups/20241129_120003-newbie_com-site_config_backup.json 158.0B
Database: ./newbie.com/private/backups/20241129_120003-newbie_com-database.sql.gz         932.8KiB
Backup for Site newbie.com has been successfully completed
File ./prop.com/private/backups/20241128_120006-prop_com-database.sql.gz is recent
File ./prop.com/private/backups/20241128_180006-prop_com-site_config_backup.json is recent
File ./prop.com/private/backups/20241127_180007-prop_com-database.sql.gz is older than 24 hours
File ./prop.com/private/backups/20241127_180007-prop_com-site_config_backup.json is older than 24 hours
File ./prop.com/private/backups/20241128_120006-prop_com-site_config_backup.json is recent
File ./prop.com/private/backups/20241128_180006-prop_com-database.sql.gz is recent
set -o pipefail; /usr/bin/mysqldump --user=_8b3e45756aa1c354 --host=127.0.0.1 --port=3306 --password=********** --single-transaction --quick --lock-tables=false _8b3e45756aa1c354 | /usr/bin/gzip >> ./prop.com/private/backups/20241129_120007-prop_com-database.sql.gz

Backup Summary for prop.com at 2024-11-29 12:00:10.352373
Config  : ./prop.com/private/backups/20241129_120007-prop_com-site_config_backup.json 271.0B
Database: ./prop.com/private/backups/20241129_120007-prop_com-database.sql.gz         6.2MiB
Backup for Site prop.com has been successfully completed
set -o pipefail; /usr/bin/mysqldump --user=_27901665e79b2ed2 --host=127.0.0.1 --port=3306 --password=********** --single-transaction --quick --lock-tables=false _27901665e79b2ed2 | /usr/bin/gzip >> ./newbie.com/private/backups/20241129_180002-newbie_com-database.sql.gz

Backup Summary for newbie.com at 2024-11-29 18:00:07.101612
Config  : ./newbie.com/private/backups/20241129_180002-newbie_com-site_config_backup.json 158.0B
Database: ./newbie.com/private/backups/20241129_180002-newbie_com-database.sql.gz         932.8KiB
Backup for Site newbie.com has been successfully completed
File ./prop.com/private/backups/20241129_120007-prop_com-site_config_backup.json is recent
File ./prop.com/private/backups/20241128_120006-prop_com-database.sql.gz is older than 24 hours
File ./prop.com/private/backups/20241128_180006-prop_com-site_config_backup.json is recent
File ./prop.com/private/backups/20241128_120006-prop_com-site_config_backup.json is older than 24 hours
File ./prop.com/private/backups/20241129_120007-prop_com-database.sql.gz is recent
File ./prop.com/private/backups/20241128_180006-prop_com-database.sql.gz is recent
set -o pipefail; /usr/bin/mysqldump --user=_8b3e45756aa1c354 --host=127.0.0.1 --port=3306 --password=********** --single-transaction --quick --lock-tables=false _8b3e45756aa1c354 | /usr/bin/gzip >> ./prop.com/private/backups/20241129_180007-prop_com-database.sql.gz

Backup Summary for prop.com at 2024-11-29 18:00:09.224643
Config  : ./prop.com/private/backups/20241129_180007-prop_com-site_config_backup.json 271.0B
Database: ./prop.com/private/backups/20241129_180007-prop_com-database.sql.gz         6.2MiB
Backup for Site prop.com has been successfully completed
set -o pipefail; /usr/bin/mysqldump --user=_27901665e79b2ed2 --host=127.0.0.1 --port=3306 --password=********** --single-transaction --quick --lock-tables=false _27901665e79b2ed2 | /usr/bin/gzip >> ./newbie.com/private/backups/20241130_120003-newbie_com-database.sql.gz

Backup Summary for newbie.com at 2024-11-30 12:00:07.113057
Config  : ./newbie.com/private/backups/20241130_120003-newbie_com-site_config_backup.json 158.0B
Database: ./newbie.com/private/backups/20241130_120003-newbie_com-database.sql.gz         932.8KiB
Backup for Site newbie.com has been successfully completed
File ./prop.com/private/backups/20241129_120007-prop_com-site_config_backup.json is recent
File ./prop.com/private/backups/20241129_180007-prop_com-database.sql.gz is recent
File ./prop.com/private/backups/20241128_180006-prop_com-site_config_backup.json is older than 24 hours
File ./prop.com/private/backups/20241129_120007-prop_com-database.sql.gz is recent
File ./prop.com/private/backups/20241129_180007-prop_com-site_config_backup.json is recent
File ./prop.com/private/backups/20241128_180006-prop_com-database.sql.gz is older than 24 hours
set -o pipefail; /usr/bin/mysqldump --user=_8b3e45756aa1c354 --host=127.0.0.1 --port=3306 --password=********** --single-transaction --quick --lock-tables=false _8b3e45756aa1c354 | /usr/bin/gzip >> ./prop.com/private/backups/20241130_120007-prop_com-database.sql.gz

Backup Summary for prop.com at 2024-11-30 12:00:09.492834
Config  : ./prop.com/private/backups/20241130_120007-prop_com-site_config_backup.json 271.0B
Database: ./prop.com/private/backups/20241130_120007-prop_com-database.sql.gz         6.2MiB
Backup for Site prop.com has been successfully completed
set -o pipefail; /usr/bin/mysqldump --user=_27901665e79b2ed2 --host=127.0.0.1 --port=3306 --password=********** --single-transaction --quick --lock-tables=false _27901665e79b2ed2 | /usr/bin/gzip >> ./newbie.com/private/backups/20241130_180003-newbie_com-database.sql.gz

Backup Summary for newbie.com at 2024-11-30 18:00:07.490230
Config  : ./newbie.com/private/backups/20241130_180003-newbie_com-site_config_backup.json 158.0B
Database: ./newbie.com/private/backups/20241130_180003-newbie_com-database.sql.gz         932.8KiB
Backup for Site newbie.com has been successfully completed
File ./prop.com/private/backups/20241130_120007-prop_com-site_config_backup.json is recent
File ./prop.com/private/backups/20241129_120007-prop_com-site_config_backup.json is older than 24 hours
File ./prop.com/private/backups/20241129_180007-prop_com-database.sql.gz is recent
File ./prop.com/private/backups/20241130_120007-prop_com-database.sql.gz is recent
File ./prop.com/private/backups/20241129_120007-prop_com-database.sql.gz is older than 24 hours
File ./prop.com/private/backups/20241129_180007-prop_com-site_config_backup.json is recent
set -o pipefail; /usr/bin/mysqldump --user=_8b3e45756aa1c354 --host=127.0.0.1 --port=3306 --password=********** --single-transaction --quick --lock-tables=false _8b3e45756aa1c354 | /usr/bin/gzip >> ./prop.com/private/backups/20241130_180007-prop_com-database.sql.gz

Backup Summary for prop.com at 2024-11-30 18:00:10.810251
Config  : ./prop.com/private/backups/20241130_180007-prop_com-site_config_backup.json 271.0B
Database: ./prop.com/private/backups/20241130_180007-prop_com-database.sql.gz         6.2MiB
Backup for Site prop.com has been successfully completed
set -o pipefail; /usr/bin/mysqldump --user=_27901665e79b2ed2 --host=127.0.0.1 --port=3306 --password=********** --single-transaction --quick --lock-tables=false _27901665e79b2ed2 | /usr/bin/gzip >> ./newbie.com/private/backups/20241201_000002-newbie_com-database.sql.gz

Backup Summary for newbie.com at 2024-12-01 00:00:05.908950
Config  : ./newbie.com/private/backups/20241201_000002-newbie_com-site_config_backup.json 158.0B
Database: ./newbie.com/private/backups/20241201_000002-newbie_com-database.sql.gz         932.8KiB
Backup for Site newbie.com has been successfully completed
File ./prop.com/private/backups/20241130_120007-prop_com-site_config_backup.json is recent
File ./prop.com/private/backups/20241129_180007-prop_com-database.sql.gz is older than 24 hours
File ./prop.com/private/backups/20241130_120007-prop_com-database.sql.gz is recent
File ./prop.com/private/backups/20241130_180007-prop_com-database.sql.gz is recent
File ./prop.com/private/backups/20241129_180007-prop_com-site_config_backup.json is older than 24 hours
File ./prop.com/private/backups/20241130_180007-prop_com-site_config_backup.json is recent
set -o pipefail; /usr/bin/mysqldump --user=_8b3e45756aa1c354 --host=127.0.0.1 --port=3306 --password=********** --single-transaction --quick --lock-tables=false _8b3e45756aa1c354 | /usr/bin/gzip >> ./prop.com/private/backups/20241201_000005-prop_com-database.sql.gz

Backup Summary for prop.com at 2024-12-01 00:00:07.788867
Config  : ./prop.com/private/backups/20241201_000005-prop_com-site_config_backup.json 271.0B
Database: ./prop.com/private/backups/20241201_000005-prop_com-database.sql.gz         6.2MiB
Backup for Site prop.com has been successfully completed
set -o pipefail; /usr/bin/mysqldump --user=_27901665e79b2ed2 --host=127.0.0.1 --port=3306 --password=********** --single-transaction --quick --lock-tables=false _27901665e79b2ed2 | /usr/bin/gzip >> ./newbie.com/private/backups/20241201_060003-newbie_com-database.sql.gz

Backup Summary for newbie.com at 2024-12-01 06:00:06.989252
Config  : ./newbie.com/private/backups/20241201_060003-newbie_com-site_config_backup.json 158.0B
Database: ./newbie.com/private/backups/20241201_060003-newbie_com-database.sql.gz         932.8KiB
Backup for Site newbie.com has been successfully completed
File ./prop.com/private/backups/20241130_120007-prop_com-site_config_backup.json is recent
File ./prop.com/private/backups/20241130_120007-prop_com-database.sql.gz is recent
File ./prop.com/private/backups/20241130_180007-prop_com-database.sql.gz is recent
File ./prop.com/private/backups/20241201_000005-prop_com-database.sql.gz is recent
File ./prop.com/private/backups/20241201_000005-prop_com-site_config_backup.json is recent
File ./prop.com/private/backups/20241130_180007-prop_com-site_config_backup.json is recent
set -o pipefail; /usr/bin/mysqldump --user=_8b3e45756aa1c354 --host=127.0.0.1 --port=3306 --password=********** --single-transaction --quick --lock-tables=false _8b3e45756aa1c354 | /usr/bin/gzip >> ./prop.com/private/backups/20241201_060006-prop_com-database.sql.gz

Backup Summary for prop.com at 2024-12-01 06:00:08.595493
Config  : ./prop.com/private/backups/20241201_060006-prop_com-site_config_backup.json 271.0B
Database: ./prop.com/private/backups/20241201_060006-prop_com-database.sql.gz         6.2MiB
Backup for Site prop.com has been successfully completed
set -o pipefail; /usr/bin/mysqldump --user=_27901665e79b2ed2 --host=127.0.0.1 --port=3306 --password=********** --single-transaction --quick --lock-tables=false _27901665e79b2ed2 | /usr/bin/gzip >> ./newbie.com/private/backups/20241201_120002-newbie_com-database.sql.gz

Backup Summary for newbie.com at 2024-12-01 12:00:06.114660
Config  : ./newbie.com/private/backups/20241201_120002-newbie_com-site_config_backup.json 158.0B
Database: ./newbie.com/private/backups/20241201_120002-newbie_com-database.sql.gz         932.8KiB
Backup for Site newbie.com has been successfully completed
File ./prop.com/private/backups/20241130_120007-prop_com-site_config_backup.json is recent
File ./prop.com/private/backups/20241201_060006-prop_com-database.sql.gz is recent
File ./prop.com/private/backups/20241130_120007-prop_com-database.sql.gz is recent
File ./prop.com/private/backups/20241201_060006-prop_com-site_config_backup.json is recent
File ./prop.com/private/backups/20241130_180007-prop_com-database.sql.gz is recent
File ./prop.com/private/backups/20241201_000005-prop_com-database.sql.gz is recent
File ./prop.com/private/backups/20241201_000005-prop_com-site_config_backup.json is recent
File ./prop.com/private/backups/20241130_180007-prop_com-site_config_backup.json is recent
set -o pipefail; /usr/bin/mysqldump --user=_8b3e45756aa1c354 --host=127.0.0.1 --port=3306 --password=********** --single-transaction --quick --lock-tables=false _8b3e45756aa1c354 | /usr/bin/gzip >> ./prop.com/private/backups/20241201_120006-prop_com-database.sql.gz

Backup Summary for prop.com at 2024-12-01 12:00:07.752078
Config  : ./prop.com/private/backups/20241201_120006-prop_com-site_config_backup.json 271.0B
Database: ./prop.com/private/backups/20241201_120006-prop_com-database.sql.gz         6.2MiB
Backup for Site prop.com has been successfully completed
set -o pipefail; /usr/bin/mysqldump --user=_27901665e79b2ed2 --host=127.0.0.1 --port=3306 --password=********** --single-transaction --quick --lock-tables=false _27901665e79b2ed2 | /usr/bin/gzip >> ./newbie.com/private/backups/20241201_180003-newbie_com-database.sql.gz

Backup Summary for newbie.com at 2024-12-01 18:00:06.651145
Config  : ./newbie.com/private/backups/20241201_180003-newbie_com-site_config_backup.json 158.0B
Database: ./newbie.com/private/backups/20241201_180003-newbie_com-database.sql.gz         932.8KiB
Backup for Site newbie.com has been successfully completed
File ./prop.com/private/backups/20241130_120007-prop_com-site_config_backup.json is older than 24 hours
File ./prop.com/private/backups/20241201_060006-prop_com-database.sql.gz is recent
File ./prop.com/private/backups/20241201_120006-prop_com-database.sql.gz is recent
File ./prop.com/private/backups/20241130_120007-prop_com-database.sql.gz is older than 24 hours
File ./prop.com/private/backups/20241201_120006-prop_com-site_config_backup.json is recent
File ./prop.com/private/backups/20241201_060006-prop_com-site_config_backup.json is recent
File ./prop.com/private/backups/20241130_180007-prop_com-database.sql.gz is recent
File ./prop.com/private/backups/20241201_000005-prop_com-database.sql.gz is recent
File ./prop.com/private/backups/20241201_000005-prop_com-site_config_backup.json is recent
File ./prop.com/private/backups/20241130_180007-prop_com-site_config_backup.json is recent
set -o pipefail; /usr/bin/mysqldump --user=_8b3e45756aa1c354 --host=127.0.0.1 --port=3306 --password=********** --single-transaction --quick --lock-tables=false _8b3e45756aa1c354 | /usr/bin/gzip >> ./prop.com/private/backups/20241201_180006-prop_com-database.sql.gz

Backup Summary for prop.com at 2024-12-01 18:00:08.478886
Config  : ./prop.com/private/backups/20241201_180006-prop_com-site_config_backup.json 271.0B
Database: ./prop.com/private/backups/20241201_180006-prop_com-database.sql.gz         6.2MiB
Backup for Site prop.com has been successfully completed
set -o pipefail; /usr/bin/mysqldump --user=_27901665e79b2ed2 --host=127.0.0.1 --port=3306 --password=********** --single-transaction --quick --lock-tables=false _27901665e79b2ed2 | /usr/bin/gzip >> ./newbie.com/private/backups/20241202_000002-newbie_com-database.sql.gz

Backup Summary for newbie.com at 2024-12-02 00:00:06.125074
Config  : ./newbie.com/private/backups/20241202_000002-newbie_com-site_config_backup.json 158.0B
Database: ./newbie.com/private/backups/20241202_000002-newbie_com-database.sql.gz         932.8KiB
Backup for Site newbie.com has been successfully completed
File ./prop.com/private/backups/20241201_060006-prop_com-database.sql.gz is recent
File ./prop.com/private/backups/20241201_120006-prop_com-database.sql.gz is recent
File ./prop.com/private/backups/20241201_180006-prop_com-site_config_backup.json is recent
File ./prop.com/private/backups/20241201_120006-prop_com-site_config_backup.json is recent
File ./prop.com/private/backups/20241201_060006-prop_com-site_config_backup.json is recent
File ./prop.com/private/backups/20241130_180007-prop_com-database.sql.gz is older than 24 hours
File ./prop.com/private/backups/20241201_180006-prop_com-database.sql.gz is recent
File ./prop.com/private/backups/20241201_000005-prop_com-database.sql.gz is recent
File ./prop.com/private/backups/20241201_000005-prop_com-site_config_backup.json is recent
File ./prop.com/private/backups/20241130_180007-prop_com-site_config_backup.json is older than 24 hours
set -o pipefail; /usr/bin/mysqldump --user=_8b3e45756aa1c354 --host=127.0.0.1 --port=3306 --password=********** --single-transaction --quick --lock-tables=false _8b3e45756aa1c354 | /usr/bin/gzip >> ./prop.com/private/backups/20241202_000006-prop_com-database.sql.gz

Backup Summary for prop.com at 2024-12-02 00:00:07.910690
Config  : ./prop.com/private/backups/20241202_000006-prop_com-site_config_backup.json 271.0B
Database: ./prop.com/private/backups/20241202_000006-prop_com-database.sql.gz         6.2MiB
Backup for Site prop.com has been successfully completed
set -o pipefail; /usr/bin/mysqldump --user=_27901665e79b2ed2 --host=127.0.0.1 --port=3306 --password=********** --single-transaction --quick --lock-tables=false _27901665e79b2ed2 | /usr/bin/gzip >> ./newbie.com/private/backups/20241202_060003-newbie_com-database.sql.gz

Backup Summary for newbie.com at 2024-12-02 06:00:06.978131
Config  : ./newbie.com/private/backups/20241202_060003-newbie_com-site_config_backup.json 158.0B
Database: ./newbie.com/private/backups/20241202_060003-newbie_com-database.sql.gz         932.8KiB
Backup for Site newbie.com has been successfully completed
File ./prop.com/private/backups/20241202_000006-prop_com-site_config_backup.json is recent
File ./prop.com/private/backups/20241201_060006-prop_com-database.sql.gz is recent
File ./prop.com/private/backups/20241202_000006-prop_com-database.sql.gz is recent
File ./prop.com/private/backups/20241201_120006-prop_com-database.sql.gz is recent
File ./prop.com/private/backups/20241201_180006-prop_com-site_config_backup.json is recent
File ./prop.com/private/backups/20241201_120006-prop_com-site_config_backup.json is recent
File ./prop.com/private/backups/20241201_060006-prop_com-site_config_backup.json is recent
File ./prop.com/private/backups/20241201_180006-prop_com-database.sql.gz is recent
File ./prop.com/private/backups/20241201_000005-prop_com-database.sql.gz is older than 24 hours
File ./prop.com/private/backups/20241201_000005-prop_com-site_config_backup.json is older than 24 hours
set -o pipefail; /usr/bin/mysqldump --user=_8b3e45756aa1c354 --host=127.0.0.1 --port=3306 --password=********** --single-transaction --quick --lock-tables=false _8b3e45756aa1c354 | /usr/bin/gzip >> ./prop.com/private/backups/20241202_060006-prop_com-database.sql.gz

Backup Summary for prop.com at 2024-12-02 06:00:08.538931
Config  : ./prop.com/private/backups/20241202_060006-prop_com-site_config_backup.json 271.0B
Database: ./prop.com/private/backups/20241202_060006-prop_com-database.sql.gz         6.2MiB
Backup for Site prop.com has been successfully completed
set -o pipefail; /usr/bin/mysqldump --user=_27901665e79b2ed2 --host=127.0.0.1 --port=3306 --password=********** --single-transaction --quick --lock-tables=false _27901665e79b2ed2 | /usr/bin/gzip >> ./newbie.com/private/backups/20241202_120002-newbie_com-database.sql.gz

Backup Summary for newbie.com at 2024-12-02 12:00:06.238943
Config  : ./newbie.com/private/backups/20241202_120002-newbie_com-site_config_backup.json 158.0B
Database: ./newbie.com/private/backups/20241202_120002-newbie_com-database.sql.gz         932.8KiB
Backup for Site newbie.com has been successfully completed
File ./prop.com/private/backups/20241202_060006-prop_com-database.sql.gz is recent
File ./prop.com/private/backups/20241202_000006-prop_com-site_config_backup.json is recent
File ./prop.com/private/backups/20241201_060006-prop_com-database.sql.gz is older than 24 hours
File ./prop.com/private/backups/20241202_000006-prop_com-database.sql.gz is recent
File ./prop.com/private/backups/20241201_120006-prop_com-database.sql.gz is recent
File ./prop.com/private/backups/20241201_180006-prop_com-site_config_backup.json is recent
File ./prop.com/private/backups/20241201_120006-prop_com-site_config_backup.json is recent
File ./prop.com/private/backups/20241201_060006-prop_com-site_config_backup.json is older than 24 hours
File ./prop.com/private/backups/20241201_180006-prop_com-database.sql.gz is recent
File ./prop.com/private/backups/20241202_060006-prop_com-site_config_backup.json is recent
set -o pipefail; /usr/bin/mysqldump --user=_8b3e45756aa1c354 --host=127.0.0.1 --port=3306 --password=********** --single-transaction --quick --lock-tables=false _8b3e45756aa1c354 | /usr/bin/gzip >> ./prop.com/private/backups/20241202_120006-prop_com-database.sql.gz

Backup Summary for prop.com at 2024-12-02 12:00:08.074589
Config  : ./prop.com/private/backups/20241202_120006-prop_com-site_config_backup.json 271.0B
Database: ./prop.com/private/backups/20241202_120006-prop_com-database.sql.gz         6.2MiB
Backup for Site prop.com has been successfully completed
set -o pipefail; /usr/bin/mysqldump --user=_27901665e79b2ed2 --host=127.0.0.1 --port=3306 --password=********** --single-transaction --quick --lock-tables=false _27901665e79b2ed2 | /usr/bin/gzip >> ./newbie.com/private/backups/20241202_180003-newbie_com-database.sql.gz

Backup Summary for newbie.com at 2024-12-02 18:00:07.380786
Config  : ./newbie.com/private/backups/20241202_180003-newbie_com-site_config_backup.json 158.0B
Database: ./newbie.com/private/backups/20241202_180003-newbie_com-database.sql.gz         932.8KiB
Backup for Site newbie.com has been successfully completed
File ./prop.com/private/backups/20241202_060006-prop_com-database.sql.gz is recent
File ./prop.com/private/backups/20241202_120006-prop_com-database.sql.gz is recent
File ./prop.com/private/backups/20241202_000006-prop_com-site_config_backup.json is recent
File ./prop.com/private/backups/20241202_000006-prop_com-database.sql.gz is recent
File ./prop.com/private/backups/20241201_120006-prop_com-database.sql.gz is older than 24 hours
File ./prop.com/private/backups/20241201_180006-prop_com-site_config_backup.json is recent
File ./prop.com/private/backups/20241202_120006-prop_com-site_config_backup.json is recent
File ./prop.com/private/backups/20241201_120006-prop_com-site_config_backup.json is older than 24 hours
File ./prop.com/private/backups/20241201_180006-prop_com-database.sql.gz is recent
File ./prop.com/private/backups/20241202_060006-prop_com-site_config_backup.json is recent
set -o pipefail; /usr/bin/mysqldump --user=_8b3e45756aa1c354 --host=127.0.0.1 --port=3306 --password=********** --single-transaction --quick --lock-tables=false _8b3e45756aa1c354 | /usr/bin/gzip >> ./prop.com/private/backups/20241202_180007-prop_com-database.sql.gz

Backup Summary for prop.com at 2024-12-02 18:00:09.648386
Config  : ./prop.com/private/backups/20241202_180007-prop_com-site_config_backup.json 271.0B
Database: ./prop.com/private/backups/20241202_180007-prop_com-database.sql.gz         6.2MiB
Backup for Site prop.com has been successfully completed
set -o pipefail; /usr/bin/mysqldump --user=_27901665e79b2ed2 --host=127.0.0.1 --port=3306 --password=********** --single-transaction --quick --lock-tables=false _27901665e79b2ed2 | /usr/bin/gzip >> ./newbie.com/private/backups/20241203_120003-newbie_com-database.sql.gz

Backup Summary for newbie.com at 2024-12-03 12:00:06.621632
Config  : ./newbie.com/private/backups/20241203_120003-newbie_com-site_config_backup.json 158.0B
Database: ./newbie.com/private/backups/20241203_120003-newbie_com-database.sql.gz         932.8KiB
Backup for Site newbie.com has been successfully completed
File ./prop.com/private/backups/20241202_060006-prop_com-database.sql.gz is older than 24 hours
File ./prop.com/private/backups/20241202_120006-prop_com-database.sql.gz is recent
File ./prop.com/private/backups/20241202_000006-prop_com-site_config_backup.json is older than 24 hours
File ./prop.com/private/backups/20241202_000006-prop_com-database.sql.gz is older than 24 hours
File ./prop.com/private/backups/20241202_180007-prop_com-site_config_backup.json is recent
File ./prop.com/private/backups/20241201_180006-prop_com-site_config_backup.json is older than 24 hours
File ./prop.com/private/backups/20241202_120006-prop_com-site_config_backup.json is recent
File ./prop.com/private/backups/20241202_180007-prop_com-database.sql.gz is recent
File ./prop.com/private/backups/20241201_180006-prop_com-database.sql.gz is older than 24 hours
File ./prop.com/private/backups/20241202_060006-prop_com-site_config_backup.json is older than 24 hours
set -o pipefail; /usr/bin/mysqldump --user=_8b3e45756aa1c354 --host=127.0.0.1 --port=3306 --password=********** --single-transaction --quick --lock-tables=false _8b3e45756aa1c354 | /usr/bin/gzip >> ./prop.com/private/backups/20241203_120006-prop_com-database.sql.gz

Backup Summary for prop.com at 2024-12-03 12:00:08.827790
Config  : ./prop.com/private/backups/20241203_120006-prop_com-site_config_backup.json 271.0B
Database: ./prop.com/private/backups/20241203_120006-prop_com-database.sql.gz         6.2MiB
Backup for Site prop.com has been successfully completed
set -o pipefail; /usr/bin/mysqldump --user=_27901665e79b2ed2 --host=127.0.0.1 --port=3306 --password=********** --single-transaction --quick --lock-tables=false _27901665e79b2ed2 | /usr/bin/gzip >> ./newbie.com/private/backups/20241203_180003-newbie_com-database.sql.gz

Backup Summary for newbie.com at 2024-12-03 18:00:07.720060
Config  : ./newbie.com/private/backups/20241203_180003-newbie_com-site_config_backup.json 158.0B
Database: ./newbie.com/private/backups/20241203_180003-newbie_com-database.sql.gz         932.8KiB
Backup for Site newbie.com has been successfully completed
File ./prop.com/private/backups/20241202_120006-prop_com-database.sql.gz is older than 24 hours
File ./prop.com/private/backups/20241202_180007-prop_com-site_config_backup.json is recent
File ./prop.com/private/backups/20241202_120006-prop_com-site_config_backup.json is older than 24 hours
File ./prop.com/private/backups/20241203_120006-prop_com-site_config_backup.json is recent
File ./prop.com/private/backups/20241202_180007-prop_com-database.sql.gz is recent
File ./prop.com/private/backups/20241203_120006-prop_com-database.sql.gz is recent
set -o pipefail; /usr/bin/mysqldump --user=_8b3e45756aa1c354 --host=127.0.0.1 --port=3306 --password=********** --single-transaction --quick --lock-tables=false _8b3e45756aa1c354 | /usr/bin/gzip >> ./prop.com/private/backups/20241203_180007-prop_com-database.sql.gz

Backup Summary for prop.com at 2024-12-03 18:00:09.780163
Config  : ./prop.com/private/backups/20241203_180007-prop_com-site_config_backup.json 271.0B
Database: ./prop.com/private/backups/20241203_180007-prop_com-database.sql.gz         6.2MiB
Backup for Site prop.com has been successfully completed
set -o pipefail; /usr/bin/mysqldump --user=_27901665e79b2ed2 --host=127.0.0.1 --port=3306 --password=********** --single-transaction --quick --lock-tables=false _27901665e79b2ed2 | /usr/bin/gzip >> ./newbie.com/private/backups/20241204_120003-newbie_com-database.sql.gz

Backup Summary for newbie.com at 2024-12-04 12:00:07.814727
Config  : ./newbie.com/private/backups/20241204_120003-newbie_com-site_config_backup.json 158.0B
Database: ./newbie.com/private/backups/20241204_120003-newbie_com-database.sql.gz         932.8KiB
Backup for Site newbie.com has been successfully completed
File ./prop.com/private/backups/20241202_180007-prop_com-site_config_backup.json is older than 24 hours
File ./prop.com/private/backups/20241203_180007-prop_com-site_config_backup.json is recent
File ./prop.com/private/backups/20241203_120006-prop_com-site_config_backup.json is recent
File ./prop.com/private/backups/20241202_180007-prop_com-database.sql.gz is older than 24 hours
File ./prop.com/private/backups/20241203_180007-prop_com-database.sql.gz is recent
File ./prop.com/private/backups/20241203_120006-prop_com-database.sql.gz is recent
set -o pipefail; /usr/bin/mysqldump --user=_8b3e45756aa1c354 --host=127.0.0.1 --port=3306 --password=********** --single-transaction --quick --lock-tables=false _8b3e45756aa1c354 | /usr/bin/gzip >> ./prop.com/private/backups/20241204_120007-prop_com-database.sql.gz

Backup Summary for prop.com at 2024-12-04 12:00:10.328464
Config  : ./prop.com/private/backups/20241204_120007-prop_com-site_config_backup.json 271.0B
Database: ./prop.com/private/backups/20241204_120007-prop_com-database.sql.gz         6.2MiB
Backup for Site prop.com has been successfully completed
set -o pipefail; /usr/bin/mysqldump --user=_27901665e79b2ed2 --host=127.0.0.1 --port=3306 --password=********** --single-transaction --quick --lock-tables=false _27901665e79b2ed2 | /usr/bin/gzip >> ./newbie.com/private/backups/20241204_180003-newbie_com-database.sql.gz

Backup Summary for newbie.com at 2024-12-04 18:00:10.842050
Config  : ./newbie.com/private/backups/20241204_180003-newbie_com-site_config_backup.json 158.0B
Database: ./newbie.com/private/backups/20241204_180003-newbie_com-database.sql.gz         932.8KiB
Backup for Site newbie.com has been successfully completed
File ./prop.com/private/backups/20241204_120007-prop_com-database.sql.gz is recent
File ./prop.com/private/backups/20241203_180007-prop_com-site_config_backup.json is older than 24 hours
File ./prop.com/private/backups/20241203_120006-prop_com-site_config_backup.json is older than 24 hours
File ./prop.com/private/backups/20241203_180007-prop_com-database.sql.gz is older than 24 hours
File ./prop.com/private/backups/20241204_120007-prop_com-site_config_backup.json is recent
File ./prop.com/private/backups/20241203_120006-prop_com-database.sql.gz is older than 24 hours
set -o pipefail; /usr/bin/mysqldump --user=_8b3e45756aa1c354 --host=127.0.0.1 --port=3306 --password=********** --single-transaction --quick --lock-tables=false _8b3e45756aa1c354 | /usr/bin/gzip >> ./prop.com/private/backups/20241204_180010-prop_com-database.sql.gz

Backup Summary for prop.com at 2024-12-04 18:00:13.880235
Config  : ./prop.com/private/backups/20241204_180010-prop_com-site_config_backup.json 271.0B
Database: ./prop.com/private/backups/20241204_180010-prop_com-database.sql.gz         6.2MiB
Backup for Site prop.com has been successfully completed
set -o pipefail; /usr/bin/mysqldump --user=_27901665e79b2ed2 --host=127.0.0.1 --port=3306 --password=********** --single-transaction --quick --lock-tables=false _27901665e79b2ed2 | /usr/bin/gzip >> ./newbie.com/private/backups/20241205_120002-newbie_com-database.sql.gz

Backup Summary for newbie.com at 2024-12-05 12:00:06.754027
Config  : ./newbie.com/private/backups/20241205_120002-newbie_com-site_config_backup.json 158.0B
Database: ./newbie.com/private/backups/20241205_120002-newbie_com-database.sql.gz         932.8KiB
Backup for Site newbie.com has been successfully completed
File ./prop.com/private/backups/20241204_120007-prop_com-database.sql.gz is recent
File ./prop.com/private/backups/20241204_180010-prop_com-database.sql.gz is recent
File ./prop.com/private/backups/20241204_180010-prop_com-site_config_backup.json is recent
File ./prop.com/private/backups/20241204_120007-prop_com-site_config_backup.json is recent
set -o pipefail; /usr/bin/mysqldump --user=_8b3e45756aa1c354 --host=127.0.0.1 --port=3306 --password=********** --single-transaction --quick --lock-tables=false _8b3e45756aa1c354 | /usr/bin/gzip >> ./prop.com/private/backups/20241205_120006-prop_com-database.sql.gz

Backup Summary for prop.com at 2024-12-05 12:00:09.050199
Config  : ./prop.com/private/backups/20241205_120006-prop_com-site_config_backup.json 271.0B
Database: ./prop.com/private/backups/20241205_120006-prop_com-database.sql.gz         6.2MiB
Backup for Site prop.com has been successfully completed
set -o pipefail; /usr/bin/mysqldump --user=_27901665e79b2ed2 --host=127.0.0.1 --port=3306 --password=********** --single-transaction --quick --lock-tables=false _27901665e79b2ed2 | /usr/bin/gzip >> ./newbie.com/private/backups/20241205_180002-newbie_com-database.sql.gz

Backup Summary for newbie.com at 2024-12-05 18:00:06.878861
Config  : ./newbie.com/private/backups/20241205_180002-newbie_com-site_config_backup.json 158.0B
Database: ./newbie.com/private/backups/20241205_180002-newbie_com-database.sql.gz         932.8KiB
Backup for Site newbie.com has been successfully completed
File ./prop.com/private/backups/20241204_120007-prop_com-database.sql.gz is older than 24 hours
File ./prop.com/private/backups/20241205_120006-prop_com-database.sql.gz is recent
File ./prop.com/private/backups/20241204_180010-prop_com-database.sql.gz is recent
File ./prop.com/private/backups/20241205_120006-prop_com-site_config_backup.json is recent
File ./prop.com/private/backups/20241204_180010-prop_com-site_config_backup.json is recent
File ./prop.com/private/backups/20241204_120007-prop_com-site_config_backup.json is older than 24 hours
set -o pipefail; /usr/bin/mysqldump --user=_8b3e45756aa1c354 --host=127.0.0.1 --port=3306 --password=********** --single-transaction --quick --lock-tables=false _8b3e45756aa1c354 | /usr/bin/gzip >> ./prop.com/private/backups/20241205_180006-prop_com-database.sql.gz

Backup Summary for prop.com at 2024-12-05 18:00:09.228474
Config  : ./prop.com/private/backups/20241205_180006-prop_com-site_config_backup.json 271.0B
Database: ./prop.com/private/backups/20241205_180006-prop_com-database.sql.gz         6.2MiB
Backup for Site prop.com has been successfully completed
set -o pipefail; /usr/bin/mysqldump --user=_27901665e79b2ed2 --host=127.0.0.1 --port=3306 --password=********** --single-transaction --quick --lock-tables=false _27901665e79b2ed2 | /usr/bin/gzip >> ./newbie.com/private/backups/20241206_120003-newbie_com-database.sql.gz

Backup Summary for newbie.com at 2024-12-06 12:00:06.949243
Config  : ./newbie.com/private/backups/20241206_120003-newbie_com-site_config_backup.json 158.0B
Database: ./newbie.com/private/backups/20241206_120003-newbie_com-database.sql.gz         932.8KiB
Backup for Site newbie.com has been successfully completed
File ./prop.com/private/backups/20241205_120006-prop_com-database.sql.gz is recent
File ./prop.com/private/backups/20241205_180006-prop_com-site_config_backup.json is recent
File ./prop.com/private/backups/20241204_180010-prop_com-database.sql.gz is older than 24 hours
File ./prop.com/private/backups/20241205_120006-prop_com-site_config_backup.json is recent
File ./prop.com/private/backups/20241205_180006-prop_com-database.sql.gz is recent
File ./prop.com/private/backups/20241204_180010-prop_com-site_config_backup.json is older than 24 hours
set -o pipefail; /usr/bin/mysqldump --user=_8b3e45756aa1c354 --host=127.0.0.1 --port=3306 --password=********** --single-transaction --quick --lock-tables=false _8b3e45756aa1c354 | /usr/bin/gzip >> ./prop.com/private/backups/20241206_120006-prop_com-database.sql.gz

Backup Summary for prop.com at 2024-12-06 12:00:09.571240
Config  : ./prop.com/private/backups/20241206_120006-prop_com-site_config_backup.json 271.0B
Database: ./prop.com/private/backups/20241206_120006-prop_com-database.sql.gz         6.2MiB
Backup for Site prop.com has been successfully completed
set -o pipefail; /usr/bin/mysqldump --user=_27901665e79b2ed2 --host=127.0.0.1 --port=3306 --password=********** --single-transaction --quick --lock-tables=false _27901665e79b2ed2 | /usr/bin/gzip >> ./newbie.com/private/backups/20241206_180003-newbie_com-database.sql.gz

Backup Summary for newbie.com at 2024-12-06 18:00:09.582554
Config  : ./newbie.com/private/backups/20241206_180003-newbie_com-site_config_backup.json 158.0B
Database: ./newbie.com/private/backups/20241206_180003-newbie_com-database.sql.gz         932.8KiB
Backup for Site newbie.com has been successfully completed
File ./prop.com/private/backups/20241206_120006-prop_com-database.sql.gz is recent
File ./prop.com/private/backups/20241205_120006-prop_com-database.sql.gz is older than 24 hours
File ./prop.com/private/backups/20241205_180006-prop_com-site_config_backup.json is older than 24 hours
File ./prop.com/private/backups/20241205_120006-prop_com-site_config_backup.json is older than 24 hours
File ./prop.com/private/backups/20241205_180006-prop_com-database.sql.gz is older than 24 hours
File ./prop.com/private/backups/20241206_120006-prop_com-site_config_backup.json is recent
set -o pipefail; /usr/bin/mysqldump --user=_8b3e45756aa1c354 --host=127.0.0.1 --port=3306 --password=********** --single-transaction --quick --lock-tables=false _8b3e45756aa1c354 | /usr/bin/gzip >> ./prop.com/private/backups/20241206_180009-prop_com-database.sql.gz

Backup Summary for prop.com at 2024-12-06 18:00:12.019750
Config  : ./prop.com/private/backups/20241206_180009-prop_com-site_config_backup.json 271.0B
Database: ./prop.com/private/backups/20241206_180009-prop_com-database.sql.gz         6.2MiB
Backup for Site prop.com has been successfully completed
set -o pipefail; /usr/bin/mysqldump --user=_27901665e79b2ed2 --host=127.0.0.1 --port=3306 --password=********** --single-transaction --quick --lock-tables=false _27901665e79b2ed2 | /usr/bin/gzip >> ./newbie.com/private/backups/20241209_120003-newbie_com-database.sql.gz

Backup Summary for newbie.com at 2024-12-09 12:00:07.109570
Config  : ./newbie.com/private/backups/20241209_120003-newbie_com-site_config_backup.json 158.0B
Database: ./newbie.com/private/backups/20241209_120003-newbie_com-database.sql.gz         932.8KiB
Backup for Site newbie.com has been successfully completed
File ./prop.com/private/backups/20241206_120006-prop_com-database.sql.gz is older than 24 hours
File ./prop.com/private/backups/20241206_180009-prop_com-site_config_backup.json is older than 24 hours
File ./prop.com/private/backups/20241206_180009-prop_com-database.sql.gz is older than 24 hours
File ./prop.com/private/backups/20241206_120006-prop_com-site_config_backup.json is older than 24 hours
set -o pipefail; /usr/bin/mysqldump --user=_8b3e45756aa1c354 --host=127.0.0.1 --port=3306 --password=********** --single-transaction --quick --lock-tables=false _8b3e45756aa1c354 | /usr/bin/gzip >> ./prop.com/private/backups/20241209_120007-prop_com-database.sql.gz

Backup Summary for prop.com at 2024-12-09 12:00:10.167670
Config  : ./prop.com/private/backups/20241209_120007-prop_com-site_config_backup.json 271.0B
Database: ./prop.com/private/backups/20241209_120007-prop_com-database.sql.gz         6.2MiB
Backup for Site prop.com has been successfully completed
set -o pipefail; /usr/bin/mysqldump --user=_27901665e79b2ed2 --host=127.0.0.1 --port=3306 --password=********** --single-transaction --quick --lock-tables=false _27901665e79b2ed2 | /usr/bin/gzip >> ./newbie.com/private/backups/20241209_180003-newbie_com-database.sql.gz

Backup Summary for newbie.com at 2024-12-09 18:00:08.248233
Config  : ./newbie.com/private/backups/20241209_180003-newbie_com-site_config_backup.json 158.0B
Database: ./newbie.com/private/backups/20241209_180003-newbie_com-database.sql.gz         932.8KiB
Backup for Site newbie.com has been successfully completed
File ./prop.com/private/backups/20241209_120007-prop_com-site_config_backup.json is recent
File ./prop.com/private/backups/20241209_120007-prop_com-database.sql.gz is recent
set -o pipefail; /usr/bin/mysqldump --user=_8b3e45756aa1c354 --host=127.0.0.1 --port=3306 --password=********** --single-transaction --quick --lock-tables=false _8b3e45756aa1c354 | /usr/bin/gzip >> ./prop.com/private/backups/20241209_180008-prop_com-database.sql.gz

Backup Summary for prop.com at 2024-12-09 18:00:10.796837
Config  : ./prop.com/private/backups/20241209_180008-prop_com-site_config_backup.json 271.0B
Database: ./prop.com/private/backups/20241209_180008-prop_com-database.sql.gz         6.2MiB
Backup for Site prop.com has been successfully completed
set -o pipefail; /usr/bin/mysqldump --user=_27901665e79b2ed2 --host=127.0.0.1 --port=3306 --password=********** --single-transaction --quick --lock-tables=false _27901665e79b2ed2 | /usr/bin/gzip >> ./newbie.com/private/backups/20241210_120003-newbie_com-database.sql.gz

Backup Summary for newbie.com at 2024-12-10 12:00:07.781095
Config  : ./newbie.com/private/backups/20241210_120003-newbie_com-site_config_backup.json 158.0B
Database: ./newbie.com/private/backups/20241210_120003-newbie_com-database.sql.gz         932.8KiB
Backup for Site newbie.com has been successfully completed
File ./prop.com/private/backups/20241209_120007-prop_com-site_config_backup.json is recent
File ./prop.com/private/backups/20241209_120007-prop_com-database.sql.gz is recent
File ./prop.com/private/backups/20241209_180008-prop_com-site_config_backup.json is recent
File ./prop.com/private/backups/20241209_180008-prop_com-database.sql.gz is recent
set -o pipefail; /usr/bin/mysqldump --user=_8b3e45756aa1c354 --host=127.0.0.1 --port=3306 --password=********** --single-transaction --quick --lock-tables=false _8b3e45756aa1c354 | /usr/bin/gzip >> ./prop.com/private/backups/20241210_120007-prop_com-database.sql.gz

Backup Summary for prop.com at 2024-12-10 12:00:10.498449
Config  : ./prop.com/private/backups/20241210_120007-prop_com-site_config_backup.json 271.0B
Database: ./prop.com/private/backups/20241210_120007-prop_com-database.sql.gz         6.2MiB
Backup for Site prop.com has been successfully completed
set -o pipefail; /usr/bin/mysqldump --user=_27901665e79b2ed2 --host=127.0.0.1 --port=3306 --password=********** --single-transaction --quick --lock-tables=false _27901665e79b2ed2 | /usr/bin/gzip >> ./newbie.com/private/backups/20241210_180003-newbie_com-database.sql.gz

Backup Summary for newbie.com at 2024-12-10 18:00:08.989494
Config  : ./newbie.com/private/backups/20241210_180003-newbie_com-site_config_backup.json 158.0B
Database: ./newbie.com/private/backups/20241210_180003-newbie_com-database.sql.gz         932.8KiB
Backup for Site newbie.com has been successfully completed
File ./prop.com/private/backups/20241210_120007-prop_com-site_config_backup.json is recent
File ./prop.com/private/backups/20241209_120007-prop_com-site_config_backup.json is older than 24 hours
File ./prop.com/private/backups/20241209_120007-prop_com-database.sql.gz is older than 24 hours
File ./prop.com/private/backups/20241209_180008-prop_com-site_config_backup.json is recent
File ./prop.com/private/backups/20241210_120007-prop_com-database.sql.gz is recent
File ./prop.com/private/backups/20241209_180008-prop_com-database.sql.gz is recent
set -o pipefail; /usr/bin/mysqldump --user=_8b3e45756aa1c354 --host=127.0.0.1 --port=3306 --password=********** --single-transaction --quick --lock-tables=false _8b3e45756aa1c354 | /usr/bin/gzip >> ./prop.com/private/backups/20241210_180008-prop_com-database.sql.gz

Backup Summary for prop.com at 2024-12-10 18:00:11.478251
Config  : ./prop.com/private/backups/20241210_180008-prop_com-site_config_backup.json 271.0B
Database: ./prop.com/private/backups/20241210_180008-prop_com-database.sql.gz         6.2MiB
Backup for Site prop.com has been successfully completed
set -o pipefail; /usr/bin/mysqldump --user=_27901665e79b2ed2 --host=127.0.0.1 --port=3306 --password=********** --single-transaction --quick --lock-tables=false _27901665e79b2ed2 | /usr/bin/gzip >> ./newbie.com/private/backups/20241211_120002-newbie_com-database.sql.gz

Backup Summary for newbie.com at 2024-12-11 12:00:06.095616
Config  : ./newbie.com/private/backups/20241211_120002-newbie_com-site_config_backup.json 158.0B
Database: ./newbie.com/private/backups/20241211_120002-newbie_com-database.sql.gz         932.8KiB
Backup for Site newbie.com has been successfully completed
File ./prop.com/private/backups/20241210_180008-prop_com-site_config_backup.json is recent
File ./prop.com/private/backups/20241210_120007-prop_com-site_config_backup.json is recent
File ./prop.com/private/backups/20241210_180008-prop_com-database.sql.gz is recent
File ./prop.com/private/backups/20241209_180008-prop_com-site_config_backup.json is older than 24 hours
File ./prop.com/private/backups/20241210_120007-prop_com-database.sql.gz is recent
File ./prop.com/private/backups/20241209_180008-prop_com-database.sql.gz is older than 24 hours
set -o pipefail; /usr/bin/mysqldump --user=_8b3e45756aa1c354 --host=127.0.0.1 --port=3306 --password=********** --single-transaction --quick --lock-tables=false _8b3e45756aa1c354 | /usr/bin/gzip >> ./prop.com/private/backups/20241211_120006-prop_com-database.sql.gz

Backup Summary for prop.com at 2024-12-11 12:00:08.375939
Config  : ./prop.com/private/backups/20241211_120006-prop_com-site_config_backup.json 271.0B
Database: ./prop.com/private/backups/20241211_120006-prop_com-database.sql.gz         6.2MiB
Backup for Site prop.com has been successfully completed
set -o pipefail; /usr/bin/mysqldump --user=_27901665e79b2ed2 --host=127.0.0.1 --port=3306 --password=********** --single-transaction --quick --lock-tables=false _27901665e79b2ed2 | /usr/bin/gzip >> ./newbie.com/private/backups/20241211_180003-newbie_com-database.sql.gz

Backup Summary for newbie.com at 2024-12-11 18:00:09.078966
Config  : ./newbie.com/private/backups/20241211_180003-newbie_com-site_config_backup.json 158.0B
Database: ./newbie.com/private/backups/20241211_180003-newbie_com-database.sql.gz         932.8KiB
Backup for Site newbie.com has been successfully completed
File ./prop.com/private/backups/20241210_180008-prop_com-site_config_backup.json is recent
File ./prop.com/private/backups/20241210_120007-prop_com-site_config_backup.json is older than 24 hours
File ./prop.com/private/backups/20241211_120006-prop_com-site_config_backup.json is recent
File ./prop.com/private/backups/20241211_120006-prop_com-database.sql.gz is recent
File ./prop.com/private/backups/20241210_180008-prop_com-database.sql.gz is recent
File ./prop.com/private/backups/20241210_120007-prop_com-database.sql.gz is older than 24 hours
set -o pipefail; /usr/bin/mysqldump --user=_8b3e45756aa1c354 --host=127.0.0.1 --port=3306 --password=********** --single-transaction --quick --lock-tables=false _8b3e45756aa1c354 | /usr/bin/gzip >> ./prop.com/private/backups/20241211_180009-prop_com-database.sql.gz

Backup Summary for prop.com at 2024-12-11 18:00:11.645302
Config  : ./prop.com/private/backups/20241211_180009-prop_com-site_config_backup.json 271.0B
Database: ./prop.com/private/backups/20241211_180009-prop_com-database.sql.gz         6.2MiB
Backup for Site prop.com has been successfully completed
set -o pipefail; /usr/bin/mysqldump --user=_27901665e79b2ed2 --host=127.0.0.1 --port=3306 --password=********** --single-transaction --quick --lock-tables=false _27901665e79b2ed2 | /usr/bin/gzip >> ./newbie.com/private/backups/20241212_120002-newbie_com-database.sql.gz

Backup Summary for newbie.com at 2024-12-12 12:00:06.275547
Config  : ./newbie.com/private/backups/20241212_120002-newbie_com-site_config_backup.json 158.0B
Database: ./newbie.com/private/backups/20241212_120002-newbie_com-database.sql.gz         932.8KiB
Backup for Site newbie.com has been successfully completed
File ./prop.com/private/backups/20241210_180008-prop_com-site_config_backup.json is older than 24 hours
File ./prop.com/private/backups/20241211_120006-prop_com-site_config_backup.json is recent
File ./prop.com/private/backups/20241211_120006-prop_com-database.sql.gz is recent
File ./prop.com/private/backups/20241210_180008-prop_com-database.sql.gz is older than 24 hours
File ./prop.com/private/backups/20241211_180009-prop_com-site_config_backup.json is recent
File ./prop.com/private/backups/20241211_180009-prop_com-database.sql.gz is recent
set -o pipefail; /usr/bin/mysqldump --user=_8b3e45756aa1c354 --host=127.0.0.1 --port=3306 --password=********** --single-transaction --quick --lock-tables=false _8b3e45756aa1c354 | /usr/bin/gzip >> ./prop.com/private/backups/20241212_120006-prop_com-database.sql.gz

Backup Summary for prop.com at 2024-12-12 12:00:08.725087
Config  : ./prop.com/private/backups/20241212_120006-prop_com-site_config_backup.json 271.0B
Database: ./prop.com/private/backups/20241212_120006-prop_com-database.sql.gz         6.2MiB
Backup for Site prop.com has been successfully completed
set -o pipefail; /usr/bin/mysqldump --user=_27901665e79b2ed2 --host=127.0.0.1 --port=3306 --password=********** --single-transaction --quick --lock-tables=false _27901665e79b2ed2 | /usr/bin/gzip >> ./newbie.com/private/backups/20241212_180003-newbie_com-database.sql.gz

Backup Summary for newbie.com at 2024-12-12 18:00:07.712057
Config  : ./newbie.com/private/backups/20241212_180003-newbie_com-site_config_backup.json 158.0B
Database: ./newbie.com/private/backups/20241212_180003-newbie_com-database.sql.gz         932.8KiB
Backup for Site newbie.com has been successfully completed
File ./prop.com/private/backups/20241212_120006-prop_com-site_config_backup.json is recent
File ./prop.com/private/backups/20241211_120006-prop_com-site_config_backup.json is older than 24 hours
File ./prop.com/private/backups/20241211_120006-prop_com-database.sql.gz is older than 24 hours
File ./prop.com/private/backups/20241212_120006-prop_com-database.sql.gz is recent
File ./prop.com/private/backups/20241211_180009-prop_com-site_config_backup.json is recent
File ./prop.com/private/backups/20241211_180009-prop_com-database.sql.gz is recent
set -o pipefail; /usr/bin/mysqldump --user=_8b3e45756aa1c354 --host=127.0.0.1 --port=3306 --password=********** --single-transaction --quick --lock-tables=false _8b3e45756aa1c354 | /usr/bin/gzip >> ./prop.com/private/backups/20241212_180007-prop_com-database.sql.gz

Backup Summary for prop.com at 2024-12-12 18:00:09.946493
Config  : ./prop.com/private/backups/20241212_180007-prop_com-site_config_backup.json 271.0B
Database: ./prop.com/private/backups/20241212_180007-prop_com-database.sql.gz         6.2MiB
Backup for Site prop.com has been successfully completed
set -o pipefail; /usr/bin/mysqldump --user=_27901665e79b2ed2 --host=127.0.0.1 --port=3306 --password=********** --single-transaction --quick --lock-tables=false _27901665e79b2ed2 | /usr/bin/gzip >> ./newbie.com/private/backups/20241213_120002-newbie_com-database.sql.gz

Backup Summary for newbie.com at 2024-12-13 12:00:06.337494
Config  : ./newbie.com/private/backups/20241213_120002-newbie_com-site_config_backup.json 158.0B
Database: ./newbie.com/private/backups/20241213_120002-newbie_com-database.sql.gz         932.8KiB
Backup for Site newbie.com has been successfully completed
File ./prop.com/private/backups/20241212_180007-prop_com-database.sql.gz is recent
File ./prop.com/private/backups/20241212_120006-prop_com-site_config_backup.json is recent
File ./prop.com/private/backups/20241212_180007-prop_com-site_config_backup.json is recent
File ./prop.com/private/backups/20241212_120006-prop_com-database.sql.gz is recent
File ./prop.com/private/backups/20241211_180009-prop_com-site_config_backup.json is older than 24 hours
File ./prop.com/private/backups/20241211_180009-prop_com-database.sql.gz is older than 24 hours
set -o pipefail; /usr/bin/mysqldump --user=_8b3e45756aa1c354 --host=127.0.0.1 --port=3306 --password=********** --single-transaction --quick --lock-tables=false _8b3e45756aa1c354 | /usr/bin/gzip >> ./prop.com/private/backups/20241213_120006-prop_com-database.sql.gz

Backup Summary for prop.com at 2024-12-13 12:00:08.485312
Config  : ./prop.com/private/backups/20241213_120006-prop_com-site_config_backup.json 271.0B
Database: ./prop.com/private/backups/20241213_120006-prop_com-database.sql.gz         6.2MiB
Backup for Site prop.com has been successfully completed
set -o pipefail; /usr/bin/mysqldump --user=_27901665e79b2ed2 --host=127.0.0.1 --port=3306 --password=********** --single-transaction --quick --lock-tables=false _27901665e79b2ed2 | /usr/bin/gzip >> ./newbie.com/private/backups/20241213_180003-newbie_com-database.sql.gz

Backup Summary for newbie.com at 2024-12-13 18:00:07.979605
Config  : ./newbie.com/private/backups/20241213_180003-newbie_com-site_config_backup.json 158.0B
Database: ./newbie.com/private/backups/20241213_180003-newbie_com-database.sql.gz         932.8KiB
Backup for Site newbie.com has been successfully completed
File ./prop.com/private/backups/20241213_120006-prop_com-site_config_backup.json is recent
File ./prop.com/private/backups/20241212_180007-prop_com-database.sql.gz is recent
File ./prop.com/private/backups/20241212_120006-prop_com-site_config_backup.json is older than 24 hours
File ./prop.com/private/backups/20241212_180007-prop_com-site_config_backup.json is recent
File ./prop.com/private/backups/20241213_120006-prop_com-database.sql.gz is recent
File ./prop.com/private/backups/20241212_120006-prop_com-database.sql.gz is older than 24 hours
set -o pipefail; /usr/bin/mysqldump --user=_8b3e45756aa1c354 --host=127.0.0.1 --port=3306 --password=********** --single-transaction --quick --lock-tables=false _8b3e45756aa1c354 | /usr/bin/gzip >> ./prop.com/private/backups/20241213_180007-prop_com-database.sql.gz

Backup Summary for prop.com at 2024-12-13 18:00:10.484103
Config  : ./prop.com/private/backups/20241213_180007-prop_com-site_config_backup.json 271.0B
Database: ./prop.com/private/backups/20241213_180007-prop_com-database.sql.gz         6.2MiB
Backup for Site prop.com has been successfully completed
set -o pipefail; /usr/bin/mysqldump --user=_27901665e79b2ed2 --host=127.0.0.1 --port=3306 --password=********** --single-transaction --quick --lock-tables=false _27901665e79b2ed2 | /usr/bin/gzip >> ./newbie.com/private/backups/20241214_120003-newbie_com-database.sql.gz

Backup Summary for newbie.com at 2024-12-14 12:00:07.437943
Config  : ./newbie.com/private/backups/20241214_120003-newbie_com-site_config_backup.json 158.0B
Database: ./newbie.com/private/backups/20241214_120003-newbie_com-database.sql.gz         932.8KiB
Backup for Site newbie.com has been successfully completed
File ./prop.com/private/backups/20241213_180007-prop_com-database.sql.gz is recent
File ./prop.com/private/backups/20241213_120006-prop_com-site_config_backup.json is recent
File ./prop.com/private/backups/20241212_180007-prop_com-database.sql.gz is older than 24 hours
File ./prop.com/private/backups/20241212_180007-prop_com-site_config_backup.json is older than 24 hours
File ./prop.com/private/backups/20241213_180007-prop_com-site_config_backup.json is recent
File ./prop.com/private/backups/20241213_120006-prop_com-database.sql.gz is recent
set -o pipefail; /usr/bin/mysqldump --user=_8b3e45756aa1c354 --host=127.0.0.1 --port=3306 --password=********** --single-transaction --quick --lock-tables=false _8b3e45756aa1c354 | /usr/bin/gzip >> ./prop.com/private/backups/20241214_120007-prop_com-database.sql.gz

Backup Summary for prop.com at 2024-12-14 12:00:09.641833
Config  : ./prop.com/private/backups/20241214_120007-prop_com-site_config_backup.json 271.0B
Database: ./prop.com/private/backups/20241214_120007-prop_com-database.sql.gz         6.2MiB
Backup for Site prop.com has been successfully completed
set -o pipefail; /usr/bin/mysqldump --user=_27901665e79b2ed2 --host=127.0.0.1 --port=3306 --password=********** --single-transaction --quick --lock-tables=false _27901665e79b2ed2 | /usr/bin/gzip >> ./newbie.com/private/backups/20241214_180003-newbie_com-database.sql.gz

Backup Summary for newbie.com at 2024-12-14 18:00:07.865749
Config  : ./newbie.com/private/backups/20241214_180003-newbie_com-site_config_backup.json 158.0B
Database: ./newbie.com/private/backups/20241214_180003-newbie_com-database.sql.gz         932.8KiB
Backup for Site newbie.com has been successfully completed
File ./prop.com/private/backups/20241213_180007-prop_com-database.sql.gz is recent
File ./prop.com/private/backups/20241214_120007-prop_com-site_config_backup.json is recent
File ./prop.com/private/backups/20241213_120006-prop_com-site_config_backup.json is older than 24 hours
File ./prop.com/private/backups/20241213_180007-prop_com-site_config_backup.json is recent
File ./prop.com/private/backups/20241214_120007-prop_com-database.sql.gz is recent
File ./prop.com/private/backups/20241213_120006-prop_com-database.sql.gz is older than 24 hours
set -o pipefail; /usr/bin/mysqldump --user=_8b3e45756aa1c354 --host=127.0.0.1 --port=3306 --password=********** --single-transaction --quick --lock-tables=false _8b3e45756aa1c354 | /usr/bin/gzip >> ./prop.com/private/backups/20241214_180007-prop_com-database.sql.gz

Backup Summary for prop.com at 2024-12-14 18:00:10.149404
Config  : ./prop.com/private/backups/20241214_180007-prop_com-site_config_backup.json 271.0B
Database: ./prop.com/private/backups/20241214_180007-prop_com-database.sql.gz         6.2MiB
Backup for Site prop.com has been successfully completed
set -o pipefail; /usr/bin/mysqldump --user=_27901665e79b2ed2 --host=127.0.0.1 --port=3306 --password=********** --single-transaction --quick --lock-tables=false _27901665e79b2ed2 | /usr/bin/gzip >> ./newbie.com/private/backups/20241216_120003-newbie_com-database.sql.gz

Backup Summary for newbie.com at 2024-12-16 12:00:07.158973
Config  : ./newbie.com/private/backups/20241216_120003-newbie_com-site_config_backup.json 158.0B
Database: ./newbie.com/private/backups/20241216_120003-newbie_com-database.sql.gz         932.8KiB
Backup for Site newbie.com has been successfully completed
File ./prop.com/private/backups/20241213_180007-prop_com-database.sql.gz is older than 24 hours
File ./prop.com/private/backups/20241214_120007-prop_com-site_config_backup.json is older than 24 hours
File ./prop.com/private/backups/20241214_180007-prop_com-site_config_backup.json is older than 24 hours
File ./prop.com/private/backups/20241213_180007-prop_com-site_config_backup.json is older than 24 hours
File ./prop.com/private/backups/20241214_180007-prop_com-database.sql.gz is older than 24 hours
File ./prop.com/private/backups/20241214_120007-prop_com-database.sql.gz is older than 24 hours
set -o pipefail; /usr/bin/mysqldump --user=_8b3e45756aa1c354 --host=127.0.0.1 --port=3306 --password=********** --single-transaction --quick --lock-tables=false _8b3e45756aa1c354 | /usr/bin/gzip >> ./prop.com/private/backups/20241216_120007-prop_com-database.sql.gz

Backup Summary for prop.com at 2024-12-16 12:00:09.685148
Config  : ./prop.com/private/backups/20241216_120007-prop_com-site_config_backup.json 271.0B
Database: ./prop.com/private/backups/20241216_120007-prop_com-database.sql.gz         6.2MiB
Backup for Site prop.com has been successfully completed
Traceback (most recent call last):
  File "/home/mbr-python/.local/bin/bench", line 5, in <module>
    from bench.cli import cli
  File "/usr/local/lib/python3.9/dist-packages/bench/cli.py", line 10, in <module>
    import click
ModuleNotFoundError: No module named 'click'
Traceback (most recent call last):
  File "/home/mbr-python/.local/bin/bench", line 5, in <module>
    from bench.cli import cli
  File "/usr/local/lib/python3.9/dist-packages/bench/cli.py", line 10, in <module>
    import click
ModuleNotFoundError: No module named 'click'
Traceback (most recent call last):
  File "/home/mbr-python/.local/bin/bench", line 5, in <module>
    from bench.cli import cli
  File "/usr/local/lib/python3.9/dist-packages/bench/cli.py", line 10, in <module>
    import click
ModuleNotFoundError: No module named 'click'
Traceback (most recent call last):
  File "/home/mbr-python/.local/bin/bench", line 5, in <module>
    from bench.cli import cli
  File "/usr/local/lib/python3.9/dist-packages/bench/cli.py", line 10, in <module>
    import click
ModuleNotFoundError: No module named 'click'
set -o pipefail; /usr/bin/mysqldump --user=_27901665e79b2ed2 --host=127.0.0.1 --port=3306 --password=********** --single-transaction --quick --lock-tables=false _27901665e79b2ed2 | /usr/bin/gzip >> ./newbie.com/private/backups/20241218_180003-newbie_com-database.sql.gz

Backup Summary for newbie.com at 2024-12-18 18:00:07.805698
Config  : ./newbie.com/private/backups/20241218_180003-newbie_com-site_config_backup.json 158.0B
Database: ./newbie.com/private/backups/20241218_180003-newbie_com-database.sql.gz         932.8KiB
Backup for Site newbie.com has been successfully completed
File ./prop.com/private/backups/20241216_120007-prop_com-database.sql.gz is older than 24 hours
File ./prop.com/private/backups/20241216_120007-prop_com-site_config_backup.json is older than 24 hours
set -o pipefail; /usr/bin/mysqldump --user=_8b3e45756aa1c354 --host=127.0.0.1 --port=3306 --password=********** --single-transaction --quick --lock-tables=false _8b3e45756aa1c354 | /usr/bin/gzip >> ./prop.com/private/backups/20241218_180007-prop_com-database.sql.gz

Backup Summary for prop.com at 2024-12-18 18:00:10.204730
Config  : ./prop.com/private/backups/20241218_180007-prop_com-site_config_backup.json 271.0B
Database: ./prop.com/private/backups/20241218_180007-prop_com-database.sql.gz         6.2MiB
Backup for Site prop.com has been successfully completed
set -o pipefail; /usr/bin/mysqldump --user=_27901665e79b2ed2 --host=127.0.0.1 --port=3306 --password=********** --single-transaction --quick --lock-tables=false _27901665e79b2ed2 | /usr/bin/gzip >> ./newbie.com/private/backups/20241219_120003-newbie_com-database.sql.gz

Backup Summary for newbie.com at 2024-12-19 12:00:07.852704
Config  : ./newbie.com/private/backups/20241219_120003-newbie_com-site_config_backup.json 158.0B
Database: ./newbie.com/private/backups/20241219_120003-newbie_com-database.sql.gz         932.8KiB
Backup for Site newbie.com has been successfully completed
File ./prop.com/private/backups/20241218_180007-prop_com-site_config_backup.json is recent
File ./prop.com/private/backups/20241218_180007-prop_com-database.sql.gz is recent
set -o pipefail; /usr/bin/mysqldump --user=_8b3e45756aa1c354 --host=127.0.0.1 --port=3306 --password=********** --single-transaction --quick --lock-tables=false _8b3e45756aa1c354 | /usr/bin/gzip >> ./prop.com/private/backups/20241219_120007-prop_com-database.sql.gz

Backup Summary for prop.com at 2024-12-19 12:00:10.447376
Config  : ./prop.com/private/backups/20241219_120007-prop_com-site_config_backup.json 271.0B
Database: ./prop.com/private/backups/20241219_120007-prop_com-database.sql.gz         6.2MiB
Backup for Site prop.com has been successfully completed
set -o pipefail; /usr/bin/mysqldump --user=_27901665e79b2ed2 --host=127.0.0.1 --port=3306 --password=********** --single-transaction --quick --lock-tables=false _27901665e79b2ed2 | /usr/bin/gzip >> ./newbie.com/private/backups/20241219_180003-newbie_com-database.sql.gz

Backup Summary for newbie.com at 2024-12-19 18:00:09.941643
Config  : ./newbie.com/private/backups/20241219_180003-newbie_com-site_config_backup.json 158.0B
Database: ./newbie.com/private/backups/20241219_180003-newbie_com-database.sql.gz         932.8KiB
Backup for Site newbie.com has been successfully completed
File ./prop.com/private/backups/20241218_180007-prop_com-site_config_backup.json is recent
File ./prop.com/private/backups/20241219_120007-prop_com-site_config_backup.json is recent
File ./prop.com/private/backups/20241219_120007-prop_com-database.sql.gz is recent
File ./prop.com/private/backups/20241218_180007-prop_com-database.sql.gz is recent
set -o pipefail; /usr/bin/mysqldump --user=_8b3e45756aa1c354 --host=127.0.0.1 --port=3306 --password=********** --single-transaction --quick --lock-tables=false _8b3e45756aa1c354 | /usr/bin/gzip >> ./prop.com/private/backups/20241219_180009-prop_com-database.sql.gz

Backup Summary for prop.com at 2024-12-19 18:00:13.105358
Config  : ./prop.com/private/backups/20241219_180009-prop_com-site_config_backup.json 271.0B
Database: ./prop.com/private/backups/20241219_180009-prop_com-database.sql.gz         6.2MiB
Backup for Site prop.com has been successfully completed
set -o pipefail; /usr/bin/mysqldump --user=_27901665e79b2ed2 --host=127.0.0.1 --port=3306 --password=********** --single-transaction --quick --lock-tables=false _27901665e79b2ed2 | /usr/bin/gzip >> ./newbie.com/private/backups/20241220_120002-newbie_com-database.sql.gz

Backup Summary for newbie.com at 2024-12-20 12:00:06.258324
Config  : ./newbie.com/private/backups/20241220_120002-newbie_com-site_config_backup.json 158.0B
Database: ./newbie.com/private/backups/20241220_120002-newbie_com-database.sql.gz         932.8KiB
Backup for Site newbie.com has been successfully completed
File ./prop.com/private/backups/20241218_180007-prop_com-site_config_backup.json is older than 24 hours
File ./prop.com/private/backups/20241219_120007-prop_com-site_config_backup.json is recent
File ./prop.com/private/backups/20241219_180009-prop_com-database.sql.gz is recent
File ./prop.com/private/backups/20241219_180009-prop_com-site_config_backup.json is recent
File ./prop.com/private/backups/20241219_120007-prop_com-database.sql.gz is recent
File ./prop.com/private/backups/20241218_180007-prop_com-database.sql.gz is older than 24 hours
set -o pipefail; /usr/bin/mysqldump --user=_8b3e45756aa1c354 --host=127.0.0.1 --port=3306 --password=********** --single-transaction --quick --lock-tables=false _8b3e45756aa1c354 | /usr/bin/gzip >> ./prop.com/private/backups/20241220_120006-prop_com-database.sql.gz

Backup Summary for prop.com at 2024-12-20 12:00:08.386501
Config  : ./prop.com/private/backups/20241220_120006-prop_com-site_config_backup.json 271.0B
Database: ./prop.com/private/backups/20241220_120006-prop_com-database.sql.gz         6.2MiB
Backup for Site prop.com has been successfully completed
set -o pipefail; /usr/bin/mysqldump --user=_27901665e79b2ed2 --host=127.0.0.1 --port=3306 --password=********** --single-transaction --quick --lock-tables=false _27901665e79b2ed2 | /usr/bin/gzip >> ./newbie.com/private/backups/20241220_180003-newbie_com-database.sql.gz

Backup Summary for newbie.com at 2024-12-20 18:00:07.575189
Config  : ./newbie.com/private/backups/20241220_180003-newbie_com-site_config_backup.json 158.0B
Database: ./newbie.com/private/backups/20241220_180003-newbie_com-database.sql.gz         932.8KiB
Backup for Site newbie.com has been successfully completed
File ./prop.com/private/backups/20241219_120007-prop_com-site_config_backup.json is older than 24 hours
File ./prop.com/private/backups/20241220_120006-prop_com-database.sql.gz is recent
File ./prop.com/private/backups/20241219_180009-prop_com-database.sql.gz is recent
File ./prop.com/private/backups/20241219_180009-prop_com-site_config_backup.json is recent
File ./prop.com/private/backups/20241219_120007-prop_com-database.sql.gz is older than 24 hours
File ./prop.com/private/backups/20241220_120006-prop_com-site_config_backup.json is recent
set -o pipefail; /usr/bin/mysqldump --user=_8b3e45756aa1c354 --host=127.0.0.1 --port=3306 --password=********** --single-transaction --quick --lock-tables=false _8b3e45756aa1c354 | /usr/bin/gzip >> ./prop.com/private/backups/20241220_180007-prop_com-database.sql.gz

Backup Summary for prop.com at 2024-12-20 18:00:10.173927
Config  : ./prop.com/private/backups/20241220_180007-prop_com-site_config_backup.json 271.0B
Database: ./prop.com/private/backups/20241220_180007-prop_com-database.sql.gz         6.2MiB
Backup for Site prop.com has been successfully completed
set -o pipefail; /usr/bin/mysqldump --user=_27901665e79b2ed2 --host=127.0.0.1 --port=3306 --password=********** --single-transaction --quick --lock-tables=false _27901665e79b2ed2 | /usr/bin/gzip >> ./newbie.com/private/backups/20241223_120002-newbie_com-database.sql.gz

Backup Summary for newbie.com at 2024-12-23 12:00:06.136513
Config  : ./newbie.com/private/backups/20241223_120002-newbie_com-site_config_backup.json 158.0B
Database: ./newbie.com/private/backups/20241223_120002-newbie_com-database.sql.gz         932.8KiB
Backup for Site newbie.com has been successfully completed
File ./prop.com/private/backups/20241220_120006-prop_com-database.sql.gz is older than 24 hours
File ./prop.com/private/backups/20241220_180007-prop_com-database.sql.gz is older than 24 hours
File ./prop.com/private/backups/20241219_180009-prop_com-database.sql.gz is older than 24 hours
File ./prop.com/private/backups/20241219_180009-prop_com-site_config_backup.json is older than 24 hours
File ./prop.com/private/backups/20241220_180007-prop_com-site_config_backup.json is older than 24 hours
File ./prop.com/private/backups/20241220_120006-prop_com-site_config_backup.json is older than 24 hours
set -o pipefail; /usr/bin/mysqldump --user=_8b3e45756aa1c354 --host=127.0.0.1 --port=3306 --password=********** --single-transaction --quick --lock-tables=false _8b3e45756aa1c354 | /usr/bin/gzip >> ./prop.com/private/backups/20241223_120006-prop_com-database.sql.gz

Backup Summary for prop.com at 2024-12-23 12:00:08.283462
Config  : ./prop.com/private/backups/20241223_120006-prop_com-site_config_backup.json 271.0B
Database: ./prop.com/private/backups/20241223_120006-prop_com-database.sql.gz         6.2MiB
Backup for Site prop.com has been successfully completed
set -o pipefail; /usr/bin/mysqldump --user=_27901665e79b2ed2 --host=127.0.0.1 --port=3306 --password=********** --single-transaction --quick --lock-tables=false _27901665e79b2ed2 | /usr/bin/gzip >> ./newbie.com/private/backups/20241223_180002-newbie_com-database.sql.gz

Backup Summary for newbie.com at 2024-12-23 18:00:06.622836
Config  : ./newbie.com/private/backups/20241223_180002-newbie_com-site_config_backup.json 158.0B
Database: ./newbie.com/private/backups/20241223_180002-newbie_com-database.sql.gz         932.8KiB
Backup for Site newbie.com has been successfully completed
File ./prop.com/private/backups/20241223_120006-prop_com-site_config_backup.json is recent
File ./prop.com/private/backups/20241223_120006-prop_com-database.sql.gz is recent
set -o pipefail; /usr/bin/mysqldump --user=_8b3e45756aa1c354 --host=127.0.0.1 --port=3306 --password=********** --single-transaction --quick --lock-tables=false _8b3e45756aa1c354 | /usr/bin/gzip >> ./prop.com/private/backups/20241223_180006-prop_com-database.sql.gz

Backup Summary for prop.com at 2024-12-23 18:00:08.615923
Config  : ./prop.com/private/backups/20241223_180006-prop_com-site_config_backup.json 271.0B
Database: ./prop.com/private/backups/20241223_180006-prop_com-database.sql.gz         6.2MiB
Backup for Site prop.com has been successfully completed
set -o pipefail; /usr/bin/mysqldump --user=_27901665e79b2ed2 --host=127.0.0.1 --port=3306 --password=********** --single-transaction --quick --lock-tables=false _27901665e79b2ed2 | /usr/bin/gzip >> ./newbie.com/private/backups/20241224_000003-newbie_com-database.sql.gz

Backup Summary for newbie.com at 2024-12-24 00:00:06.250208
Config  : ./newbie.com/private/backups/20241224_000003-newbie_com-site_config_backup.json 158.0B
Database: ./newbie.com/private/backups/20241224_000003-newbie_com-database.sql.gz         932.8KiB
Backup for Site newbie.com has been successfully completed
File ./prop.com/private/backups/20241223_120006-prop_com-site_config_backup.json is recent
File ./prop.com/private/backups/20241223_180006-prop_com-database.sql.gz is recent
File ./prop.com/private/backups/20241223_120006-prop_com-database.sql.gz is recent
File ./prop.com/private/backups/20241223_180006-prop_com-site_config_backup.json is recent
set -o pipefail; /usr/bin/mysqldump --user=_8b3e45756aa1c354 --host=127.0.0.1 --port=3306 --password=********** --single-transaction --quick --lock-tables=false _8b3e45756aa1c354 | /usr/bin/gzip >> ./prop.com/private/backups/20241224_000006-prop_com-database.sql.gz

Backup Summary for prop.com at 2024-12-24 00:00:08.111220
Config  : ./prop.com/private/backups/20241224_000006-prop_com-site_config_backup.json 271.0B
Database: ./prop.com/private/backups/20241224_000006-prop_com-database.sql.gz         6.2MiB
Backup for Site prop.com has been successfully completed
set -o pipefail; /usr/bin/mysqldump --user=_27901665e79b2ed2 --host=127.0.0.1 --port=3306 --password=********** --single-transaction --quick --lock-tables=false _27901665e79b2ed2 | /usr/bin/gzip >> ./newbie.com/private/backups/20241224_060002-newbie_com-database.sql.gz

Backup Summary for newbie.com at 2024-12-24 06:00:05.954694
Config  : ./newbie.com/private/backups/20241224_060002-newbie_com-site_config_backup.json 158.0B
Database: ./newbie.com/private/backups/20241224_060002-newbie_com-database.sql.gz         932.8KiB
Backup for Site newbie.com has been successfully completed
File ./prop.com/private/backups/20241224_000006-prop_com-database.sql.gz is recent
File ./prop.com/private/backups/20241223_120006-prop_com-site_config_backup.json is recent
File ./prop.com/private/backups/20241223_180006-prop_com-database.sql.gz is recent
File ./prop.com/private/backups/20241223_120006-prop_com-database.sql.gz is recent
File ./prop.com/private/backups/20241224_000006-prop_com-site_config_backup.json is recent
File ./prop.com/private/backups/20241223_180006-prop_com-site_config_backup.json is recent
set -o pipefail; /usr/bin/mysqldump --user=_8b3e45756aa1c354 --host=127.0.0.1 --port=3306 --password=********** --single-transaction --quick --lock-tables=false _8b3e45756aa1c354 | /usr/bin/gzip >> ./prop.com/private/backups/20241224_060005-prop_com-database.sql.gz

Backup Summary for prop.com at 2024-12-24 06:00:07.681676
Config  : ./prop.com/private/backups/20241224_060005-prop_com-site_config_backup.json 271.0B
Database: ./prop.com/private/backups/20241224_060005-prop_com-database.sql.gz         6.2MiB
Backup for Site prop.com has been successfully completed
set -o pipefail; /usr/bin/mysqldump --user=_27901665e79b2ed2 --host=127.0.0.1 --port=3306 --password=********** --single-transaction --quick --lock-tables=false _27901665e79b2ed2 | /usr/bin/gzip >> ./newbie.com/private/backups/20241224_120002-newbie_com-database.sql.gz

Backup Summary for newbie.com at 2024-12-24 12:00:05.944114
Config  : ./newbie.com/private/backups/20241224_120002-newbie_com-site_config_backup.json 158.0B
Database: ./newbie.com/private/backups/20241224_120002-newbie_com-database.sql.gz         932.8KiB
Backup for Site newbie.com has been successfully completed
File ./prop.com/private/backups/20241224_000006-prop_com-database.sql.gz is recent
File ./prop.com/private/backups/20241223_120006-prop_com-site_config_backup.json is recent
File ./prop.com/private/backups/20241223_180006-prop_com-database.sql.gz is recent
File ./prop.com/private/backups/20241224_060005-prop_com-database.sql.gz is recent
File ./prop.com/private/backups/20241223_120006-prop_com-database.sql.gz is recent
File ./prop.com/private/backups/20241224_060005-prop_com-site_config_backup.json is recent
File ./prop.com/private/backups/20241224_000006-prop_com-site_config_backup.json is recent
File ./prop.com/private/backups/20241223_180006-prop_com-site_config_backup.json is recent
set -o pipefail; /usr/bin/mysqldump --user=_8b3e45756aa1c354 --host=127.0.0.1 --port=3306 --password=********** --single-transaction --quick --lock-tables=false _8b3e45756aa1c354 | /usr/bin/gzip >> ./prop.com/private/backups/20241224_120005-prop_com-database.sql.gz

Backup Summary for prop.com at 2024-12-24 12:00:07.521309
Config  : ./prop.com/private/backups/20241224_120005-prop_com-site_config_backup.json 271.0B
Database: ./prop.com/private/backups/20241224_120005-prop_com-database.sql.gz         6.2MiB
Backup for Site prop.com has been successfully completed
set -o pipefail; /usr/bin/mysqldump --user=_27901665e79b2ed2 --host=127.0.0.1 --port=3306 --password=********** --single-transaction --quick --lock-tables=false _27901665e79b2ed2 | /usr/bin/gzip >> ./newbie.com/private/backups/20241225_000002-newbie_com-database.sql.gz

Backup Summary for newbie.com at 2024-12-25 00:00:06.377032
Config  : ./newbie.com/private/backups/20241225_000002-newbie_com-site_config_backup.json 158.0B
Database: ./newbie.com/private/backups/20241225_000002-newbie_com-database.sql.gz         932.8KiB
Backup for Site newbie.com has been successfully completed
File ./prop.com/private/backups/20241224_000006-prop_com-database.sql.gz is recent
File ./prop.com/private/backups/20241223_120006-prop_com-site_config_backup.json is older than 24 hours
File ./prop.com/private/backups/20241223_180006-prop_com-database.sql.gz is older than 24 hours
File ./prop.com/private/backups/20241224_120005-prop_com-site_config_backup.json is recent
File ./prop.com/private/backups/20241224_060005-prop_com-database.sql.gz is recent
File ./prop.com/private/backups/20241223_120006-prop_com-database.sql.gz is older than 24 hours
File ./prop.com/private/backups/20241224_060005-prop_com-site_config_backup.json is recent
File ./prop.com/private/backups/20241224_000006-prop_com-site_config_backup.json is recent
File ./prop.com/private/backups/20241223_180006-prop_com-site_config_backup.json is older than 24 hours
File ./prop.com/private/backups/20241224_120005-prop_com-database.sql.gz is recent
set -o pipefail; /usr/bin/mysqldump --user=_8b3e45756aa1c354 --host=127.0.0.1 --port=3306 --password=********** --single-transaction --quick --lock-tables=false _8b3e45756aa1c354 | /usr/bin/gzip >> ./prop.com/private/backups/20241225_000006-prop_com-database.sql.gz

Backup Summary for prop.com at 2024-12-25 00:00:08.502472
Config  : ./prop.com/private/backups/20241225_000006-prop_com-site_config_backup.json 271.0B
Database: ./prop.com/private/backups/20241225_000006-prop_com-database.sql.gz         6.2MiB
Backup for Site prop.com has been successfully completed
set -o pipefail; /usr/bin/mysqldump --user=_27901665e79b2ed2 --host=127.0.0.1 --port=3306 --password=********** --single-transaction --quick --lock-tables=false _27901665e79b2ed2 | /usr/bin/gzip >> ./newbie.com/private/backups/20241225_060003-newbie_com-database.sql.gz

Backup Summary for newbie.com at 2024-12-25 06:00:07.161392
Config  : ./newbie.com/private/backups/20241225_060003-newbie_com-site_config_backup.json 158.0B
Database: ./newbie.com/private/backups/20241225_060003-newbie_com-database.sql.gz         932.8KiB
Backup for Site newbie.com has been successfully completed
File ./prop.com/private/backups/20241225_000006-prop_com-database.sql.gz is recent
File ./prop.com/private/backups/20241224_000006-prop_com-database.sql.gz is older than 24 hours
File ./prop.com/private/backups/20241224_120005-prop_com-site_config_backup.json is recent
File ./prop.com/private/backups/20241224_060005-prop_com-database.sql.gz is recent
File ./prop.com/private/backups/20241224_060005-prop_com-site_config_backup.json is recent
File ./prop.com/private/backups/20241224_000006-prop_com-site_config_backup.json is older than 24 hours
File ./prop.com/private/backups/20241224_120005-prop_com-database.sql.gz is recent
File ./prop.com/private/backups/20241225_000006-prop_com-site_config_backup.json is recent
set -o pipefail; /usr/bin/mysqldump --user=_8b3e45756aa1c354 --host=127.0.0.1 --port=3306 --password=********** --single-transaction --quick --lock-tables=false _8b3e45756aa1c354 | /usr/bin/gzip >> ./prop.com/private/backups/20241225_060007-prop_com-database.sql.gz

Backup Summary for prop.com at 2024-12-25 06:00:09.210640
Config  : ./prop.com/private/backups/20241225_060007-prop_com-site_config_backup.json 271.0B
Database: ./prop.com/private/backups/20241225_060007-prop_com-database.sql.gz         6.2MiB
Backup for Site prop.com has been successfully completed
set -o pipefail; /usr/bin/mysqldump --user=_27901665e79b2ed2 --host=127.0.0.1 --port=3306 --password=********** --single-transaction --quick --lock-tables=false _27901665e79b2ed2 | /usr/bin/gzip >> ./newbie.com/private/backups/20241225_120002-newbie_com-database.sql.gz

Backup Summary for newbie.com at 2024-12-25 12:00:05.456789
Config  : ./newbie.com/private/backups/20241225_120002-newbie_com-site_config_backup.json 158.0B
Database: ./newbie.com/private/backups/20241225_120002-newbie_com-database.sql.gz         932.8KiB
Backup for Site newbie.com has been successfully completed
File ./prop.com/private/backups/20241225_000006-prop_com-database.sql.gz is recent
File ./prop.com/private/backups/20241225_060007-prop_com-database.sql.gz is recent
File ./prop.com/private/backups/20241225_060007-prop_com-site_config_backup.json is recent
File ./prop.com/private/backups/20241224_120005-prop_com-site_config_backup.json is recent
File ./prop.com/private/backups/20241224_060005-prop_com-database.sql.gz is older than 24 hours
File ./prop.com/private/backups/20241224_060005-prop_com-site_config_backup.json is older than 24 hours
File ./prop.com/private/backups/20241224_120005-prop_com-database.sql.gz is recent
File ./prop.com/private/backups/20241225_000006-prop_com-site_config_backup.json is recent
set -o pipefail; /usr/bin/mysqldump --user=_8b3e45756aa1c354 --host=127.0.0.1 --port=3306 --password=********** --single-transaction --quick --lock-tables=false _8b3e45756aa1c354 | /usr/bin/gzip >> ./prop.com/private/backups/20241225_120005-prop_com-database.sql.gz

Backup Summary for prop.com at 2024-12-25 12:00:07.019120
Config  : ./prop.com/private/backups/20241225_120005-prop_com-site_config_backup.json 271.0B
Database: ./prop.com/private/backups/20241225_120005-prop_com-database.sql.gz         6.2MiB
Backup for Site prop.com has been successfully completed
set -o pipefail; /usr/bin/mysqldump --user=_27901665e79b2ed2 --host=127.0.0.1 --port=3306 --password=********** --single-transaction --quick --lock-tables=false _27901665e79b2ed2 | /usr/bin/gzip >> ./newbie.com/private/backups/20241225_180003-newbie_com-database.sql.gz

Backup Summary for newbie.com at 2024-12-25 18:00:06.496756
Config  : ./newbie.com/private/backups/20241225_180003-newbie_com-site_config_backup.json 158.0B
Database: ./newbie.com/private/backups/20241225_180003-newbie_com-database.sql.gz         932.8KiB
Backup for Site newbie.com has been successfully completed
File ./prop.com/private/backups/20241225_000006-prop_com-database.sql.gz is recent
File ./prop.com/private/backups/20241225_060007-prop_com-database.sql.gz is recent
File ./prop.com/private/backups/20241225_060007-prop_com-site_config_backup.json is recent
File ./prop.com/private/backups/20241225_120005-prop_com-database.sql.gz is recent
File ./prop.com/private/backups/20241224_120005-prop_com-site_config_backup.json is older than 24 hours
File ./prop.com/private/backups/20241225_120005-prop_com-site_config_backup.json is recent
File ./prop.com/private/backups/20241224_120005-prop_com-database.sql.gz is older than 24 hours
File ./prop.com/private/backups/20241225_000006-prop_com-site_config_backup.json is recent
set -o pipefail; /usr/bin/mysqldump --user=_8b3e45756aa1c354 --host=127.0.0.1 --port=3306 --password=********** --single-transaction --quick --lock-tables=false _8b3e45756aa1c354 | /usr/bin/gzip >> ./prop.com/private/backups/20241225_180006-prop_com-database.sql.gz

Backup Summary for prop.com at 2024-12-25 18:00:08.083176
Config  : ./prop.com/private/backups/20241225_180006-prop_com-site_config_backup.json 271.0B
Database: ./prop.com/private/backups/20241225_180006-prop_com-database.sql.gz         6.2MiB
Backup for Site prop.com has been successfully completed
set -o pipefail; /usr/bin/mysqldump --user=_27901665e79b2ed2 --host=127.0.0.1 --port=3306 --password=********** --single-transaction --quick --lock-tables=false _27901665e79b2ed2 | /usr/bin/gzip >> ./newbie.com/private/backups/20241226_000002-newbie_com-database.sql.gz

Backup Summary for newbie.com at 2024-12-26 00:00:05.700797
Config  : ./newbie.com/private/backups/20241226_000002-newbie_com-site_config_backup.json 158.0B
Database: ./newbie.com/private/backups/20241226_000002-newbie_com-database.sql.gz         932.8KiB
Backup for Site newbie.com has been successfully completed
File ./prop.com/private/backups/20241225_000006-prop_com-database.sql.gz is recent
File ./prop.com/private/backups/20241225_060007-prop_com-database.sql.gz is recent
File ./prop.com/private/backups/20241225_180006-prop_com-database.sql.gz is recent
File ./prop.com/private/backups/20241225_060007-prop_com-site_config_backup.json is recent
File ./prop.com/private/backups/20241225_120005-prop_com-database.sql.gz is recent
File ./prop.com/private/backups/20241225_120005-prop_com-site_config_backup.json is recent
File ./prop.com/private/backups/20241225_180006-prop_com-site_config_backup.json is recent
File ./prop.com/private/backups/20241225_000006-prop_com-site_config_backup.json is recent
set -o pipefail; /usr/bin/mysqldump --user=_8b3e45756aa1c354 --host=127.0.0.1 --port=3306 --password=********** --single-transaction --quick --lock-tables=false _8b3e45756aa1c354 | /usr/bin/gzip >> ./prop.com/private/backups/20241226_000005-prop_com-database.sql.gz

Backup Summary for prop.com at 2024-12-26 00:00:07.349978
Config  : ./prop.com/private/backups/20241226_000005-prop_com-site_config_backup.json 271.0B
Database: ./prop.com/private/backups/20241226_000005-prop_com-database.sql.gz         6.2MiB
Backup for Site prop.com has been successfully completed
set -o pipefail; /usr/bin/mysqldump --user=_27901665e79b2ed2 --host=127.0.0.1 --port=3306 --password=********** --single-transaction --quick --lock-tables=false _27901665e79b2ed2 | /usr/bin/gzip >> ./newbie.com/private/backups/20241226_060003-newbie_com-database.sql.gz

Backup Summary for newbie.com at 2024-12-26 06:00:06.476188
Config  : ./newbie.com/private/backups/20241226_060003-newbie_com-site_config_backup.json 158.0B
Database: ./newbie.com/private/backups/20241226_060003-newbie_com-database.sql.gz         932.8KiB
Backup for Site newbie.com has been successfully completed
File ./prop.com/private/backups/20241225_000006-prop_com-database.sql.gz is older than 24 hours
File ./prop.com/private/backups/20241226_000005-prop_com-database.sql.gz is recent
File ./prop.com/private/backups/20241225_060007-prop_com-database.sql.gz is recent
File ./prop.com/private/backups/20241225_180006-prop_com-database.sql.gz is recent
File ./prop.com/private/backups/20241225_060007-prop_com-site_config_backup.json is recent
File ./prop.com/private/backups/20241225_120005-prop_com-database.sql.gz is recent
File ./prop.com/private/backups/20241226_000005-prop_com-site_config_backup.json is recent
File ./prop.com/private/backups/20241225_120005-prop_com-site_config_backup.json is recent
File ./prop.com/private/backups/20241225_180006-prop_com-site_config_backup.json is recent
File ./prop.com/private/backups/20241225_000006-prop_com-site_config_backup.json is older than 24 hours
set -o pipefail; /usr/bin/mysqldump --user=_8b3e45756aa1c354 --host=127.0.0.1 --port=3306 --password=********** --single-transaction --quick --lock-tables=false _8b3e45756aa1c354 | /usr/bin/gzip >> ./prop.com/private/backups/20241226_060006-prop_com-database.sql.gz

Backup Summary for prop.com at 2024-12-26 06:00:08.450406
Config  : ./prop.com/private/backups/20241226_060006-prop_com-site_config_backup.json 271.0B
Database: ./prop.com/private/backups/20241226_060006-prop_com-database.sql.gz         6.2MiB
Backup for Site prop.com has been successfully completed
set -o pipefail; /usr/bin/mysqldump --user=_27901665e79b2ed2 --host=127.0.0.1 --port=3306 --password=********** --single-transaction --quick --lock-tables=false _27901665e79b2ed2 | /usr/bin/gzip >> ./newbie.com/private/backups/20241226_120003-newbie_com-database.sql.gz

Backup Summary for newbie.com at 2024-12-26 12:00:07.725301
Config  : ./newbie.com/private/backups/20241226_120003-newbie_com-site_config_backup.json 158.0B
Database: ./newbie.com/private/backups/20241226_120003-newbie_com-database.sql.gz         932.8KiB
Backup for Site newbie.com has been successfully completed
File ./prop.com/private/backups/20241226_060006-prop_com-database.sql.gz is recent
File ./prop.com/private/backups/20241226_000005-prop_com-database.sql.gz is recent
File ./prop.com/private/backups/20241225_060007-prop_com-database.sql.gz is older than 24 hours
File ./prop.com/private/backups/20241225_180006-prop_com-database.sql.gz is recent
File ./prop.com/private/backups/20241226_060006-prop_com-site_config_backup.json is recent
File ./prop.com/private/backups/20241225_060007-prop_com-site_config_backup.json is older than 24 hours
File ./prop.com/private/backups/20241225_120005-prop_com-database.sql.gz is older than 24 hours
File ./prop.com/private/backups/20241226_000005-prop_com-site_config_backup.json is recent
File ./prop.com/private/backups/20241225_120005-prop_com-site_config_backup.json is older than 24 hours
File ./prop.com/private/backups/20241225_180006-prop_com-site_config_backup.json is recent
set -o pipefail; /usr/bin/mysqldump --user=_8b3e45756aa1c354 --host=127.0.0.1 --port=3306 --password=********** --single-transaction --quick --lock-tables=false _8b3e45756aa1c354 | /usr/bin/gzip >> ./prop.com/private/backups/20241226_120007-prop_com-database.sql.gz

Backup Summary for prop.com at 2024-12-26 12:00:10.776420
Config  : ./prop.com/private/backups/20241226_120007-prop_com-site_config_backup.json 271.0B
Database: ./prop.com/private/backups/20241226_120007-prop_com-database.sql.gz         6.2MiB
Backup for Site prop.com has been successfully completed
set -o pipefail; /usr/bin/mysqldump --user=_27901665e79b2ed2 --host=127.0.0.1 --port=3306 --password=********** --single-transaction --quick --lock-tables=false _27901665e79b2ed2 | /usr/bin/gzip >> ./newbie.com/private/backups/20241226_180003-newbie_com-database.sql.gz

Backup Summary for newbie.com at 2024-12-26 18:00:09.829286
Config  : ./newbie.com/private/backups/20241226_180003-newbie_com-site_config_backup.json 158.0B
Database: ./newbie.com/private/backups/20241226_180003-newbie_com-database.sql.gz         932.8KiB
Backup for Site newbie.com has been successfully completed
File ./prop.com/private/backups/20241226_060006-prop_com-database.sql.gz is recent
File ./prop.com/private/backups/20241226_000005-prop_com-database.sql.gz is recent
File ./prop.com/private/backups/20241225_180006-prop_com-database.sql.gz is older than 24 hours
File ./prop.com/private/backups/20241226_060006-prop_com-site_config_backup.json is recent
File ./prop.com/private/backups/20241226_120007-prop_com-database.sql.gz is recent
File ./prop.com/private/backups/20241226_120007-prop_com-site_config_backup.json is recent
File ./prop.com/private/backups/20241226_000005-prop_com-site_config_backup.json is recent
File ./prop.com/private/backups/20241225_180006-prop_com-site_config_backup.json is older than 24 hours
set -o pipefail; /usr/bin/mysqldump --user=_8b3e45756aa1c354 --host=127.0.0.1 --port=3306 --password=********** --single-transaction --quick --lock-tables=false _8b3e45756aa1c354 | /usr/bin/gzip >> ./prop.com/private/backups/20241226_180009-prop_com-database.sql.gz

Backup Summary for prop.com at 2024-12-26 18:00:13.632516
Config  : ./prop.com/private/backups/20241226_180009-prop_com-site_config_backup.json 271.0B
Database: ./prop.com/private/backups/20241226_180009-prop_com-database.sql.gz         6.2MiB
Backup for Site prop.com has been successfully completed
set -o pipefail; /usr/bin/mysqldump --user=_27901665e79b2ed2 --host=127.0.0.1 --port=3306 --password=********** --single-transaction --quick --lock-tables=false _27901665e79b2ed2 | /usr/bin/gzip >> ./newbie.com/private/backups/20241227_120003-newbie_com-database.sql.gz

Backup Summary for newbie.com at 2024-12-27 12:00:07.233261
Config  : ./newbie.com/private/backups/20241227_120003-newbie_com-site_config_backup.json 158.0B
Database: ./newbie.com/private/backups/20241227_120003-newbie_com-database.sql.gz         932.8KiB
Backup for Site newbie.com has been successfully completed
File ./prop.com/private/backups/20241226_060006-prop_com-database.sql.gz is older than 24 hours
File ./prop.com/private/backups/20241226_000005-prop_com-database.sql.gz is older than 24 hours
File ./prop.com/private/backups/20241226_060006-prop_com-site_config_backup.json is older than 24 hours
File ./prop.com/private/backups/20241226_120007-prop_com-database.sql.gz is recent
File ./prop.com/private/backups/20241226_120007-prop_com-site_config_backup.json is recent
File ./prop.com/private/backups/20241226_000005-prop_com-site_config_backup.json is older than 24 hours
File ./prop.com/private/backups/20241226_180009-prop_com-site_config_backup.json is recent
File ./prop.com/private/backups/20241226_180009-prop_com-database.sql.gz is recent
set -o pipefail; /usr/bin/mysqldump --user=_8b3e45756aa1c354 --host=127.0.0.1 --port=3306 --password=********** --single-transaction --quick --lock-tables=false _8b3e45756aa1c354 | /usr/bin/gzip >> ./prop.com/private/backups/20241227_120007-prop_com-database.sql.gz

Backup Summary for prop.com at 2024-12-27 12:00:09.882445
Config  : ./prop.com/private/backups/20241227_120007-prop_com-site_config_backup.json 271.0B
Database: ./prop.com/private/backups/20241227_120007-prop_com-database.sql.gz         6.2MiB
Backup for Site prop.com has been successfully completed
set -o pipefail; /usr/bin/mysqldump --user=_27901665e79b2ed2 --host=127.0.0.1 --port=3306 --password=********** --single-transaction --quick --lock-tables=false _27901665e79b2ed2 | /usr/bin/gzip >> ./newbie.com/private/backups/20241228_120003-newbie_com-database.sql.gz

Backup Summary for newbie.com at 2024-12-28 12:00:07.083031
Config  : ./newbie.com/private/backups/20241228_120003-newbie_com-site_config_backup.json 158.0B
Database: ./newbie.com/private/backups/20241228_120003-newbie_com-database.sql.gz         932.8KiB
Backup for Site newbie.com has been successfully completed
File ./prop.com/private/backups/20241227_120007-prop_com-site_config_backup.json is recent
File ./prop.com/private/backups/20241227_120007-prop_com-database.sql.gz is recent
File ./prop.com/private/backups/20241226_120007-prop_com-database.sql.gz is older than 24 hours
File ./prop.com/private/backups/20241226_120007-prop_com-site_config_backup.json is older than 24 hours
File ./prop.com/private/backups/20241226_180009-prop_com-site_config_backup.json is older than 24 hours
File ./prop.com/private/backups/20241226_180009-prop_com-database.sql.gz is older than 24 hours
set -o pipefail; /usr/bin/mysqldump --user=_8b3e45756aa1c354 --host=127.0.0.1 --port=3306 --password=********** --single-transaction --quick --lock-tables=false _8b3e45756aa1c354 | /usr/bin/gzip >> ./prop.com/private/backups/20241228_120007-prop_com-database.sql.gz

Backup Summary for prop.com at 2024-12-28 12:00:09.300271
Config  : ./prop.com/private/backups/20241228_120007-prop_com-site_config_backup.json 271.0B
Database: ./prop.com/private/backups/20241228_120007-prop_com-database.sql.gz         6.2MiB
Backup for Site prop.com has been successfully completed
set -o pipefail; /usr/bin/mysqldump --user=_27901665e79b2ed2 --host=127.0.0.1 --port=3306 --password=********** --single-transaction --quick --lock-tables=false _27901665e79b2ed2 | /usr/bin/gzip >> ./newbie.com/private/backups/20241228_180003-newbie_com-database.sql.gz

Backup Summary for newbie.com at 2024-12-28 18:00:08.966568
Config  : ./newbie.com/private/backups/20241228_180003-newbie_com-site_config_backup.json 158.0B
Database: ./newbie.com/private/backups/20241228_180003-newbie_com-database.sql.gz         932.8KiB
Backup for Site newbie.com has been successfully completed
File ./prop.com/private/backups/20241228_120007-prop_com-database.sql.gz is recent
File ./prop.com/private/backups/20241227_120007-prop_com-site_config_backup.json is older than 24 hours
File ./prop.com/private/backups/20241228_120007-prop_com-site_config_backup.json is recent
File ./prop.com/private/backups/20241227_120007-prop_com-database.sql.gz is older than 24 hours
set -o pipefail; /usr/bin/mysqldump --user=_8b3e45756aa1c354 --host=127.0.0.1 --port=3306 --password=********** --single-transaction --quick --lock-tables=false _8b3e45756aa1c354 | /usr/bin/gzip >> ./prop.com/private/backups/20241228_180008-prop_com-database.sql.gz

Backup Summary for prop.com at 2024-12-28 18:00:12.472523
Config  : ./prop.com/private/backups/20241228_180008-prop_com-site_config_backup.json 271.0B
Database: ./prop.com/private/backups/20241228_180008-prop_com-database.sql.gz         6.2MiB
Backup for Site prop.com has been successfully completed
set -o pipefail; /usr/bin/mysqldump --user=_27901665e79b2ed2 --host=127.0.0.1 --port=3306 --password=********** --single-transaction --quick --lock-tables=false _27901665e79b2ed2 | /usr/bin/gzip >> ./newbie.com/private/backups/20241230_120003-newbie_com-database.sql.gz

Backup Summary for newbie.com at 2024-12-30 12:00:07.659041
Config  : ./newbie.com/private/backups/20241230_120003-newbie_com-site_config_backup.json 158.0B
Database: ./newbie.com/private/backups/20241230_120003-newbie_com-database.sql.gz         932.8KiB
Backup for Site newbie.com has been successfully completed
File ./prop.com/private/backups/20241228_180008-prop_com-database.sql.gz is older than 24 hours
File ./prop.com/private/backups/20241228_120007-prop_com-database.sql.gz is older than 24 hours
File ./prop.com/private/backups/20241228_120007-prop_com-site_config_backup.json is older than 24 hours
File ./prop.com/private/backups/20241228_180008-prop_com-site_config_backup.json is older than 24 hours
set -o pipefail; /usr/bin/mysqldump --user=_8b3e45756aa1c354 --host=127.0.0.1 --port=3306 --password=********** --single-transaction --quick --lock-tables=false _8b3e45756aa1c354 | /usr/bin/gzip >> ./prop.com/private/backups/20241230_120007-prop_com-database.sql.gz

Backup Summary for prop.com at 2024-12-30 12:00:10.206026
Config  : ./prop.com/private/backups/20241230_120007-prop_com-site_config_backup.json 271.0B
Database: ./prop.com/private/backups/20241230_120007-prop_com-database.sql.gz         6.2MiB
Backup for Site prop.com has been successfully completed
set -o pipefail; /usr/bin/mysqldump --user=_27901665e79b2ed2 --host=127.0.0.1 --port=3306 --password=********** --single-transaction --quick --lock-tables=false _27901665e79b2ed2 | /usr/bin/gzip >> ./newbie.com/private/backups/20241230_180003-newbie_com-database.sql.gz

Backup Summary for newbie.com at 2024-12-30 18:00:07.356538
Config  : ./newbie.com/private/backups/20241230_180003-newbie_com-site_config_backup.json 158.0B
Database: ./newbie.com/private/backups/20241230_180003-newbie_com-database.sql.gz         932.8KiB
Backup for Site newbie.com has been successfully completed
File ./prop.com/private/backups/20241230_120007-prop_com-database.sql.gz is recent
File ./prop.com/private/backups/20241230_120007-prop_com-site_config_backup.json is recent
set -o pipefail; /usr/bin/mysqldump --user=_8b3e45756aa1c354 --host=127.0.0.1 --port=3306 --password=********** --single-transaction --quick --lock-tables=false _8b3e45756aa1c354 | /usr/bin/gzip >> ./prop.com/private/backups/20241230_180007-prop_com-database.sql.gz

Backup Summary for prop.com at 2024-12-30 18:00:09.465581
Config  : ./prop.com/private/backups/20241230_180007-prop_com-site_config_backup.json 271.0B
Database: ./prop.com/private/backups/20241230_180007-prop_com-database.sql.gz         6.2MiB
Backup for Site prop.com has been successfully completed
set -o pipefail; /usr/bin/mysqldump --user=_27901665e79b2ed2 --host=127.0.0.1 --port=3306 --password=********** --single-transaction --quick --lock-tables=false _27901665e79b2ed2 | /usr/bin/gzip >> ./newbie.com/private/backups/20241231_120003-newbie_com-database.sql.gz

Backup Summary for newbie.com at 2024-12-31 12:00:06.926970
Config  : ./newbie.com/private/backups/20241231_120003-newbie_com-site_config_backup.json 158.0B
Database: ./newbie.com/private/backups/20241231_120003-newbie_com-database.sql.gz         932.8KiB
Backup for Site newbie.com has been successfully completed
File ./prop.com/private/backups/20241230_180007-prop_com-site_config_backup.json is recent
File ./prop.com/private/backups/20241230_120007-prop_com-database.sql.gz is recent
File ./prop.com/private/backups/20241230_180007-prop_com-database.sql.gz is recent
File ./prop.com/private/backups/20241230_120007-prop_com-site_config_backup.json is recent
set -o pipefail; /usr/bin/mysqldump --user=_8b3e45756aa1c354 --host=127.0.0.1 --port=3306 --password=********** --single-transaction --quick --lock-tables=false _8b3e45756aa1c354 | /usr/bin/gzip >> ./prop.com/private/backups/20241231_120006-prop_com-database.sql.gz

Backup Summary for prop.com at 2024-12-31 12:00:09.091729
Config  : ./prop.com/private/backups/20241231_120006-prop_com-site_config_backup.json 271.0B
Database: ./prop.com/private/backups/20241231_120006-prop_com-database.sql.gz         6.2MiB
Backup for Site prop.com has been successfully completed
Traceback (most recent call last):
  File "/home/mbr-python/.local/bin/bench", line 5, in <module>
    from bench.cli import cli
  File "/usr/local/lib/python3.9/dist-packages/bench/cli.py", line 10, in <module>
    import click
ModuleNotFoundError: No module named 'click'
Traceback (most recent call last):
  File "/home/mbr-python/.local/bin/bench", line 5, in <module>
    from bench.cli import cli
  File "/usr/local/lib/python3.9/dist-packages/bench/cli.py", line 10, in <module>
    import click
ModuleNotFoundError: No module named 'click'
Traceback (most recent call last):
  File "/home/mbr-python/.local/bin/bench", line 5, in <module>
    from bench.cli import cli
  File "/usr/local/lib/python3.9/dist-packages/bench/cli.py", line 10, in <module>
    import click
ModuleNotFoundError: No module named 'click'
Traceback (most recent call last):
  File "/home/mbr-python/.local/bin/bench", line 5, in <module>
    from bench.cli import cli
  File "/usr/local/lib/python3.9/dist-packages/bench/cli.py", line 10, in <module>
    import click
ModuleNotFoundError: No module named 'click'
Traceback (most recent call last):
  File "/home/mbr-python/.local/bin/bench", line 5, in <module>
    from bench.cli import cli
  File "/usr/local/lib/python3.9/dist-packages/bench/cli.py", line 10, in <module>
    import click
ModuleNotFoundError: No module named 'click'
Traceback (most recent call last):
  File "/home/mbr-python/.local/bin/bench", line 5, in <module>
    from bench.cli import cli
  File "/usr/local/lib/python3.9/dist-packages/bench/cli.py", line 10, in <module>
    import click
ModuleNotFoundError: No module named 'click'
Traceback (most recent call last):
  File "/home/mbr-python/.local/bin/bench", line 5, in <module>
    from bench.cli import cli
  File "/usr/local/lib/python3.9/dist-packages/bench/cli.py", line 10, in <module>
    import click
ModuleNotFoundError: No module named 'click'
Traceback (most recent call last):
  File "/home/mbr-python/.local/bin/bench", line 5, in <module>
    from bench.cli import cli
  File "/usr/local/lib/python3.9/dist-packages/bench/cli.py", line 10, in <module>
    import click
ModuleNotFoundError: No module named 'click'
Traceback (most recent call last):
  File "/home/mbr-python/.local/bin/bench", line 5, in <module>
    from bench.cli import cli
  File "/usr/local/lib/python3.9/dist-packages/bench/cli.py", line 10, in <module>
    import click
ModuleNotFoundError: No module named 'click'
Traceback (most recent call last):
  File "/home/mbr-python/.local/bin/bench", line 5, in <module>
    from bench.cli import cli
  File "/usr/local/lib/python3.9/dist-packages/bench/cli.py", line 10, in <module>
    import click
ModuleNotFoundError: No module named 'click'
Traceback (most recent call last):
  File "/home/mbr-python/.local/bin/bench", line 5, in <module>
    from bench.cli import cli
  File "/usr/local/lib/python3.9/dist-packages/bench/cli.py", line 10, in <module>
    import click
ModuleNotFoundError: No module named 'click'
Traceback (most recent call last):
  File "/home/mbr-python/.local/bin/bench", line 5, in <module>
    from bench.cli import cli
  File "/usr/local/lib/python3.9/dist-packages/bench/cli.py", line 10, in <module>
    import click
ModuleNotFoundError: No module named 'click'
Traceback (most recent call last):
  File "/home/mbr-python/.local/bin/bench", line 5, in <module>
    from bench.cli import cli
  File "/usr/local/lib/python3.9/dist-packages/bench/cli.py", line 10, in <module>
    import click
ModuleNotFoundError: No module named 'click'
Traceback (most recent call last):
  File "/home/mbr-python/.local/bin/bench", line 5, in <module>
    from bench.cli import cli
  File "/usr/local/lib/python3.9/dist-packages/bench/cli.py", line 10, in <module>
    import click
ModuleNotFoundError: No module named 'click'
Traceback (most recent call last):
  File "/home/mbr-python/.local/bin/bench", line 5, in <module>
    from bench.cli import cli
  File "/usr/local/lib/python3.9/dist-packages/bench/cli.py", line 10, in <module>
    import click
ModuleNotFoundError: No module named 'click'
Traceback (most recent call last):
  File "/home/mbr-python/.local/bin/bench", line 5, in <module>
    from bench.cli import cli
  File "/usr/local/lib/python3.9/dist-packages/bench/cli.py", line 10, in <module>
    import click
ModuleNotFoundError: No module named 'click'
Traceback (most recent call last):
  File "/home/mbr-python/.local/bin/bench", line 5, in <module>
    from bench.cli import cli
  File "/usr/local/lib/python3.9/dist-packages/bench/cli.py", line 10, in <module>
    import click
ModuleNotFoundError: No module named 'click'
Traceback (most recent call last):
  File "/home/mbr-python/.local/bin/bench", line 5, in <module>
    from bench.cli import cli
  File "/usr/local/lib/python3.9/dist-packages/bench/cli.py", line 10, in <module>
    import click
ModuleNotFoundError: No module named 'click'
Traceback (most recent call last):
  File "/home/mbr-python/.local/bin/bench", line 5, in <module>
    from bench.cli import cli
  File "/usr/local/lib/python3.9/dist-packages/bench/cli.py", line 10, in <module>
    import click
ModuleNotFoundError: No module named 'click'
Traceback (most recent call last):
  File "/home/mbr-python/.local/bin/bench", line 5, in <module>
    from bench.cli import cli
  File "/usr/local/lib/python3.9/dist-packages/bench/cli.py", line 10, in <module>
    import click
ModuleNotFoundError: No module named 'click'
Traceback (most recent call last):
  File "/home/mbr-python/.local/bin/bench", line 5, in <module>
    from bench.cli import cli
  File "/usr/local/lib/python3.9/dist-packages/bench/cli.py", line 10, in <module>
    import click
ModuleNotFoundError: No module named 'click'
Traceback (most recent call last):
  File "/home/mbr-python/.local/bin/bench", line 5, in <module>
    from bench.cli import cli
  File "/usr/local/lib/python3.9/dist-packages/bench/cli.py", line 10, in <module>
    import click
ModuleNotFoundError: No module named 'click'
Traceback (most recent call last):
  File "/home/mbr-python/.local/bin/bench", line 5, in <module>
    from bench.cli import cli
  File "/usr/local/lib/python3.9/dist-packages/bench/cli.py", line 10, in <module>
    import click
ModuleNotFoundError: No module named 'click'
Traceback (most recent call last):
  File "/home/mbr-python/.local/bin/bench", line 5, in <module>
    from bench.cli import cli
  File "/usr/local/lib/python3.9/dist-packages/bench/cli.py", line 10, in <module>
    import click
ModuleNotFoundError: No module named 'click'
Traceback (most recent call last):
  File "/home/mbr-python/.local/bin/bench", line 5, in <module>
    from bench.cli import cli
  File "/usr/local/lib/python3.9/dist-packages/bench/cli.py", line 10, in <module>
    import click
ModuleNotFoundError: No module named 'click'
Traceback (most recent call last):
  File "/home/mbr-python/.local/bin/bench", line 5, in <module>
    from bench.cli import cli
  File "/usr/local/lib/python3.9/dist-packages/bench/cli.py", line 10, in <module>
    import click
ModuleNotFoundError: No module named 'click'
Traceback (most recent call last):
  File "/home/mbr-python/.local/bin/bench", line 5, in <module>
    from bench.cli import cli
  File "/usr/local/lib/python3.9/dist-packages/bench/cli.py", line 10, in <module>
    import click
ModuleNotFoundError: No module named 'click'
Traceback (most recent call last):
  File "/home/mbr-python/.local/bin/bench", line 5, in <module>
    from bench.cli import cli
  File "/usr/local/lib/python3.9/dist-packages/bench/cli.py", line 10, in <module>
    import click
ModuleNotFoundError: No module named 'click'
Traceback (most recent call last):
  File "/home/mbr-python/.local/bin/bench", line 5, in <module>
    from bench.cli import cli
  File "/usr/local/lib/python3.9/dist-packages/bench/cli.py", line 10, in <module>
    import click
ModuleNotFoundError: No module named 'click'
Traceback (most recent call last):
  File "/home/mbr-python/.local/bin/bench", line 5, in <module>
    from bench.cli import cli
  File "/usr/local/lib/python3.9/dist-packages/bench/cli.py", line 10, in <module>
    import click
ModuleNotFoundError: No module named 'click'
Traceback (most recent call last):
  File "/home/mbr-python/.local/bin/bench", line 5, in <module>
    from bench.cli import cli
  File "/usr/local/lib/python3.9/dist-packages/bench/cli.py", line 10, in <module>
    import click
ModuleNotFoundError: No module named 'click'
Traceback (most recent call last):
  File "/home/mbr-python/.local/bin/bench", line 5, in <module>
    from bench.cli import cli
  File "/usr/local/lib/python3.9/dist-packages/bench/cli.py", line 10, in <module>
    import click
ModuleNotFoundError: No module named 'click'
Traceback (most recent call last):
  File "/home/mbr-python/.local/bin/bench", line 5, in <module>
    from bench.cli import cli
  File "/usr/local/lib/python3.9/dist-packages/bench/cli.py", line 10, in <module>
    import click
ModuleNotFoundError: No module named 'click'
Traceback (most recent call last):
  File "/home/mbr-python/.local/bin/bench", line 5, in <module>
    from bench.cli import cli
  File "/usr/local/lib/python3.9/dist-packages/bench/cli.py", line 10, in <module>
    import click
ModuleNotFoundError: No module named 'click'
Traceback (most recent call last):
  File "/home/mbr-python/.local/bin/bench", line 5, in <module>
    from bench.cli import cli
  File "/usr/local/lib/python3.9/dist-packages/bench/cli.py", line 10, in <module>
    import click
ModuleNotFoundError: No module named 'click'
Traceback (most recent call last):
  File "/home/mbr-python/.local/bin/bench", line 5, in <module>
    from bench.cli import cli
  File "/usr/local/lib/python3.9/dist-packages/bench/cli.py", line 10, in <module>
    import click
ModuleNotFoundError: No module named 'click'
Traceback (most recent call last):
  File "/home/mbr-python/.local/bin/bench", line 5, in <module>
    from bench.cli import cli
  File "/usr/local/lib/python3.9/dist-packages/bench/cli.py", line 10, in <module>
    import click
ModuleNotFoundError: No module named 'click'
Traceback (most recent call last):
  File "/home/mbr-python/.local/bin/bench", line 5, in <module>
    from bench.cli import cli
  File "/usr/local/lib/python3.9/dist-packages/bench/cli.py", line 10, in <module>
    import click
ModuleNotFoundError: No module named 'click'
Traceback (most recent call last):
  File "/home/mbr-python/.local/bin/bench", line 5, in <module>
    from bench.cli import cli
  File "/usr/local/lib/python3.9/dist-packages/bench/cli.py", line 10, in <module>
    import click
ModuleNotFoundError: No module named 'click'
Traceback (most recent call last):
  File "/home/mbr-python/.local/bin/bench", line 5, in <module>
    from bench.cli import cli
  File "/usr/local/lib/python3.9/dist-packages/bench/cli.py", line 10, in <module>
    import click
ModuleNotFoundError: No module named 'click'
Traceback (most recent call last):
  File "/home/mbr-python/.local/bin/bench", line 5, in <module>
    from bench.cli import cli
  File "/usr/local/lib/python3.9/dist-packages/bench/cli.py", line 10, in <module>
    import click
ModuleNotFoundError: No module named 'click'
Traceback (most recent call last):
  File "/home/mbr-python/.local/bin/bench", line 5, in <module>
    from bench.cli import cli
  File "/usr/local/lib/python3.9/dist-packages/bench/cli.py", line 10, in <module>
    import click
ModuleNotFoundError: No module named 'click'
Traceback (most recent call last):
  File "/home/mbr-python/.local/bin/bench", line 5, in <module>
    from bench.cli import cli
  File "/usr/local/lib/python3.9/dist-packages/bench/cli.py", line 10, in <module>
    import click
ModuleNotFoundError: No module named 'click'
Traceback (most recent call last):
  File "/home/mbr-python/.local/bin/bench", line 5, in <module>
    from bench.cli import cli
  File "/usr/local/lib/python3.9/dist-packages/bench/cli.py", line 10, in <module>
    import click
ModuleNotFoundError: No module named 'click'
Traceback (most recent call last):
  File "/home/mbr-python/.local/bin/bench", line 5, in <module>
    from bench.cli import cli
  File "/usr/local/lib/python3.9/dist-packages/bench/cli.py", line 10, in <module>
    import click
ModuleNotFoundError: No module named 'click'
Traceback (most recent call last):
  File "/home/mbr-python/.local/bin/bench", line 5, in <module>
    from bench.cli import cli
  File "/usr/local/lib/python3.9/dist-packages/bench/cli.py", line 10, in <module>
    import click
ModuleNotFoundError: No module named 'click'
Traceback (most recent call last):
  File "/home/mbr-python/.local/bin/bench", line 5, in <module>
    from bench.cli import cli
  File "/usr/local/lib/python3.9/dist-packages/bench/cli.py", line 10, in <module>
    import click
ModuleNotFoundError: No module named 'click'
Traceback (most recent call last):
  File "/home/mbr-python/.local/bin/bench", line 5, in <module>
    from bench.cli import cli
  File "/usr/local/lib/python3.9/dist-packages/bench/cli.py", line 10, in <module>
    import click
ModuleNotFoundError: No module named 'click'
Traceback (most recent call last):
  File "/home/mbr-python/.local/bin/bench", line 5, in <module>
    from bench.cli import cli
  File "/usr/local/lib/python3.9/dist-packages/bench/cli.py", line 10, in <module>
    import click
ModuleNotFoundError: No module named 'click'
Traceback (most recent call last):
  File "/home/mbr-python/.local/bin/bench", line 5, in <module>
    from bench.cli import cli
  File "/usr/local/lib/python3.9/dist-packages/bench/cli.py", line 10, in <module>
    import click
ModuleNotFoundError: No module named 'click'
Traceback (most recent call last):
  File "/home/mbr-python/.local/bin/bench", line 5, in <module>
    from bench.cli import cli
  File "/usr/local/lib/python3.9/dist-packages/bench/cli.py", line 10, in <module>
    import click
ModuleNotFoundError: No module named 'click'
Traceback (most recent call last):
  File "/home/mbr-python/.local/bin/bench", line 5, in <module>
    from bench.cli import cli
  File "/usr/local/lib/python3.9/dist-packages/bench/cli.py", line 10, in <module>
    import click
ModuleNotFoundError: No module named 'click'
Traceback (most recent call last):
  File "/home/mbr-python/.local/bin/bench", line 5, in <module>
    from bench.cli import cli
  File "/usr/local/lib/python3.9/dist-packages/bench/cli.py", line 10, in <module>
    import click
ModuleNotFoundError: No module named 'click'
Traceback (most recent call last):
  File "/home/mbr-python/.local/bin/bench", line 5, in <module>
    from bench.cli import cli
  File "/usr/local/lib/python3.9/dist-packages/bench/cli.py", line 10, in <module>
    import click
ModuleNotFoundError: No module named 'click'
Traceback (most recent call last):
  File "/home/mbr-python/.local/bin/bench", line 5, in <module>
    from bench.cli import cli
  File "/usr/local/lib/python3.9/dist-packages/bench/cli.py", line 10, in <module>
    import click
ModuleNotFoundError: No module named 'click'
Traceback (most recent call last):
  File "/home/mbr-python/.local/bin/bench", line 5, in <module>
    from bench.cli import cli
  File "/usr/local/lib/python3.9/dist-packages/bench/cli.py", line 10, in <module>
    import click
ModuleNotFoundError: No module named 'click'
Traceback (most recent call last):
  File "/home/mbr-python/.local/bin/bench", line 5, in <module>
    from bench.cli import cli
  File "/usr/local/lib/python3.9/dist-packages/bench/cli.py", line 10, in <module>
    import click
ModuleNotFoundError: No module named 'click'
Traceback (most recent call last):
  File "/home/mbr-python/.local/bin/bench", line 5, in <module>
    from bench.cli import cli
  File "/usr/local/lib/python3.9/dist-packages/bench/cli.py", line 10, in <module>
    import click
ModuleNotFoundError: No module named 'click'
Traceback (most recent call last):
  File "/home/mbr-python/.local/bin/bench", line 5, in <module>
    from bench.cli import cli
  File "/usr/local/lib/python3.9/dist-packages/bench/cli.py", line 10, in <module>
    import click
ModuleNotFoundError: No module named 'click'
Traceback (most recent call last):
  File "/home/mbr-python/.local/bin/bench", line 5, in <module>
    from bench.cli import cli
  File "/usr/local/lib/python3.9/dist-packages/bench/cli.py", line 10, in <module>
    import click
ModuleNotFoundError: No module named 'click'
Traceback (most recent call last):
  File "/home/mbr-python/.local/bin/bench", line 5, in <module>
    from bench.cli import cli
  File "/usr/local/lib/python3.9/dist-packages/bench/cli.py", line 10, in <module>
    import click
ModuleNotFoundError: No module named 'click'
Traceback (most recent call last):
  File "/home/mbr-python/.local/bin/bench", line 5, in <module>
    from bench.cli import cli
  File "/usr/local/lib/python3.9/dist-packages/bench/cli.py", line 10, in <module>
    import click
ModuleNotFoundError: No module named 'click'
Traceback (most recent call last):
  File "/home/mbr-python/.local/bin/bench", line 5, in <module>
    from bench.cli import cli
  File "/usr/local/lib/python3.9/dist-packages/bench/cli.py", line 10, in <module>
    import click
ModuleNotFoundError: No module named 'click'
Traceback (most recent call last):
  File "/home/mbr-python/.local/bin/bench", line 5, in <module>
    from bench.cli import cli
  File "/usr/local/lib/python3.9/dist-packages/bench/cli.py", line 10, in <module>
    import click
ModuleNotFoundError: No module named 'click'
Traceback (most recent call last):
  File "/home/mbr-python/.local/bin/bench", line 5, in <module>
    from bench.cli import cli
  File "/usr/local/lib/python3.9/dist-packages/bench/cli.py", line 10, in <module>
    import click
ModuleNotFoundError: No module named 'click'
Traceback (most recent call last):
  File "/home/mbr-python/.local/bin/bench", line 5, in <module>
    from bench.cli import cli
  File "/usr/local/lib/python3.9/dist-packages/bench/cli.py", line 10, in <module>
    import click
ModuleNotFoundError: No module named 'click'
Traceback (most recent call last):
  File "/home/mbr-python/.local/bin/bench", line 5, in <module>
    from bench.cli import cli
  File "/usr/local/lib/python3.9/dist-packages/bench/cli.py", line 10, in <module>
    import click
ModuleNotFoundError: No module named 'click'
Traceback (most recent call last):
  File "/home/mbr-python/.local/bin/bench", line 5, in <module>
    from bench.cli import cli
  File "/usr/local/lib/python3.9/dist-packages/bench/cli.py", line 10, in <module>
    import click
ModuleNotFoundError: No module named 'click'
Traceback (most recent call last):
  File "/home/mbr-python/.local/bin/bench", line 5, in <module>
    from bench.cli import cli
  File "/usr/local/lib/python3.9/dist-packages/bench/cli.py", line 10, in <module>
    import click
ModuleNotFoundError: No module named 'click'
Traceback (most recent call last):
  File "/home/mbr-python/.local/bin/bench", line 5, in <module>
    from bench.cli import cli
  File "/usr/local/lib/python3.9/dist-packages/bench/cli.py", line 10, in <module>
    import click
ModuleNotFoundError: No module named 'click'
Traceback (most recent call last):
  File "/home/mbr-python/.local/bin/bench", line 5, in <module>
    from bench.cli import cli
  File "/usr/local/lib/python3.9/dist-packages/bench/cli.py", line 10, in <module>
    import click
ModuleNotFoundError: No module named 'click'
Traceback (most recent call last):
  File "/home/mbr-python/.local/bin/bench", line 5, in <module>
    from bench.cli import cli
  File "/usr/local/lib/python3.9/dist-packages/bench/cli.py", line 10, in <module>
    import click
ModuleNotFoundError: No module named 'click'
Traceback (most recent call last):
  File "/home/mbr-python/.local/bin/bench", line 5, in <module>
    from bench.cli import cli
  File "/usr/local/lib/python3.9/dist-packages/bench/cli.py", line 10, in <module>
    import click
ModuleNotFoundError: No module named 'click'
Traceback (most recent call last):
  File "/home/mbr-python/.local/bin/bench", line 5, in <module>
    from bench.cli import cli
  File "/usr/local/lib/python3.9/dist-packages/bench/cli.py", line 10, in <module>
    import click
ModuleNotFoundError: No module named 'click'
Traceback (most recent call last):
  File "/home/mbr-python/.local/bin/bench", line 5, in <module>
    from bench.cli import cli
  File "/usr/local/lib/python3.9/dist-packages/bench/cli.py", line 10, in <module>
    import click
ModuleNotFoundError: No module named 'click'
Traceback (most recent call last):
  File "/home/mbr-python/.local/bin/bench", line 5, in <module>
    from bench.cli import cli
  File "/usr/local/lib/python3.9/dist-packages/bench/cli.py", line 10, in <module>
    import click
ModuleNotFoundError: No module named 'click'
Traceback (most recent call last):
  File "/home/mbr-python/.local/bin/bench", line 5, in <module>
    from bench.cli import cli
  File "/usr/local/lib/python3.9/dist-packages/bench/cli.py", line 10, in <module>
    import click
ModuleNotFoundError: No module named 'click'
Traceback (most recent call last):
  File "/home/mbr-python/.local/bin/bench", line 5, in <module>
    from bench.cli import cli
  File "/usr/local/lib/python3.9/dist-packages/bench/cli.py", line 10, in <module>
    import click
ModuleNotFoundError: No module named 'click'
Traceback (most recent call last):
  File "/home/mbr-python/.local/bin/bench", line 5, in <module>
    from bench.cli import cli
  File "/usr/local/lib/python3.9/dist-packages/bench/cli.py", line 10, in <module>
    import click
ModuleNotFoundError: No module named 'click'
Traceback (most recent call last):
  File "/home/mbr-python/.local/bin/bench", line 5, in <module>
    from bench.cli import cli
  File "/usr/local/lib/python3.9/dist-packages/bench/cli.py", line 10, in <module>
    import click
ModuleNotFoundError: No module named 'click'
Traceback (most recent call last):
  File "/home/mbr-python/.local/bin/bench", line 5, in <module>
    from bench.cli import cli
  File "/usr/local/lib/python3.9/dist-packages/bench/cli.py", line 10, in <module>
    import click
ModuleNotFoundError: No module named 'click'
Traceback (most recent call last):
  File "/home/mbr-python/.local/bin/bench", line 5, in <module>
    from bench.cli import cli
  File "/usr/local/lib/python3.9/dist-packages/bench/cli.py", line 10, in <module>
    import click
ModuleNotFoundError: No module named 'click'
Traceback (most recent call last):
  File "/home/mbr-python/.local/bin/bench", line 5, in <module>
    from bench.cli import cli
  File "/usr/local/lib/python3.9/dist-packages/bench/cli.py", line 10, in <module>
    import click
ModuleNotFoundError: No module named 'click'
Traceback (most recent call last):
  File "/home/mbr-python/.local/bin/bench", line 5, in <module>
    from bench.cli import cli
  File "/usr/local/lib/python3.9/dist-packages/bench/cli.py", line 10, in <module>
    import click
ModuleNotFoundError: No module named 'click'
Traceback (most recent call last):
  File "/home/mbr-python/.local/bin/bench", line 5, in <module>
    from bench.cli import cli
  File "/usr/local/lib/python3.9/dist-packages/bench/cli.py", line 10, in <module>
    import click
ModuleNotFoundError: No module named 'click'
Traceback (most recent call last):
  File "/home/mbr-python/.local/bin/bench", line 5, in <module>
    from bench.cli import cli
  File "/usr/local/lib/python3.9/dist-packages/bench/cli.py", line 10, in <module>
    import click
ModuleNotFoundError: No module named 'click'
Traceback (most recent call last):
  File "/home/mbr-python/.local/bin/bench", line 5, in <module>
    from bench.cli import cli
  File "/usr/local/lib/python3.9/dist-packages/bench/cli.py", line 10, in <module>
    import click
ModuleNotFoundError: No module named 'click'
Traceback (most recent call last):
  File "/home/mbr-python/.local/bin/bench", line 5, in <module>
    from bench.cli import cli
  File "/usr/local/lib/python3.9/dist-packages/bench/cli.py", line 10, in <module>
    import click
ModuleNotFoundError: No module named 'click'
Traceback (most recent call last):
  File "/home/mbr-python/.local/bin/bench", line 5, in <module>
    from bench.cli import cli
  File "/usr/local/lib/python3.9/dist-packages/bench/cli.py", line 10, in <module>
    import click
ModuleNotFoundError: No module named 'click'
Traceback (most recent call last):
  File "/home/mbr-python/.local/bin/bench", line 5, in <module>
    from bench.cli import cli
  File "/usr/local/lib/python3.9/dist-packages/bench/cli.py", line 10, in <module>
    import click
ModuleNotFoundError: No module named 'click'
Traceback (most recent call last):
  File "/home/mbr-python/.local/bin/bench", line 5, in <module>
    from bench.cli import cli
  File "/usr/local/lib/python3.9/dist-packages/bench/cli.py", line 10, in <module>
    import click
ModuleNotFoundError: No module named 'click'
Traceback (most recent call last):
  File "/home/mbr-python/.local/bin/bench", line 5, in <module>
    from bench.cli import cli
  File "/usr/local/lib/python3.9/dist-packages/bench/cli.py", line 10, in <module>
    import click
ModuleNotFoundError: No module named 'click'
Traceback (most recent call last):
  File "/home/mbr-python/.local/bin/bench", line 5, in <module>
    from bench.cli import cli
  File "/usr/local/lib/python3.9/dist-packages/bench/cli.py", line 10, in <module>
    import click
ModuleNotFoundError: No module named 'click'
Traceback (most recent call last):
  File "/home/mbr-python/.local/bin/bench", line 5, in <module>
    from bench.cli import cli
  File "/usr/local/lib/python3.9/dist-packages/bench/cli.py", line 10, in <module>
    import click
ModuleNotFoundError: No module named 'click'
Traceback (most recent call last):
  File "/home/mbr-python/.local/bin/bench", line 5, in <module>
    from bench.cli import cli
  File "/usr/local/lib/python3.9/dist-packages/bench/cli.py", line 10, in <module>
    import click
ModuleNotFoundError: No module named 'click'
Traceback (most recent call last):
  File "/home/mbr-python/.local/bin/bench", line 5, in <module>
    from bench.cli import cli
  File "/usr/local/lib/python3.9/dist-packages/bench/cli.py", line 10, in <module>
    import click
ModuleNotFoundError: No module named 'click'
Traceback (most recent call last):
  File "/home/mbr-python/.local/bin/bench", line 5, in <module>
    from bench.cli import cli
  File "/usr/local/lib/python3.9/dist-packages/bench/cli.py", line 10, in <module>
    import click
ModuleNotFoundError: No module named 'click'
Traceback (most recent call last):
  File "/home/mbr-python/.local/bin/bench", line 5, in <module>
    from bench.cli import cli
  File "/usr/local/lib/python3.9/dist-packages/bench/cli.py", line 10, in <module>
    import click
ModuleNotFoundError: No module named 'click'
Traceback (most recent call last):
  File "/home/mbr-python/.local/bin/bench", line 5, in <module>
    from bench.cli import cli
  File "/usr/local/lib/python3.9/dist-packages/bench/cli.py", line 10, in <module>
    import click
ModuleNotFoundError: No module named 'click'
Traceback (most recent call last):
  File "/home/mbr-python/.local/bin/bench", line 5, in <module>
    from bench.cli import cli
  File "/usr/local/lib/python3.9/dist-packages/bench/cli.py", line 10, in <module>
    import click
ModuleNotFoundError: No module named 'click'
Traceback (most recent call last):
  File "/home/mbr-python/.local/bin/bench", line 5, in <module>
    from bench.cli import cli
  File "/usr/local/lib/python3.9/dist-packages/bench/cli.py", line 10, in <module>
    import click
ModuleNotFoundError: No module named 'click'
Traceback (most recent call last):
  File "/home/mbr-python/.local/bin/bench", line 5, in <module>
    from bench.cli import cli
  File "/usr/local/lib/python3.9/dist-packages/bench/cli.py", line 10, in <module>
    import click
ModuleNotFoundError: No module named 'click'
Traceback (most recent call last):
  File "/home/mbr-python/.local/bin/bench", line 5, in <module>
    from bench.cli import cli
  File "/usr/local/lib/python3.9/dist-packages/bench/cli.py", line 10, in <module>
    import click
ModuleNotFoundError: No module named 'click'
Traceback (most recent call last):
  File "/home/mbr-python/.local/bin/bench", line 5, in <module>
    from bench.cli import cli
  File "/usr/local/lib/python3.9/dist-packages/bench/cli.py", line 10, in <module>
    import click
ModuleNotFoundError: No module named 'click'
set -o pipefail; /usr/bin/mysqldump --user=_27901665e79b2ed2 --host=127.0.0.1 --port=3306 --password=********** --single-transaction --quick --lock-tables=false _27901665e79b2ed2 | /usr/bin/gzip >> ./newbie.com/private/backups/20250226_120003-newbie_com-database.sql.gz

Backup Summary for newbie.com at 2025-02-26 12:00:08.804723
Config  : ./newbie.com/private/backups/20250226_120003-newbie_com-site_config_backup.json 158.0B
Database: ./newbie.com/private/backups/20250226_120003-newbie_com-database.sql.gz         927.2KiB
Backup for Site newbie.com has been successfully completed
File ./prop.com/private/backups/20241230_180007-prop_com-site_config_backup.json is older than 24 hours
File ./prop.com/private/backups/20241230_120007-prop_com-database.sql.gz is older than 24 hours
File ./prop.com/private/backups/20241231_120006-prop_com-site_config_backup.json is older than 24 hours
File ./prop.com/private/backups/20241230_180007-prop_com-database.sql.gz is older than 24 hours
File ./prop.com/private/backups/20241230_120007-prop_com-site_config_backup.json is older than 24 hours
File ./prop.com/private/backups/20241231_120006-prop_com-database.sql.gz is older than 24 hours
set -o pipefail; /usr/bin/mysqldump --user=_8b3e45756aa1c354 --host=127.0.0.1 --port=3306 --password=********** --single-transaction --quick --lock-tables=false _8b3e45756aa1c354 | /usr/bin/gzip >> ./prop.com/private/backups/20250226_120008-prop_com-database.sql.gz

Backup Summary for prop.com at 2025-02-26 12:00:11.274333
Config  : ./prop.com/private/backups/20250226_120008-prop_com-site_config_backup.json 271.0B
Database: ./prop.com/private/backups/20250226_120008-prop_com-database.sql.gz         6.2MiB
Backup for Site prop.com has been successfully completed
set -o pipefail; /usr/bin/mysqldump --user=_5cc9cae4542b37bb --host=127.0.0.1 --port=3306 --password=********** --single-transaction --quick --lock-tables=false _5cc9cae4542b37bb | /usr/bin/gzip >> ./bizpro.com/private/backups/20250226_180002-bizpro_com-database.sql.gz

Backup Summary for bizpro.com at 2025-02-26 18:00:07.099912
Config  : ./bizpro.com/private/backups/20250226_180002-bizpro_com-site_config_backup.json 221.0B
Database: ./bizpro.com/private/backups/20250226_180002-bizpro_com-database.sql.gz         921.2KiB
Backup for Site bizpro.com has been successfully completed
File ./newbie.com/private/backups/20250226_120003-newbie_com-database.sql.gz is recent
File ./newbie.com/private/backups/20250226_120003-newbie_com-site_config_backup.json is recent
set -o pipefail; /usr/bin/mysqldump --user=_27901665e79b2ed2 --host=127.0.0.1 --port=3306 --password=********** --single-transaction --quick --lock-tables=false _27901665e79b2ed2 | /usr/bin/gzip >> ./newbie.com/private/backups/20250226_180007-newbie_com-database.sql.gz

Backup Summary for newbie.com at 2025-02-26 18:00:09.760149
Config  : ./newbie.com/private/backups/20250226_180007-newbie_com-site_config_backup.json 158.0B
Database: ./newbie.com/private/backups/20250226_180007-newbie_com-database.sql.gz         927.2KiB
Backup for Site newbie.com has been successfully completed
File ./prop.com/private/backups/20250226_120008-prop_com-database.sql.gz is recent
File ./prop.com/private/backups/20250226_120008-prop_com-site_config_backup.json is recent
set -o pipefail; /usr/bin/mysqldump --user=_8b3e45756aa1c354 --host=127.0.0.1 --port=3306 --password=********** --single-transaction --quick --lock-tables=false _8b3e45756aa1c354 | /usr/bin/gzip >> ./prop.com/private/backups/20250226_180009-prop_com-database.sql.gz

Backup Summary for prop.com at 2025-02-26 18:00:12.023066
Config  : ./prop.com/private/backups/20250226_180009-prop_com-site_config_backup.json 271.0B
Database: ./prop.com/private/backups/20250226_180009-prop_com-database.sql.gz         6.2MiB
Backup for Site prop.com has been successfully completed
set -o pipefail; /usr/bin/mysqldump --user=_5cc9cae4542b37bb --host=127.0.0.1 --port=3306 --password=********** --single-transaction --quick --lock-tables=false _5cc9cae4542b37bb | /usr/bin/gzip >> ./bizpro.com/private/backups/20250303_120002-bizpro_com-database.sql.gz

Backup Summary for bizpro.com at 2025-03-03 12:00:06.493399
Config  : ./bizpro.com/private/backups/20250303_120002-bizpro_com-site_config_backup.json 221.0B
Database: ./bizpro.com/private/backups/20250303_120002-bizpro_com-database.sql.gz         938.8KiB
Backup for Site bizpro.com has been successfully completed
File ./newbie.com/private/backups/20250226_120003-newbie_com-database.sql.gz is older than 24 hours
File ./newbie.com/private/backups/20250226_180007-newbie_com-site_config_backup.json is older than 24 hours
File ./newbie.com/private/backups/20250226_180007-newbie_com-database.sql.gz is older than 24 hours
File ./newbie.com/private/backups/20250226_120003-newbie_com-site_config_backup.json is older than 24 hours
set -o pipefail; /usr/bin/mysqldump --user=_27901665e79b2ed2 --host=127.0.0.1 --port=3306 --password=********** --single-transaction --quick --lock-tables=false _27901665e79b2ed2 | /usr/bin/gzip >> ./newbie.com/private/backups/20250303_120006-newbie_com-database.sql.gz

Backup Summary for newbie.com at 2025-03-03 12:00:08.603570
Config  : ./newbie.com/private/backups/20250303_120006-newbie_com-site_config_backup.json 158.0B
Database: ./newbie.com/private/backups/20250303_120006-newbie_com-database.sql.gz         930.1KiB
Backup for Site newbie.com has been successfully completed
File ./prop.com/private/backups/20250226_180009-prop_com-database.sql.gz is older than 24 hours
File ./prop.com/private/backups/20250226_180009-prop_com-site_config_backup.json is older than 24 hours
File ./prop.com/private/backups/20250226_120008-prop_com-database.sql.gz is older than 24 hours
File ./prop.com/private/backups/20250226_120008-prop_com-site_config_backup.json is older than 24 hours
set -o pipefail; /usr/bin/mysqldump --user=_8b3e45756aa1c354 --host=127.0.0.1 --port=3306 --password=********** --single-transaction --quick --lock-tables=false _8b3e45756aa1c354 | /usr/bin/gzip >> ./prop.com/private/backups/20250303_120008-prop_com-database.sql.gz

Backup Summary for prop.com at 2025-03-03 12:00:10.992033
Config  : ./prop.com/private/backups/20250303_120008-prop_com-site_config_backup.json 271.0B
Database: ./prop.com/private/backups/20250303_120008-prop_com-database.sql.gz         6.3MiB
Backup for Site prop.com has been successfully completed
set -o pipefail; /usr/bin/mysqldump --user=_5cc9cae4542b37bb --host=127.0.0.1 --port=3306 --password=********** --single-transaction --quick --lock-tables=false _5cc9cae4542b37bb | /usr/bin/gzip >> ./bizpro.com/private/backups/20250303_180002-bizpro_com-database.sql.gz

Backup Summary for bizpro.com at 2025-03-03 18:00:07.321916
Config  : ./bizpro.com/private/backups/20250303_180002-bizpro_com-site_config_backup.json 221.0B
Database: ./bizpro.com/private/backups/20250303_180002-bizpro_com-database.sql.gz         949.3KiB
Backup for Site bizpro.com has been successfully completed
File ./newbie.com/private/backups/20250303_120006-newbie_com-site_config_backup.json is recent
File ./newbie.com/private/backups/20250303_120006-newbie_com-database.sql.gz is recent
set -o pipefail; /usr/bin/mysqldump --user=_27901665e79b2ed2 --host=127.0.0.1 --port=3306 --password=********** --single-transaction --quick --lock-tables=false _27901665e79b2ed2 | /usr/bin/gzip >> ./newbie.com/private/backups/20250303_180007-newbie_com-database.sql.gz

Backup Summary for newbie.com at 2025-03-03 18:00:10.444827
Config  : ./newbie.com/private/backups/20250303_180007-newbie_com-site_config_backup.json 158.0B
Database: ./newbie.com/private/backups/20250303_180007-newbie_com-database.sql.gz         930.1KiB
Backup for Site newbie.com has been successfully completed
set -o pipefail; /usr/bin/mysqldump --user=_5cc9cae4542b37bb --host=127.0.0.1 --port=3306 --password=********** --single-transaction --quick --lock-tables=false _5cc9cae4542b37bb | /usr/bin/gzip >> ./bizpro.com/private/backups/20250304_120004-bizpro_com-database.sql.gz

Backup Summary for bizpro.com at 2025-03-04 12:00:08.240466
Config  : ./bizpro.com/private/backups/20250304_120004-bizpro_com-site_config_backup.json 221.0B
Database: ./bizpro.com/private/backups/20250304_120004-bizpro_com-database.sql.gz         957.9KiB
Backup for Site bizpro.com has been successfully completed
File ./newbie.com/private/backups/20250303_180007-newbie_com-database.sql.gz is recent
File ./newbie.com/private/backups/20250303_120006-newbie_com-site_config_backup.json is recent
File ./newbie.com/private/backups/20250303_120006-newbie_com-database.sql.gz is recent
File ./newbie.com/private/backups/20250303_180007-newbie_com-site_config_backup.json is recent
set -o pipefail; /usr/bin/mysqldump --user=_27901665e79b2ed2 --host=127.0.0.1 --port=3306 --password=********** --single-transaction --quick --lock-tables=false _27901665e79b2ed2 | /usr/bin/gzip >> ./newbie.com/private/backups/20250304_120008-newbie_com-database.sql.gz

Backup Summary for newbie.com at 2025-03-04 12:00:10.015221
Config  : ./newbie.com/private/backups/20250304_120008-newbie_com-site_config_backup.json 158.0B
Database: ./newbie.com/private/backups/20250304_120008-newbie_com-database.sql.gz         932.2KiB
Backup for Site newbie.com has been successfully completed
set -o pipefail; /usr/bin/mysqldump --user=_5cc9cae4542b37bb --host=127.0.0.1 --port=3306 --password=********** --single-transaction --quick --lock-tables=false _5cc9cae4542b37bb | /usr/bin/gzip >> ./bizpro.com/private/backups/20250304_180003-bizpro_com-database.sql.gz

Backup Summary for bizpro.com at 2025-03-04 18:00:07.521764
Config  : ./bizpro.com/private/backups/20250304_180003-bizpro_com-site_config_backup.json 221.0B
Database: ./bizpro.com/private/backups/20250304_180003-bizpro_com-database.sql.gz         961.2KiB
Backup for Site bizpro.com has been successfully completed
File ./newbie.com/private/backups/20250303_180007-newbie_com-database.sql.gz is recent
File ./newbie.com/private/backups/20250304_120008-newbie_com-database.sql.gz is recent
File ./newbie.com/private/backups/20250303_120006-newbie_com-site_config_backup.json is older than 24 hours
File ./newbie.com/private/backups/20250303_120006-newbie_com-database.sql.gz is older than 24 hours
File ./newbie.com/private/backups/20250303_180007-newbie_com-site_config_backup.json is recent
File ./newbie.com/private/backups/20250304_120008-newbie_com-site_config_backup.json is recent
set -o pipefail; /usr/bin/mysqldump --user=_27901665e79b2ed2 --host=127.0.0.1 --port=3306 --password=********** --single-transaction --quick --lock-tables=false _27901665e79b2ed2 | /usr/bin/gzip >> ./newbie.com/private/backups/20250304_180007-newbie_com-database.sql.gz

Backup Summary for newbie.com at 2025-03-04 18:00:10.592812
Config  : ./newbie.com/private/backups/20250304_180007-newbie_com-site_config_backup.json 158.0B
Database: ./newbie.com/private/backups/20250304_180007-newbie_com-database.sql.gz         932.2KiB
Backup for Site newbie.com has been successfully completed
set -o pipefail; /usr/bin/mysqldump --user=_5cc9cae4542b37bb --host=127.0.0.1 --port=3306 --password=********** --single-transaction --quick --lock-tables=false _5cc9cae4542b37bb | /usr/bin/gzip >> ./bizpro.com/private/backups/20250307_120003-bizpro_com-database.sql.gz

Backup Summary for bizpro.com at 2025-03-07 12:00:07.087458
Config  : ./bizpro.com/private/backups/20250307_120003-bizpro_com-site_config_backup.json 221.0B
Database: ./bizpro.com/private/backups/20250307_120003-bizpro_com-database.sql.gz         964.7KiB
Backup for Site bizpro.com has been successfully completed
File ./newbie.com/private/backups/20250303_180007-newbie_com-database.sql.gz is older than 24 hours
File ./newbie.com/private/backups/20250304_180007-newbie_com-database.sql.gz is older than 24 hours
File ./newbie.com/private/backups/20250304_120008-newbie_com-database.sql.gz is older than 24 hours
File ./newbie.com/private/backups/20250304_180007-newbie_com-site_config_backup.json is older than 24 hours
File ./newbie.com/private/backups/20250303_180007-newbie_com-site_config_backup.json is older than 24 hours
File ./newbie.com/private/backups/20250304_120008-newbie_com-site_config_backup.json is older than 24 hours
set -o pipefail; /usr/bin/mysqldump --user=_27901665e79b2ed2 --host=127.0.0.1 --port=3306 --password=********** --single-transaction --quick --lock-tables=false _27901665e79b2ed2 | /usr/bin/gzip >> ./newbie.com/private/backups/20250307_120007-newbie_com-database.sql.gz

Backup Summary for newbie.com at 2025-03-07 12:00:09.397208
Config  : ./newbie.com/private/backups/20250307_120007-newbie_com-site_config_backup.json 158.0B
Database: ./newbie.com/private/backups/20250307_120007-newbie_com-database.sql.gz         931.9KiB
Backup for Site newbie.com has been successfully completed
set -o pipefail; /usr/bin/mysqldump --user=_5cc9cae4542b37bb --host=127.0.0.1 --port=3306 --password=********** --single-transaction --quick --lock-tables=false _5cc9cae4542b37bb | /usr/bin/gzip >> ./bizpro.com/private/backups/20250310_120005-bizpro_com-database.sql.gz

Backup Summary for bizpro.com at 2025-03-10 12:00:07.182574
Config  : ./bizpro.com/private/backups/20250310_120005-bizpro_com-site_config_backup.json 221.0B
Database: ./bizpro.com/private/backups/20250310_120005-bizpro_com-database.sql.gz         986.3KiB
Backup for Site bizpro.com has been successfully completed
File ./newbie.com/private/backups/20250307_120007-newbie_com-site_config_backup.json is older than 24 hours
File ./newbie.com/private/backups/20250307_120007-newbie_com-database.sql.gz is older than 24 hours
set -o pipefail; /usr/bin/mysqldump --user=_27901665e79b2ed2 --host=127.0.0.1 --port=3306 --password=********** --single-transaction --quick --lock-tables=false _27901665e79b2ed2 | /usr/bin/gzip >> ./newbie.com/private/backups/20250310_120007-newbie_com-database.sql.gz

Backup Summary for newbie.com at 2025-03-10 12:00:09.507635
Config  : ./newbie.com/private/backups/20250310_120007-newbie_com-site_config_backup.json 158.0B
Database: ./newbie.com/private/backups/20250310_120007-newbie_com-database.sql.gz         934.1KiB
Backup for Site newbie.com has been successfully completed
set -o pipefail; /usr/bin/mysqldump --user=_5cc9cae4542b37bb --host=127.0.0.1 --port=3306 --password=********** --single-transaction --quick --lock-tables=false _5cc9cae4542b37bb | /usr/bin/gzip >> ./bizpro.com/private/backups/20250310_180002-bizpro_com-database.sql.gz

Backup Summary for bizpro.com at 2025-03-10 18:00:07.234904
Config  : ./bizpro.com/private/backups/20250310_180002-bizpro_com-site_config_backup.json 221.0B
Database: ./bizpro.com/private/backups/20250310_180002-bizpro_com-database.sql.gz         993.7KiB
Backup for Site bizpro.com has been successfully completed
File ./newbie.com/private/backups/20250310_120007-newbie_com-database.sql.gz is recent
File ./newbie.com/private/backups/20250310_120007-newbie_com-site_config_backup.json is recent
set -o pipefail; /usr/bin/mysqldump --user=_27901665e79b2ed2 --host=127.0.0.1 --port=3306 --password=********** --single-transaction --quick --lock-tables=false _27901665e79b2ed2 | /usr/bin/gzip >> ./newbie.com/private/backups/20250310_180007-newbie_com-database.sql.gz

Backup Summary for newbie.com at 2025-03-10 18:00:09.751074
Config  : ./newbie.com/private/backups/20250310_180007-newbie_com-site_config_backup.json 158.0B
Database: ./newbie.com/private/backups/20250310_180007-newbie_com-database.sql.gz         934.1KiB
Backup for Site newbie.com has been successfully completed
set -o pipefail; /usr/bin/mysqldump --user=_5cc9cae4542b37bb --host=127.0.0.1 --port=3306 --password=********** --single-transaction --quick --lock-tables=false _5cc9cae4542b37bb | /usr/bin/gzip >> ./bizpro.com/private/backups/20250311_120002-bizpro_com-database.sql.gz

Backup Summary for bizpro.com at 2025-03-11 12:00:06.583740
Config  : ./bizpro.com/private/backups/20250311_120002-bizpro_com-site_config_backup.json 221.0B
Database: ./bizpro.com/private/backups/20250311_120002-bizpro_com-database.sql.gz         995.8KiB
Backup for Site bizpro.com has been successfully completed
File ./newbie.com/private/backups/20250310_180007-newbie_com-site_config_backup.json is recent
File ./newbie.com/private/backups/20250310_180007-newbie_com-database.sql.gz is recent
File ./newbie.com/private/backups/20250310_120007-newbie_com-database.sql.gz is recent
File ./newbie.com/private/backups/20250310_120007-newbie_com-site_config_backup.json is recent
set -o pipefail; /usr/bin/mysqldump --user=_27901665e79b2ed2 --host=127.0.0.1 --port=3306 --password=********** --single-transaction --quick --lock-tables=false _27901665e79b2ed2 | /usr/bin/gzip >> ./newbie.com/private/backups/20250311_120006-newbie_com-database.sql.gz

Backup Summary for newbie.com at 2025-03-11 12:00:08.712009
Config  : ./newbie.com/private/backups/20250311_120006-newbie_com-site_config_backup.json 158.0B
Database: ./newbie.com/private/backups/20250311_120006-newbie_com-database.sql.gz         931.9KiB
Backup for Site newbie.com has been successfully completed
set -o pipefail; /usr/bin/mysqldump --user=_5cc9cae4542b37bb --host=127.0.0.1 --port=3306 --password=********** --single-transaction --quick --lock-tables=false _5cc9cae4542b37bb | /usr/bin/gzip >> ./bizpro.com/private/backups/20250311_180002-bizpro_com-database.sql.gz

Backup Summary for bizpro.com at 2025-03-11 18:00:06.815412
Config  : ./bizpro.com/private/backups/20250311_180002-bizpro_com-site_config_backup.json 221.0B
Database: ./bizpro.com/private/backups/20250311_180002-bizpro_com-database.sql.gz         978.7KiB
Backup for Site bizpro.com has been successfully completed
File ./newbie.com/private/backups/20250311_120006-newbie_com-database.sql.gz is recent
File ./newbie.com/private/backups/20250310_180007-newbie_com-site_config_backup.json is recent
File ./newbie.com/private/backups/20250310_180007-newbie_com-database.sql.gz is recent
File ./newbie.com/private/backups/20250311_120006-newbie_com-site_config_backup.json is recent
File ./newbie.com/private/backups/20250310_120007-newbie_com-database.sql.gz is older than 24 hours
File ./newbie.com/private/backups/20250310_120007-newbie_com-site_config_backup.json is older than 24 hours
set -o pipefail; /usr/bin/mysqldump --user=_27901665e79b2ed2 --host=127.0.0.1 --port=3306 --password=********** --single-transaction --quick --lock-tables=false _27901665e79b2ed2 | /usr/bin/gzip >> ./newbie.com/private/backups/20250311_180006-newbie_com-database.sql.gz

Backup Summary for newbie.com at 2025-03-11 18:00:09.216806
Config  : ./newbie.com/private/backups/20250311_180006-newbie_com-site_config_backup.json 158.0B
Database: ./newbie.com/private/backups/20250311_180006-newbie_com-database.sql.gz         931.9KiB
Backup for Site newbie.com has been successfully completed
set -o pipefail; /usr/bin/mysqldump --user=_5cc9cae4542b37bb --host=127.0.0.1 --port=3306 --password=********** --single-transaction --quick --lock-tables=false _5cc9cae4542b37bb | /usr/bin/gzip >> ./bizpro.com/private/backups/20250312_120003-bizpro_com-database.sql.gz

Backup Summary for bizpro.com at 2025-03-12 12:00:06.680357
Config  : ./bizpro.com/private/backups/20250312_120003-bizpro_com-site_config_backup.json 221.0B
Database: ./bizpro.com/private/backups/20250312_120003-bizpro_com-database.sql.gz         981.8KiB
Backup for Site bizpro.com has been successfully completed
File ./newbie.com/private/backups/20250311_120006-newbie_com-database.sql.gz is recent
File ./newbie.com/private/backups/20250310_180007-newbie_com-site_config_backup.json is older than 24 hours
File ./newbie.com/private/backups/20250310_180007-newbie_com-database.sql.gz is older than 24 hours
File ./newbie.com/private/backups/20250311_120006-newbie_com-site_config_backup.json is recent
File ./newbie.com/private/backups/20250311_180006-newbie_com-site_config_backup.json is recent
File ./newbie.com/private/backups/20250311_180006-newbie_com-database.sql.gz is recent
set -o pipefail; /usr/bin/mysqldump --user=_27901665e79b2ed2 --host=127.0.0.1 --port=3306 --password=********** --single-transaction --quick --lock-tables=false _27901665e79b2ed2 | /usr/bin/gzip >> ./newbie.com/private/backups/20250312_120006-newbie_com-database.sql.gz

Backup Summary for newbie.com at 2025-03-12 12:00:09.023440
Config  : ./newbie.com/private/backups/20250312_120006-newbie_com-site_config_backup.json 158.0B
Database: ./newbie.com/private/backups/20250312_120006-newbie_com-database.sql.gz         933.9KiB
Backup for Site newbie.com has been successfully completed
set -o pipefail; /usr/bin/mysqldump --user=_5cc9cae4542b37bb --host=127.0.0.1 --port=3306 --password=********** --single-transaction --quick --lock-tables=false _5cc9cae4542b37bb | /usr/bin/gzip >> ./bizpro.com/private/backups/20250312_180002-bizpro_com-database.sql.gz

Backup Summary for bizpro.com at 2025-03-12 18:00:07.883350
Config  : ./bizpro.com/private/backups/20250312_180002-bizpro_com-site_config_backup.json 221.0B
Database: ./bizpro.com/private/backups/20250312_180002-bizpro_com-database.sql.gz         990.5KiB
Backup for Site bizpro.com has been successfully completed
File ./newbie.com/private/backups/20250311_120006-newbie_com-database.sql.gz is older than 24 hours
File ./newbie.com/private/backups/20250311_120006-newbie_com-site_config_backup.json is older than 24 hours
File ./newbie.com/private/backups/20250312_120006-newbie_com-site_config_backup.json is recent
File ./newbie.com/private/backups/20250311_180006-newbie_com-site_config_backup.json is recent
File ./newbie.com/private/backups/20250311_180006-newbie_com-database.sql.gz is recent
File ./newbie.com/private/backups/20250312_120006-newbie_com-database.sql.gz is recent
set -o pipefail; /usr/bin/mysqldump --user=_27901665e79b2ed2 --host=127.0.0.1 --port=3306 --password=********** --single-transaction --quick --lock-tables=false _27901665e79b2ed2 | /usr/bin/gzip >> ./newbie.com/private/backups/20250312_180007-newbie_com-database.sql.gz

Backup Summary for newbie.com at 2025-03-12 18:00:09.892370
Config  : ./newbie.com/private/backups/20250312_180007-newbie_com-site_config_backup.json 158.0B
Database: ./newbie.com/private/backups/20250312_180007-newbie_com-database.sql.gz         933.9KiB
Backup for Site newbie.com has been successfully completed
set -o pipefail; /usr/bin/mysqldump --user=_5cc9cae4542b37bb --host=127.0.0.1 --port=3306 --password=********** --single-transaction --quick --lock-tables=false _5cc9cae4542b37bb | /usr/bin/gzip >> ./bizpro.com/private/backups/20250313_000002-bizpro_com-database.sql.gz

Backup Summary for bizpro.com at 2025-03-13 00:00:06.859176
Config  : ./bizpro.com/private/backups/20250313_000002-bizpro_com-site_config_backup.json 221.0B
Database: ./bizpro.com/private/backups/20250313_000002-bizpro_com-database.sql.gz         998.8KiB
Backup for Site bizpro.com has been successfully completed
File ./newbie.com/private/backups/20250312_180007-newbie_com-site_config_backup.json is recent
File ./newbie.com/private/backups/20250312_120006-newbie_com-site_config_backup.json is recent
File ./newbie.com/private/backups/20250311_180006-newbie_com-site_config_backup.json is older than 24 hours
File ./newbie.com/private/backups/20250311_180006-newbie_com-database.sql.gz is older than 24 hours
File ./newbie.com/private/backups/20250312_180007-newbie_com-database.sql.gz is recent
File ./newbie.com/private/backups/20250312_120006-newbie_com-database.sql.gz is recent
set -o pipefail; /usr/bin/mysqldump --user=_27901665e79b2ed2 --host=127.0.0.1 --port=3306 --password=********** --single-transaction --quick --lock-tables=false _27901665e79b2ed2 | /usr/bin/gzip >> ./newbie.com/private/backups/20250313_000006-newbie_com-database.sql.gz

Backup Summary for newbie.com at 2025-03-13 00:00:08.681007
Config  : ./newbie.com/private/backups/20250313_000006-newbie_com-site_config_backup.json 158.0B
Database: ./newbie.com/private/backups/20250313_000006-newbie_com-database.sql.gz         933.9KiB
Backup for Site newbie.com has been successfully completed
set -o pipefail; /usr/bin/mysqldump --user=_5cc9cae4542b37bb --host=127.0.0.1 --port=3306 --password=********** --single-transaction --quick --lock-tables=false _5cc9cae4542b37bb | /usr/bin/gzip >> ./bizpro.com/private/backups/20250313_060002-bizpro_com-database.sql.gz

Backup Summary for bizpro.com at 2025-03-13 06:00:07.374607
Config  : ./bizpro.com/private/backups/20250313_060002-bizpro_com-site_config_backup.json 221.0B
Database: ./bizpro.com/private/backups/20250313_060002-bizpro_com-database.sql.gz         1006.6KiB
Backup for Site bizpro.com has been successfully completed
File ./newbie.com/private/backups/20250313_000006-newbie_com-database.sql.gz is recent
File ./newbie.com/private/backups/20250313_000006-newbie_com-site_config_backup.json is recent
File ./newbie.com/private/backups/20250312_180007-newbie_com-site_config_backup.json is recent
File ./newbie.com/private/backups/20250312_120006-newbie_com-site_config_backup.json is recent
File ./newbie.com/private/backups/20250312_180007-newbie_com-database.sql.gz is recent
File ./newbie.com/private/backups/20250312_120006-newbie_com-database.sql.gz is recent
set -o pipefail; /usr/bin/mysqldump --user=_27901665e79b2ed2 --host=127.0.0.1 --port=3306 --password=********** --single-transaction --quick --lock-tables=false _27901665e79b2ed2 | /usr/bin/gzip >> ./newbie.com/private/backups/20250313_060007-newbie_com-database.sql.gz

Backup Summary for newbie.com at 2025-03-13 06:00:09.162266
Config  : ./newbie.com/private/backups/20250313_060007-newbie_com-site_config_backup.json 158.0B
Database: ./newbie.com/private/backups/20250313_060007-newbie_com-database.sql.gz         933.9KiB
Backup for Site newbie.com has been successfully completed
set -o pipefail; /usr/bin/mysqldump --user=_5cc9cae4542b37bb --host=127.0.0.1 --port=3306 --password=********** --single-transaction --quick --lock-tables=false _5cc9cae4542b37bb | /usr/bin/gzip >> ./bizpro.com/private/backups/20250313_120003-bizpro_com-database.sql.gz

Backup Summary for bizpro.com at 2025-03-13 12:00:07.748433
Config  : ./bizpro.com/private/backups/20250313_120003-bizpro_com-site_config_backup.json 221.0B
Database: ./bizpro.com/private/backups/20250313_120003-bizpro_com-database.sql.gz         1014.4KiB
Backup for Site bizpro.com has been successfully completed
File ./newbie.com/private/backups/20250313_000006-newbie_com-database.sql.gz is recent
File ./newbie.com/private/backups/20250313_000006-newbie_com-site_config_backup.json is recent
File ./newbie.com/private/backups/20250312_180007-newbie_com-site_config_backup.json is recent
File ./newbie.com/private/backups/20250312_120006-newbie_com-site_config_backup.json is recent
File ./newbie.com/private/backups/20250313_060007-newbie_com-site_config_backup.json is recent
File ./newbie.com/private/backups/20250313_060007-newbie_com-database.sql.gz is recent
File ./newbie.com/private/backups/20250312_180007-newbie_com-database.sql.gz is recent
File ./newbie.com/private/backups/20250312_120006-newbie_com-database.sql.gz is recent
set -o pipefail; /usr/bin/mysqldump --user=_27901665e79b2ed2 --host=127.0.0.1 --port=3306 --password=********** --single-transaction --quick --lock-tables=false _27901665e79b2ed2 | /usr/bin/gzip >> ./newbie.com/private/backups/20250313_120007-newbie_com-database.sql.gz

Backup Summary for newbie.com at 2025-03-13 12:00:09.762342
Config  : ./newbie.com/private/backups/20250313_120007-newbie_com-site_config_backup.json 158.0B
Database: ./newbie.com/private/backups/20250313_120007-newbie_com-database.sql.gz         935.8KiB
Backup for Site newbie.com has been successfully completed
set -o pipefail; /usr/bin/mysqldump --user=_5cc9cae4542b37bb --host=127.0.0.1 --port=3306 --password=********** --single-transaction --quick --lock-tables=false _5cc9cae4542b37bb | /usr/bin/gzip >> ./bizpro.com/private/backups/20250313_180002-bizpro_com-database.sql.gz

Backup Summary for bizpro.com at 2025-03-13 18:00:07.648033
Config  : ./bizpro.com/private/backups/20250313_180002-bizpro_com-site_config_backup.json 221.0B
Database: ./bizpro.com/private/backups/20250313_180002-bizpro_com-database.sql.gz         1021.9KiB
Backup for Site bizpro.com has been successfully completed
File ./newbie.com/private/backups/20250313_000006-newbie_com-database.sql.gz is recent
File ./newbie.com/private/backups/20250313_000006-newbie_com-site_config_backup.json is recent
File ./newbie.com/private/backups/20250313_120007-newbie_com-database.sql.gz is recent
File ./newbie.com/private/backups/20250312_180007-newbie_com-site_config_backup.json is recent
File ./newbie.com/private/backups/20250312_120006-newbie_com-site_config_backup.json is older than 24 hours
File ./newbie.com/private/backups/20250313_060007-newbie_com-site_config_backup.json is recent
File ./newbie.com/private/backups/20250313_060007-newbie_com-database.sql.gz is recent
File ./newbie.com/private/backups/20250313_120007-newbie_com-site_config_backup.json is recent
File ./newbie.com/private/backups/20250312_180007-newbie_com-database.sql.gz is recent
File ./newbie.com/private/backups/20250312_120006-newbie_com-database.sql.gz is older than 24 hours
set -o pipefail; /usr/bin/mysqldump --user=_27901665e79b2ed2 --host=127.0.0.1 --port=3306 --password=********** --single-transaction --quick --lock-tables=false _27901665e79b2ed2 | /usr/bin/gzip >> ./newbie.com/private/backups/20250313_180007-newbie_com-database.sql.gz

Backup Summary for newbie.com at 2025-03-13 18:00:09.659205
Config  : ./newbie.com/private/backups/20250313_180007-newbie_com-site_config_backup.json 158.0B
Database: ./newbie.com/private/backups/20250313_180007-newbie_com-database.sql.gz         935.8KiB
Backup for Site newbie.com has been successfully completed
set -o pipefail; /usr/bin/mysqldump --user=_5cc9cae4542b37bb --host=127.0.0.1 --port=3306 --password=********** --single-transaction --quick --lock-tables=false _5cc9cae4542b37bb | /usr/bin/gzip >> ./bizpro.com/private/backups/20250317_120002-bizpro_com-database.sql.gz

Backup Summary for bizpro.com at 2025-03-17 12:00:08.379744
Config  : ./bizpro.com/private/backups/20250317_120002-bizpro_com-site_config_backup.json 221.0B
Database: ./bizpro.com/private/backups/20250317_120002-bizpro_com-database.sql.gz         1003.4KiB
Backup for Site bizpro.com has been successfully completed
File ./newbie.com/private/backups/20250313_000006-newbie_com-database.sql.gz is older than 24 hours
File ./newbie.com/private/backups/20250313_000006-newbie_com-site_config_backup.json is older than 24 hours
File ./newbie.com/private/backups/20250313_180007-newbie_com-site_config_backup.json is older than 24 hours
File ./newbie.com/private/backups/20250313_120007-newbie_com-database.sql.gz is older than 24 hours
File ./newbie.com/private/backups/20250312_180007-newbie_com-site_config_backup.json is older than 24 hours
File ./newbie.com/private/backups/20250313_180007-newbie_com-database.sql.gz is older than 24 hours
File ./newbie.com/private/backups/20250313_060007-newbie_com-site_config_backup.json is older than 24 hours
File ./newbie.com/private/backups/20250313_060007-newbie_com-database.sql.gz is older than 24 hours
File ./newbie.com/private/backups/20250313_120007-newbie_com-site_config_backup.json is older than 24 hours
File ./newbie.com/private/backups/20250312_180007-newbie_com-database.sql.gz is older than 24 hours
set -o pipefail; /usr/bin/mysqldump --user=_27901665e79b2ed2 --host=127.0.0.1 --port=3306 --password=********** --single-transaction --quick --lock-tables=false _27901665e79b2ed2 | /usr/bin/gzip >> ./newbie.com/private/backups/20250317_120008-newbie_com-database.sql.gz

Backup Summary for newbie.com at 2025-03-17 12:00:10.562177
Config  : ./newbie.com/private/backups/20250317_120008-newbie_com-site_config_backup.json 158.0B
Database: ./newbie.com/private/backups/20250317_120008-newbie_com-database.sql.gz         933.9KiB
Backup for Site newbie.com has been successfully completed
set -o pipefail; /usr/bin/mysqldump --user=_5cc9cae4542b37bb --host=127.0.0.1 --port=3306 --password=********** --single-transaction --quick --lock-tables=false _5cc9cae4542b37bb | /usr/bin/gzip >> ./bizpro.com/private/backups/20250317_180002-bizpro_com-database.sql.gz

Backup Summary for bizpro.com at 2025-03-17 18:00:07.659715
Config  : ./bizpro.com/private/backups/20250317_180002-bizpro_com-site_config_backup.json 221.0B
Database: ./bizpro.com/private/backups/20250317_180002-bizpro_com-database.sql.gz         1003.4KiB
Backup for Site bizpro.com has been successfully completed
File ./newbie.com/private/backups/20250317_120008-newbie_com-site_config_backup.json is recent
File ./newbie.com/private/backups/20250317_120008-newbie_com-database.sql.gz is recent
set -o pipefail; /usr/bin/mysqldump --user=_27901665e79b2ed2 --host=127.0.0.1 --port=3306 --password=********** --single-transaction --quick --lock-tables=false _27901665e79b2ed2 | /usr/bin/gzip >> ./newbie.com/private/backups/20250317_180007-newbie_com-database.sql.gz

Backup Summary for newbie.com at 2025-03-17 18:00:09.526028
Config  : ./newbie.com/private/backups/20250317_180007-newbie_com-site_config_backup.json 158.0B
Database: ./newbie.com/private/backups/20250317_180007-newbie_com-database.sql.gz         933.9KiB
Backup for Site newbie.com has been successfully completed
