2024-08-22 11:18:09,979 DEBUG cd frappe-bench && python3.11 -m venv env
2024-08-22 11:18:12,266 DEBUG cd frappe-bench && /home/mbr-python/Django/proplahrmsnew/frappe-bench/env/bin/python -m pip install --quiet --upgrade pip
2024-08-22 11:18:13,422 DEBUG cd frappe-bench && /home/mbr-python/Django/proplahrmsnew/frappe-bench/env/bin/python -m pip install --quiet wheel
2024-08-22 11:18:14,727 LOG Getting frappe
2024-08-22 11:18:14,727 DEBUG cd frappe-bench/apps && git clone https://github.com/frappe/frappe.git --branch version-15 --depth 1 --origin upstream
2024-08-22 11:18:18,649 LOG Installing frappe
2024-08-22 11:18:18,649 DEBUG cd /home/mbr-python/Django/proplahrmsnew/frappe-bench && /home/mbr-python/Django/proplahrmsnew/frappe-bench/env/bin/python -m pip install --quiet --upgrade -e /home/mbr-python/Django/proplahrmsnew/frappe-bench/apps/frappe 
2024-08-22 11:18:40,405 DEBUG cd /home/mbr-python/Django/proplahrmsnew/frappe-bench/apps/frappe && yarn install --check-files
2024-08-22 11:19:23,677 DEBUG cd /home/mbr-python/Django/proplahrmsnew/frappe-bench && sudo supervisorctl restart frappe:
2024-08-22 11:19:23,804 WARNING cd /home/mbr-python/Django/proplahrmsnew/frappe-bench && sudo supervisorctl restart frappe: executed with exit code 2
2024-08-22 11:19:23,805 WARNING restarting supervisor group `frappe:` failed. Use `bench restart` to retry.
2024-08-22 11:19:23,805 DEBUG cd frappe-bench && bench build
2024-08-22 11:19:23,891 INFO /home/mbr-python/.local/bin/bench build
2024-08-22 11:19:38,042 LOG setting up backups
2024-08-22 11:19:38,143 LOG backups were set up
2024-08-22 11:19:38,144 INFO Bench frappe-bench initialized
2024-08-22 11:20:07,709 INFO /home/mbr-python/.local/bin/bench mew-site prop.com
2024-08-22 11:20:13,083 INFO /home/mbr-python/.local/bin/bench new-site prop.com
2024-08-22 11:22:06,394 INFO /home/mbr-python/.local/bin/bench get-app --branch version-15 erpnext
2024-08-22 11:22:06,779 LOG Getting erpnext
2024-08-22 11:22:06,779 DEBUG cd ./apps && git clone https://github.com/frappe/erpnext.git --branch version-15 --depth 1 --origin upstream
2024-08-22 11:22:11,029 LOG Installing erpnext
2024-08-22 11:22:11,029 DEBUG cd /home/mbr-python/Django/proplahrmsnew/frappe-bench && /home/mbr-python/Django/proplahrmsnew/frappe-bench/env/bin/python -m pip install --quiet --upgrade -e /home/mbr-python/Django/proplahrmsnew/frappe-bench/apps/erpnext 
2024-08-22 11:22:14,853 DEBUG cd /home/mbr-python/Django/proplahrmsnew/frappe-bench/apps/erpnext && yarn install --check-files
2024-08-22 11:22:15,123 DEBUG bench build --app erpnext
2024-08-22 11:22:15,207 INFO /home/mbr-python/.local/bin/bench build --app erpnext
2024-08-22 11:22:17,274 DEBUG cd /home/mbr-python/Django/proplahrmsnew/frappe-bench && sudo supervisorctl restart frappe:
2024-08-22 11:22:17,401 WARNING cd /home/mbr-python/Django/proplahrmsnew/frappe-bench && sudo supervisorctl restart frappe: executed with exit code 2
2024-08-22 11:22:17,401 WARNING restarting supervisor group `frappe:` failed. Use `bench restart` to retry.
2024-08-22 11:25:13,258 INFO /home/mbr-python/.local/bin/bench --site prop.com add-to-hosts
2024-08-22 11:25:18,621 INFO /home/mbr-python/.local/bin/bench get-app hrms
2024-08-22 11:25:19,014 LOG Getting hrms
2024-08-22 11:25:19,014 DEBUG cd ./apps && git clone https://github.com/frappe/hrms.git  --depth 1 --origin upstream
2024-08-22 11:25:20,968 LOG Installing hrms
2024-08-22 11:25:20,968 DEBUG cd /home/mbr-python/Django/proplahrmsnew/frappe-bench && /home/mbr-python/Django/proplahrmsnew/frappe-bench/env/bin/python -m pip install --quiet --upgrade -e /home/mbr-python/Django/proplahrmsnew/frappe-bench/apps/hrms 
2024-08-22 11:25:22,124 DEBUG cd /home/mbr-python/Django/proplahrmsnew/frappe-bench/apps/hrms && yarn install --check-files
2024-08-22 11:25:59,397 DEBUG bench build --app hrms
2024-08-22 11:25:59,490 INFO /home/mbr-python/.local/bin/bench build --app hrms
2024-08-22 11:26:12,781 DEBUG cd /home/mbr-python/Django/proplahrmsnew/frappe-bench && sudo supervisorctl restart frappe:
2024-08-22 11:26:12,911 WARNING cd /home/mbr-python/Django/proplahrmsnew/frappe-bench && sudo supervisorctl restart frappe: executed with exit code 2
2024-08-22 11:26:12,911 WARNING restarting supervisor group `frappe:` failed. Use `bench restart` to retry.
2024-08-22 11:26:36,123 INFO /home/mbr-python/.local/bin/bench --site prop.com install-app frappe
2024-08-22 11:26:45,018 INFO /home/mbr-python/.local/bin/bench --site prop.com install-app hrms
2024-08-22 11:28:08,676 INFO /home/mbr-python/.local/bin/bench --site prop.com migrate
2024-08-22 11:28:35,785 INFO /home/mbr-python/.local/bin/bench start
2024-08-22 11:29:54,995 INFO /home/mbr-python/.local/bin/bench start
2024-08-22 11:29:55,232 INFO /home/mbr-python/.local/bin/bench worker
2024-08-22 11:29:55,246 INFO /home/mbr-python/.local/bin/bench schedule
2024-08-22 11:29:55,246 INFO /home/mbr-python/.local/bin/bench serve --port 8000
2024-08-22 11:29:55,263 INFO /home/mbr-python/.local/bin/bench watch
2024-08-22 11:52:18,839 INFO /home/mbr-python/.local/bin/bench get-app helpdesk
2024-08-22 11:52:19,301 LOG Getting helpdesk
2024-08-22 11:52:19,301 DEBUG cd ./apps && git clone https://github.com/frappe/helpdesk.git  --depth 1 --origin upstream
2024-08-22 11:52:20,892 LOG Installing helpdesk
2024-08-22 11:52:20,892 DEBUG cd /home/mbr-python/Django/proplahrmsnew/frappe-bench && /home/mbr-python/Django/proplahrmsnew/frappe-bench/env/bin/python -m pip install --quiet --upgrade -e /home/mbr-python/Django/proplahrmsnew/frappe-bench/apps/helpdesk 
2024-08-22 11:52:23,452 DEBUG cd /home/mbr-python/Django/proplahrmsnew/frappe-bench/apps/helpdesk && yarn install --check-files
2024-08-22 11:53:15,626 DEBUG bench build --app helpdesk
2024-08-22 11:53:15,889 INFO /home/mbr-python/.local/bin/bench build --app helpdesk
2024-08-22 11:53:45,375 DEBUG cd /home/mbr-python/Django/proplahrmsnew/frappe-bench && sudo supervisorctl restart frappe:
2024-08-22 11:53:45,504 WARNING cd /home/mbr-python/Django/proplahrmsnew/frappe-bench && sudo supervisorctl restart frappe: executed with exit code 2
2024-08-22 11:53:45,504 WARNING restarting supervisor group `frappe:` failed. Use `bench restart` to retry.
2024-08-22 11:55:29,568 INFO /home/mbr-python/.local/bin/bench --site prop.com install-app helpdesk
2024-08-22 11:55:41,530 INFO /home/mbr-python/.local/bin/bench --site prop.com install-app helpdesk
2024-08-22 11:56:44,271 INFO /home/mbr-python/.local/bin/bench --site prop.com install-app helpdesk
2024-08-22 11:56:59,249 INFO /home/mbr-python/.local/bin/bench --site prop.com migrate
2024-08-22 11:57:12,467 INFO /home/mbr-python/.local/bin/bench start
2024-08-22 11:57:12,715 INFO /home/mbr-python/.local/bin/bench schedule
2024-08-22 11:57:12,735 INFO /home/mbr-python/.local/bin/bench serve --port 8000
2024-08-22 11:57:12,755 INFO /home/mbr-python/.local/bin/bench watch
2024-08-22 11:57:12,760 INFO /home/mbr-python/.local/bin/bench worker
2024-08-22 11:58:32,782 INFO /home/mbr-python/.local/bin/bench --site prop.com uninstall-app helpdesk
2024-08-22 12:00:01,479 INFO /home/mbr-python/.local/bin/bench --verbose --site all backup
2024-08-22 12:01:01,999 INFO /home/mbr-python/.local/bin/bench get-app helpdesk https://github.com/frappe/helpdesk
2024-08-22 12:01:11,837 INFO App moved from apps/helpdesk to archived/apps/helpdesk-2024-08-22
2024-08-22 12:01:11,840 LOG Getting helpdesk
2024-08-22 12:01:11,840 DEBUG cd ./apps && git clone https://github.com/frappe/helpdesk  --depth 1 --origin upstream
2024-08-22 12:01:13,370 LOG Installing helpdesk
2024-08-22 12:01:13,370 DEBUG cd /home/mbr-python/Django/proplahrmsnew/frappe-bench && /home/mbr-python/Django/proplahrmsnew/frappe-bench/env/bin/python -m pip install --quiet --upgrade -e /home/mbr-python/Django/proplahrmsnew/frappe-bench/apps/helpdesk 
2024-08-22 12:01:15,039 DEBUG cd /home/mbr-python/Django/proplahrmsnew/frappe-bench/apps/helpdesk && yarn install --check-files
2024-08-22 12:01:58,794 DEBUG bench build --app helpdesk
2024-08-22 12:01:58,991 INFO /home/mbr-python/.local/bin/bench build --app helpdesk
2024-08-22 12:02:19,660 DEBUG cd /home/mbr-python/Django/proplahrmsnew/frappe-bench && sudo supervisorctl restart frappe:
2024-08-22 12:02:19,786 WARNING cd /home/mbr-python/Django/proplahrmsnew/frappe-bench && sudo supervisorctl restart frappe: executed with exit code 2
2024-08-22 12:02:19,786 WARNING restarting supervisor group `frappe:` failed. Use `bench restart` to retry.
2024-08-22 12:02:38,449 INFO /home/mbr-python/.local/bin/bench --site prop.com install-app helpdesk
2024-08-22 12:02:53,307 INFO /home/mbr-python/.local/bin/bench --site prop.com migrate
2024-08-22 12:03:28,604 INFO /home/mbr-python/.local/bin/bench --site prop.com update
2024-08-22 12:03:28,606 WARNING /home/mbr-python/.local/bin/bench --site prop.com update executed with exit code 2
2024-08-22 12:03:54,452 INFO /home/mbr-python/.local/bin/bench restart
2024-08-22 12:04:00,493 DEBUG cd /home/mbr-python/Django/proplahrmsnew/frappe-bench && sudo supervisorctl restart frappe:
2024-08-22 12:04:00,620 WARNING cd /home/mbr-python/Django/proplahrmsnew/frappe-bench && sudo supervisorctl restart frappe: executed with exit code 2
2024-08-22 12:04:00,620 WARNING /home/mbr-python/.local/bin/bench restart executed with exit code 1
2024-08-22 12:04:03,516 INFO /home/mbr-python/.local/bin/bench start
2024-08-22 12:04:03,789 INFO /home/mbr-python/.local/bin/bench watch
2024-08-22 12:04:03,793 INFO /home/mbr-python/.local/bin/bench schedule
2024-08-22 12:04:03,811 INFO /home/mbr-python/.local/bin/bench serve --port 8000
2024-08-22 12:04:03,811 INFO /home/mbr-python/.local/bin/bench worker
2024-08-22 18:00:01,830 INFO /home/mbr-python/.local/bin/bench --verbose --site all backup
2024-08-23 12:00:01,730 INFO /home/mbr-python/.local/bin/bench --verbose --site all backup
2024-08-23 12:01:19,502 INFO /home/mbr-python/.local/bin/bench stary=t
2024-08-23 12:01:23,850 INFO /home/mbr-python/.local/bin/bench start
2024-08-23 12:01:24,084 INFO /home/mbr-python/.local/bin/bench worker
2024-08-23 12:01:24,117 INFO /home/mbr-python/.local/bin/bench watch
2024-08-23 12:01:24,128 INFO /home/mbr-python/.local/bin/bench serve --port 8000
2024-08-23 12:01:24,135 INFO /home/mbr-python/.local/bin/bench schedule
2024-08-23 18:00:01,605 INFO /home/mbr-python/.local/bin/bench --verbose --site all backup
2024-08-24 11:49:40,040 INFO /home/mbr-python/.local/bin/bench start
2024-08-24 11:49:40,290 INFO /home/mbr-python/.local/bin/bench watch
2024-08-24 11:49:40,294 INFO /home/mbr-python/.local/bin/bench worker
2024-08-24 11:49:40,324 INFO /home/mbr-python/.local/bin/bench serve --port 8000
2024-08-24 11:49:40,325 INFO /home/mbr-python/.local/bin/bench schedule
2024-08-24 12:00:01,808 INFO /home/mbr-python/.local/bin/bench --verbose --site all backup
2024-08-24 16:58:51,927 INFO /home/mbr-python/.local/bin/bench start
2024-08-24 16:58:52,204 INFO /home/mbr-python/.local/bin/bench serve --port 8000
2024-08-24 16:58:52,222 INFO /home/mbr-python/.local/bin/bench schedule
2024-08-24 16:58:52,223 INFO /home/mbr-python/.local/bin/bench watch
2024-08-24 16:58:52,232 INFO /home/mbr-python/.local/bin/bench worker
2024-08-24 18:00:01,842 INFO /home/mbr-python/.local/bin/bench --verbose --site all backup
2024-08-25 12:00:02,140 INFO /home/mbr-python/.local/bin/bench --verbose --site all backup
2024-08-25 17:30:10,214 INFO /home/mbr-python/.local/bin/bench start
2024-08-25 17:30:10,525 INFO /home/mbr-python/.local/bin/bench worker
2024-08-25 17:30:10,530 INFO /home/mbr-python/.local/bin/bench serve --port 8000
2024-08-25 17:30:10,539 INFO /home/mbr-python/.local/bin/bench watch
2024-08-25 17:30:10,540 INFO /home/mbr-python/.local/bin/bench schedule
2024-08-25 17:39:31,513 INFO /home/mbr-python/.local/bin/bench start
2024-08-25 17:39:31,860 INFO /home/mbr-python/.local/bin/bench worker
2024-08-25 17:39:31,866 INFO /home/mbr-python/.local/bin/bench watch
2024-08-25 17:39:31,878 INFO /home/mbr-python/.local/bin/bench serve --port 8000
2024-08-25 17:39:31,878 INFO /home/mbr-python/.local/bin/bench schedule
2024-08-25 18:00:01,622 INFO /home/mbr-python/.local/bin/bench --verbose --site all backup
2024-08-25 18:15:55,939 INFO /home/mbr-python/.local/bin/bench --site prop.come migrate
2024-08-25 18:16:17,557 INFO /home/mbr-python/.local/bin/bench --site prop.com migrate
2024-08-26 10:11:55,977 INFO /home/mbr-python/.local/bin/bench start
2024-08-26 10:11:56,223 INFO /home/mbr-python/.local/bin/bench schedule
2024-08-26 10:11:56,253 INFO /home/mbr-python/.local/bin/bench worker
2024-08-26 10:11:56,254 INFO /home/mbr-python/.local/bin/bench serve --port 8000
2024-08-26 10:11:56,255 INFO /home/mbr-python/.local/bin/bench watch
2024-08-26 10:18:43,147 INFO /home/mbr-python/.local/bin/bench --site prop.com migrate
2024-08-26 10:20:01,659 INFO /home/mbr-python/.local/bin/bench --site prop.com migrate
2024-08-26 10:37:31,388 INFO /home/mbr-python/.local/bin/bench --site prop.com migrate
2024-08-26 10:43:32,956 INFO /home/mbr-python/.local/bin/bench --site prop.com migrate
2024-08-26 10:44:49,418 INFO /home/mbr-python/.local/bin/bench start
2024-08-26 10:44:49,669 INFO /home/mbr-python/.local/bin/bench schedule
2024-08-26 10:44:49,675 INFO /home/mbr-python/.local/bin/bench worker
2024-08-26 10:44:49,686 INFO /home/mbr-python/.local/bin/bench watch
2024-08-26 10:44:49,716 INFO /home/mbr-python/.local/bin/bench serve --port 8000
2024-08-26 10:55:31,138 INFO /home/mbr-python/.local/bin/bench --site prop.com migrate
2024-08-26 10:55:37,846 INFO /home/mbr-python/.local/bin/bench start
2024-08-26 10:55:38,089 INFO /home/mbr-python/.local/bin/bench serve --port 8000
2024-08-26 10:55:38,130 INFO /home/mbr-python/.local/bin/bench schedule
2024-08-26 10:55:38,135 INFO /home/mbr-python/.local/bin/bench watch
2024-08-26 10:55:38,137 INFO /home/mbr-python/.local/bin/bench worker
2024-08-26 12:00:02,050 INFO /home/mbr-python/.local/bin/bench --verbose --site all backup
2024-08-26 13:07:34,225 INFO /home/mbr-python/.local/bin/bench start
2024-08-26 13:07:34,495 INFO /home/mbr-python/.local/bin/bench serve --port 8000
2024-08-26 13:07:34,496 INFO /home/mbr-python/.local/bin/bench watch
2024-08-26 13:07:34,496 INFO /home/mbr-python/.local/bin/bench schedule
2024-08-26 13:07:34,506 INFO /home/mbr-python/.local/bin/bench worker
2024-08-26 14:51:43,414 INFO /home/mbr-python/.local/bin/bench new-site propla.com
2024-08-26 14:52:39,695 INFO /home/mbr-python/.local/bin/bench --site propla.com add-to-hosts
2024-08-26 14:52:59,116 INFO /home/mbr-python/.local/bin/bench --site propla.com list-apps
2024-08-26 15:35:46,682 INFO /home/mbr-python/.local/bin/bench get-app hrms https://github.com/frappe/hrms
2024-08-26 18:00:01,883 INFO /home/mbr-python/.local/bin/bench --verbose --site all backup
2024-08-27 10:19:58,078 INFO /home/mbr-python/.local/bin/bench start
2024-08-27 10:19:58,330 INFO /home/mbr-python/.local/bin/bench schedule
2024-08-27 10:19:58,332 INFO /home/mbr-python/.local/bin/bench serve --port 8000
2024-08-27 10:19:58,338 INFO /home/mbr-python/.local/bin/bench watch
2024-08-27 10:19:58,374 INFO /home/mbr-python/.local/bin/bench worker
2024-08-27 10:20:21,128 INFO /home/mbr-python/.local/bin/bench --site prop.com migrate
2024-08-27 10:43:33,962 INFO /home/mbr-python/.local/bin/bench --site prop.com migrate
2024-08-27 10:44:04,796 INFO /home/mbr-python/.local/bin/bench start
2024-08-27 10:44:05,092 INFO /home/mbr-python/.local/bin/bench serve --port 8000
2024-08-27 10:44:05,095 INFO /home/mbr-python/.local/bin/bench watch
2024-08-27 10:44:05,104 INFO /home/mbr-python/.local/bin/bench schedule
2024-08-27 10:44:05,104 INFO /home/mbr-python/.local/bin/bench worker
2024-08-27 10:45:57,674 INFO /home/mbr-python/.local/bin/bench --site prop.com migrate
2024-08-27 10:46:15,264 INFO /home/mbr-python/.local/bin/bench start
2024-08-27 10:46:15,502 INFO /home/mbr-python/.local/bin/bench schedule
2024-08-27 10:46:15,509 INFO /home/mbr-python/.local/bin/bench watch
2024-08-27 10:46:15,547 INFO /home/mbr-python/.local/bin/bench serve --port 8000
2024-08-27 10:46:15,549 INFO /home/mbr-python/.local/bin/bench worker
2024-08-27 10:52:13,810 INFO /home/mbr-python/.local/bin/bench --site prop.com migrate
2024-08-27 10:52:24,093 INFO /home/mbr-python/.local/bin/bench start
2024-08-27 10:52:24,417 INFO /home/mbr-python/.local/bin/bench worker
2024-08-27 10:52:24,439 INFO /home/mbr-python/.local/bin/bench serve --port 8000
2024-08-27 10:52:24,441 INFO /home/mbr-python/.local/bin/bench watch
2024-08-27 10:52:24,451 INFO /home/mbr-python/.local/bin/bench schedule
2024-08-27 11:09:32,975 INFO /home/mbr-python/.local/bin/bench --site prop.com migrate
2024-08-27 11:09:47,408 INFO /home/mbr-python/.local/bin/bench start
2024-08-27 11:09:47,736 INFO /home/mbr-python/.local/bin/bench worker
2024-08-27 11:09:47,751 INFO /home/mbr-python/.local/bin/bench serve --port 8000
2024-08-27 11:09:47,751 INFO /home/mbr-python/.local/bin/bench watch
2024-08-27 11:09:47,755 INFO /home/mbr-python/.local/bin/bench schedule
2024-08-27 11:11:47,858 INFO /home/mbr-python/.local/bin/bench --site prop.com migrate
2024-08-27 11:11:56,787 INFO /home/mbr-python/.local/bin/bench start
2024-08-27 11:11:57,100 INFO /home/mbr-python/.local/bin/bench worker
2024-08-27 11:11:57,115 INFO /home/mbr-python/.local/bin/bench watch
2024-08-27 11:11:57,130 INFO /home/mbr-python/.local/bin/bench schedule
2024-08-27 11:11:57,137 INFO /home/mbr-python/.local/bin/bench serve --port 8000
2024-08-27 12:00:01,856 INFO /home/mbr-python/.local/bin/bench --verbose --site all backup
2024-08-27 14:38:39,783 INFO /home/mbr-python/.local/bin/bench --site prop.com migrate
2024-08-27 14:38:55,328 INFO /home/mbr-python/.local/bin/bench start
2024-08-27 14:38:55,858 INFO /home/mbr-python/.local/bin/bench schedule
2024-08-27 14:38:55,859 INFO /home/mbr-python/.local/bin/bench serve --port 8000
2024-08-27 14:38:55,876 INFO /home/mbr-python/.local/bin/bench worker
2024-08-27 14:38:55,892 INFO /home/mbr-python/.local/bin/bench watch
2024-08-27 14:42:41,001 INFO /home/mbr-python/.local/bin/bench start
2024-08-27 14:42:41,497 INFO /home/mbr-python/.local/bin/bench worker
2024-08-27 14:42:41,502 INFO /home/mbr-python/.local/bin/bench serve --port 8000
2024-08-27 14:42:41,508 INFO /home/mbr-python/.local/bin/bench watch
2024-08-27 14:42:41,513 INFO /home/mbr-python/.local/bin/bench schedule
2024-08-27 14:45:04,740 INFO /home/mbr-python/.local/bin/bench --site prop.com migrate
2024-08-27 14:45:16,331 INFO /home/mbr-python/.local/bin/bench start
2024-08-27 14:45:16,664 INFO /home/mbr-python/.local/bin/bench watch
2024-08-27 14:45:16,691 INFO /home/mbr-python/.local/bin/bench serve --port 8000
2024-08-27 14:45:16,702 INFO /home/mbr-python/.local/bin/bench schedule
2024-08-27 14:45:16,716 INFO /home/mbr-python/.local/bin/bench worker
2024-08-27 14:47:58,861 INFO /home/mbr-python/.local/bin/bench --site prop.com migrate
2024-08-27 14:48:12,841 INFO /home/mbr-python/.local/bin/bench start
2024-08-27 14:48:13,198 INFO /home/mbr-python/.local/bin/bench serve --port 8000
2024-08-27 14:48:13,200 INFO /home/mbr-python/.local/bin/bench schedule
2024-08-27 14:48:13,212 INFO /home/mbr-python/.local/bin/bench watch
2024-08-27 14:48:13,215 INFO /home/mbr-python/.local/bin/bench worker
2024-08-27 15:49:07,242 INFO /home/mbr-python/.local/bin/bench --site prop.com migrate
2024-08-27 15:49:19,310 INFO /home/mbr-python/.local/bin/bench start
2024-08-27 15:49:19,714 INFO /home/mbr-python/.local/bin/bench serve --port 8000
2024-08-27 15:49:19,740 INFO /home/mbr-python/.local/bin/bench schedule
2024-08-27 15:49:19,759 INFO /home/mbr-python/.local/bin/bench worker
2024-08-27 15:49:19,806 INFO /home/mbr-python/.local/bin/bench watch
2024-08-27 15:51:41,509 INFO /home/mbr-python/.local/bin/bench --site prop.com migrate
2024-08-27 15:51:52,189 INFO /home/mbr-python/.local/bin/bench start
2024-08-27 15:51:52,496 INFO /home/mbr-python/.local/bin/bench serve --port 8000
2024-08-27 15:51:52,508 INFO /home/mbr-python/.local/bin/bench watch
2024-08-27 15:51:52,513 INFO /home/mbr-python/.local/bin/bench schedule
2024-08-27 15:51:52,534 INFO /home/mbr-python/.local/bin/bench worker
2024-08-27 15:56:28,757 INFO /home/mbr-python/.local/bin/bench clear-cache
2024-08-27 15:56:37,390 INFO /home/mbr-python/.local/bin/bench clear-website-cache
2024-08-27 15:56:46,019 INFO /home/mbr-python/.local/bin/bench clear-prop.com-cache
2024-08-27 16:08:56,421 INFO /home/mbr-python/.local/bin/bench clear-prop.com-cache
2024-08-27 16:08:59,527 INFO /home/mbr-python/.local/bin/bench --site prop.com migrate
2024-08-27 18:00:02,256 INFO /home/mbr-python/.local/bin/bench --verbose --site all backup
2024-08-27 18:17:40,120 INFO /home/mbr-python/.local/bin/bench start
2024-08-27 18:17:40,480 INFO /home/mbr-python/.local/bin/bench schedule
2024-08-27 18:17:40,483 INFO /home/mbr-python/.local/bin/bench serve --port 8000
2024-08-27 18:17:40,521 INFO /home/mbr-python/.local/bin/bench watch
2024-08-27 18:17:40,521 INFO /home/mbr-python/.local/bin/bench worker
2024-08-28 11:31:47,924 INFO /home/mbr-python/.local/bin/bench start
2024-08-28 11:31:48,202 INFO /home/mbr-python/.local/bin/bench watch
2024-08-28 11:31:48,207 INFO /home/mbr-python/.local/bin/bench schedule
2024-08-28 11:31:48,216 INFO /home/mbr-python/.local/bin/bench worker
2024-08-28 11:31:48,224 INFO /home/mbr-python/.local/bin/bench serve --port 8000
2024-08-28 12:00:01,575 INFO /home/mbr-python/.local/bin/bench --verbose --site all backup
2024-08-28 15:02:56,159 INFO /home/mbr-python/.local/bin/bench --site prop.com migrate
2024-08-28 15:03:07,309 INFO /home/mbr-python/.local/bin/bench start
2024-08-28 15:03:07,639 INFO /home/mbr-python/.local/bin/bench watch
2024-08-28 15:03:07,644 INFO /home/mbr-python/.local/bin/bench worker
2024-08-28 15:03:07,652 INFO /home/mbr-python/.local/bin/bench serve --port 8000
2024-08-28 15:03:07,657 INFO /home/mbr-python/.local/bin/bench schedule
2024-08-28 15:09:17,207 INFO /home/mbr-python/.local/bin/bench --site prop.com migrate
2024-08-28 15:09:27,402 INFO /home/mbr-python/.local/bin/bench start
2024-08-28 15:09:27,741 INFO /home/mbr-python/.local/bin/bench serve --port 8000
2024-08-28 15:09:27,744 INFO /home/mbr-python/.local/bin/bench watch
2024-08-28 15:09:27,745 INFO /home/mbr-python/.local/bin/bench worker
2024-08-28 15:09:27,791 INFO /home/mbr-python/.local/bin/bench schedule
2024-08-28 15:23:08,034 INFO /home/mbr-python/.local/bin/bench --site prop.com migrate
2024-08-28 15:23:19,456 INFO /home/mbr-python/.local/bin/bench start
2024-08-28 15:23:19,791 INFO /home/mbr-python/.local/bin/bench watch
2024-08-28 15:23:19,829 INFO /home/mbr-python/.local/bin/bench serve --port 8000
2024-08-28 15:23:19,837 INFO /home/mbr-python/.local/bin/bench worker
2024-08-28 15:23:19,840 INFO /home/mbr-python/.local/bin/bench schedule
2024-08-28 16:03:23,245 INFO /home/mbr-python/.local/bin/bench --site prop.com migrate
2024-08-28 16:03:31,978 INFO /home/mbr-python/.local/bin/bench start
2024-08-28 16:03:32,356 INFO /home/mbr-python/.local/bin/bench serve --port 8000
2024-08-28 16:03:32,361 INFO /home/mbr-python/.local/bin/bench watch
2024-08-28 16:03:32,376 INFO /home/mbr-python/.local/bin/bench worker
2024-08-28 16:03:32,378 INFO /home/mbr-python/.local/bin/bench schedule
2024-08-28 16:06:01,073 INFO /home/mbr-python/.local/bin/bench --site prop.com migrate
2024-08-28 16:06:17,458 INFO /home/mbr-python/.local/bin/bench start
2024-08-28 16:06:17,737 INFO /home/mbr-python/.local/bin/bench worker
2024-08-28 16:06:17,740 INFO /home/mbr-python/.local/bin/bench serve --port 8000
2024-08-28 16:06:17,741 INFO /home/mbr-python/.local/bin/bench schedule
2024-08-28 16:06:17,745 INFO /home/mbr-python/.local/bin/bench watch
2024-08-28 16:07:26,487 INFO /home/mbr-python/.local/bin/bench --site prop.com migrate
2024-08-28 18:00:01,623 INFO /home/mbr-python/.local/bin/bench --verbose --site all backup
2024-08-29 10:13:17,658 INFO /home/mbr-python/.local/bin/bench start
2024-08-29 10:13:17,905 INFO /home/mbr-python/.local/bin/bench worker
2024-08-29 10:13:17,906 INFO /home/mbr-python/.local/bin/bench schedule
2024-08-29 10:13:17,909 INFO /home/mbr-python/.local/bin/bench serve --port 8000
2024-08-29 10:13:17,909 INFO /home/mbr-python/.local/bin/bench watch
2024-08-29 10:46:27,987 INFO /home/mbr-python/.local/bin/bench setup requirements
2024-08-29 10:46:28,009 DEBUG /home/mbr-python/Django/proplahrmsnew/frappe-bench/env/bin/python -m pip install --quiet --upgrade pip
2024-08-29 10:46:28,741 LOG Installing frappe
2024-08-29 10:46:28,742 DEBUG cd /home/mbr-python/Django/proplahrmsnew/frappe-bench && /home/mbr-python/Django/proplahrmsnew/frappe-bench/env/bin/python -m pip install --quiet --upgrade -e /home/mbr-python/Django/proplahrmsnew/frappe-bench/apps/frappe 
2024-08-29 10:46:30,328 DEBUG cd /home/mbr-python/Django/proplahrmsnew/frappe-bench/apps/frappe && yarn install --check-files
2024-08-29 10:46:31,562 LOG Installing helpdesk
2024-08-29 10:46:31,562 DEBUG cd /home/mbr-python/Django/proplahrmsnew/frappe-bench && /home/mbr-python/Django/proplahrmsnew/frappe-bench/env/bin/python -m pip install --quiet --upgrade -e /home/mbr-python/Django/proplahrmsnew/frappe-bench/apps/helpdesk 
2024-08-29 10:46:42,420 DEBUG cd /home/mbr-python/Django/proplahrmsnew/frappe-bench/apps/helpdesk && yarn install --check-files
2024-08-29 10:46:44,634 LOG Installing hrms
2024-08-29 10:46:44,634 DEBUG cd /home/mbr-python/Django/proplahrmsnew/frappe-bench && /home/mbr-python/Django/proplahrmsnew/frappe-bench/env/bin/python -m pip install --quiet --upgrade -e /home/mbr-python/Django/proplahrmsnew/frappe-bench/apps/hrms 
2024-08-29 10:46:45,979 DEBUG cd /home/mbr-python/Django/proplahrmsnew/frappe-bench/apps/hrms && yarn install --check-files
2024-08-29 10:46:50,283 LOG Installing erpnext
2024-08-29 10:46:50,284 DEBUG cd /home/mbr-python/Django/proplahrmsnew/frappe-bench && /home/mbr-python/Django/proplahrmsnew/frappe-bench/env/bin/python -m pip install --quiet --upgrade -e /home/mbr-python/Django/proplahrmsnew/frappe-bench/apps/erpnext 
2024-08-29 10:46:51,589 DEBUG cd /home/mbr-python/Django/proplahrmsnew/frappe-bench/apps/erpnext && yarn install --check-files
2024-08-29 10:47:09,436 INFO /home/mbr-python/.local/bin/bench --site prop.com migrate
2024-08-29 10:48:29,899 INFO /home/mbr-python/.local/bin/bench start
2024-08-29 10:48:30,153 INFO /home/mbr-python/.local/bin/bench worker
2024-08-29 10:48:30,195 INFO /home/mbr-python/.local/bin/bench schedule
2024-08-29 10:48:30,196 INFO /home/mbr-python/.local/bin/bench serve --port 8000
2024-08-29 10:48:30,198 INFO /home/mbr-python/.local/bin/bench watch
2024-08-29 11:40:45,518 INFO /home/mbr-python/.local/bin/bench start
2024-08-29 11:40:45,770 INFO /home/mbr-python/.local/bin/bench watch
2024-08-29 11:40:45,776 INFO /home/mbr-python/.local/bin/bench schedule
2024-08-29 11:40:45,785 INFO /home/mbr-python/.local/bin/bench worker
2024-08-29 11:40:45,810 INFO /home/mbr-python/.local/bin/bench serve --port 8000
2024-08-29 12:00:01,947 INFO /home/mbr-python/.local/bin/bench --verbose --site all backup
2024-08-29 13:24:13,742 INFO /home/mbr-python/.local/bin/bench start
2024-08-29 13:24:14,027 INFO /home/mbr-python/.local/bin/bench watch
2024-08-29 13:24:14,042 INFO /home/mbr-python/.local/bin/bench worker
2024-08-29 13:24:14,050 INFO /home/mbr-python/.local/bin/bench schedule
2024-08-29 13:24:14,054 INFO /home/mbr-python/.local/bin/bench serve --port 8000
2024-08-29 16:53:35,934 INFO /home/mbr-python/.local/bin/bench version
2024-08-29 18:00:01,740 INFO /home/mbr-python/.local/bin/bench --verbose --site all backup
2024-08-30 10:42:49,532 INFO /home/mbr-python/.local/bin/bench start
2024-08-30 10:42:49,774 INFO /home/mbr-python/.local/bin/bench serve --port 8000
2024-08-30 10:42:49,780 INFO /home/mbr-python/.local/bin/bench worker
2024-08-30 10:42:49,795 INFO /home/mbr-python/.local/bin/bench schedule
2024-08-30 10:42:49,796 INFO /home/mbr-python/.local/bin/bench watch
2024-08-30 10:56:16,113 INFO /home/mbr-python/.local/bin/bench --site prop.com build/migrate/clear-cache
2024-08-30 10:56:35,827 INFO /home/mbr-python/.local/bin/bench --site prop.com build
2024-08-30 10:57:30,015 INFO /home/mbr-python/.local/bin/bench --site prop.com migrate
2024-08-30 10:57:46,070 INFO /home/mbr-python/.local/bin/bench --site prop.com clear-cache
2024-08-30 10:59:29,873 INFO /home/mbr-python/.local/bin/bench --site prop.com build
2024-08-30 11:00:32,450 INFO /home/mbr-python/.local/bin/bench --site prop.com migrate
2024-08-30 11:00:44,357 INFO /home/mbr-python/.local/bin/bench --site prop.com clear-cache
2024-08-30 11:00:52,487 INFO /home/mbr-python/.local/bin/bench start
2024-08-30 11:00:52,758 INFO /home/mbr-python/.local/bin/bench schedule
2024-08-30 11:00:52,776 INFO /home/mbr-python/.local/bin/bench watch
2024-08-30 11:00:52,777 INFO /home/mbr-python/.local/bin/bench serve --port 8000
2024-08-30 11:00:52,783 INFO /home/mbr-python/.local/bin/bench worker
2024-08-30 11:02:40,224 INFO /home/mbr-python/.local/bin/bench start
2024-08-30 11:02:40,464 INFO /home/mbr-python/.local/bin/bench serve --port 8000
2024-08-30 11:02:40,480 INFO /home/mbr-python/.local/bin/bench worker
2024-08-30 11:02:40,483 INFO /home/mbr-python/.local/bin/bench watch
2024-08-30 11:02:40,500 INFO /home/mbr-python/.local/bin/bench schedule
2024-08-30 12:00:01,412 INFO /home/mbr-python/.local/bin/bench --verbose --site all backup
2024-08-30 18:00:01,605 INFO /home/mbr-python/.local/bin/bench --verbose --site all backup
2024-08-31 10:32:44,530 INFO /home/mbr-python/.local/bin/bench start
2024-08-31 10:32:44,792 INFO /home/mbr-python/.local/bin/bench serve --port 8000
2024-08-31 10:32:44,802 INFO /home/mbr-python/.local/bin/bench schedule
2024-08-31 10:32:44,806 INFO /home/mbr-python/.local/bin/bench watch
2024-08-31 10:32:44,809 INFO /home/mbr-python/.local/bin/bench worker
2024-08-31 12:00:01,677 INFO /home/mbr-python/.local/bin/bench --verbose --site all backup
2024-09-02 12:00:01,865 INFO /home/mbr-python/.local/bin/bench --verbose --site all backup
2024-09-02 13:28:35,422 INFO /home/mbr-python/.local/bin/bench start
2024-09-02 13:28:35,689 INFO /home/mbr-python/.local/bin/bench schedule
2024-09-02 13:28:35,692 INFO /home/mbr-python/.local/bin/bench worker
2024-09-02 13:28:35,703 INFO /home/mbr-python/.local/bin/bench watch
2024-09-02 13:28:35,729 INFO /home/mbr-python/.local/bin/bench serve --port 8000
2024-09-02 13:28:43,009 INFO /home/mbr-python/.local/bin/bench version
2024-09-02 13:29:56,900 INFO /home/mbr-python/.local/bin/bench build
2024-09-02 13:30:44,290 INFO /home/mbr-python/.local/bin/bench start
2024-09-02 13:30:44,640 INFO /home/mbr-python/.local/bin/bench schedule
2024-09-02 13:30:44,646 INFO /home/mbr-python/.local/bin/bench watch
2024-09-02 13:30:44,666 INFO /home/mbr-python/.local/bin/bench serve --port 8000
2024-09-02 13:30:44,685 INFO /home/mbr-python/.local/bin/bench worker
2024-09-02 13:30:54,790 INFO /home/mbr-python/.local/bin/bench --site prop.com migrate
2024-09-02 13:31:25,793 INFO /home/mbr-python/.local/bin/bench start
2024-09-02 13:31:26,027 INFO /home/mbr-python/.local/bin/bench schedule
2024-09-02 13:31:26,045 INFO /home/mbr-python/.local/bin/bench worker
2024-09-02 13:31:26,075 INFO /home/mbr-python/.local/bin/bench serve --port 8000
2024-09-02 13:31:26,075 INFO /home/mbr-python/.local/bin/bench watch
2024-09-02 13:32:49,091 INFO /home/mbr-python/.local/bin/bench --site prop.com clear-cache
2024-09-02 13:32:54,645 INFO /home/mbr-python/.local/bin/bench --site prop.com build
2024-09-02 13:38:31,911 INFO /home/mbr-python/.local/bin/bench --site prop.com build
2024-09-02 13:39:13,449 INFO /home/mbr-python/.local/bin/bench start
2024-09-02 13:39:13,868 INFO /home/mbr-python/.local/bin/bench serve --port 8000
2024-09-02 13:39:13,879 INFO /home/mbr-python/.local/bin/bench worker
2024-09-02 13:39:13,879 INFO /home/mbr-python/.local/bin/bench schedule
2024-09-02 13:39:13,885 INFO /home/mbr-python/.local/bin/bench watch
2024-09-02 13:39:26,828 INFO /home/mbr-python/.local/bin/bench --site prop.com migrate
2024-09-02 13:39:43,626 INFO /home/mbr-python/.local/bin/bench --site prop.com clear-cache
2024-09-02 13:40:21,197 INFO /home/mbr-python/.local/bin/bench --site prop.com uninstall-app helpdesk
2024-09-02 13:40:46,545 INFO /home/mbr-python/.local/bin/bench --site prop.com backup
2024-09-02 13:40:52,977 INFO /home/mbr-python/.local/bin/bench --site prop.com uninstall-app helpdesk
2024-09-02 13:41:25,633 INFO /home/mbr-python/.local/bin/bench get-app helpdesk
2024-09-02 13:41:27,110 INFO App moved from apps/helpdesk to archived/apps/helpdesk-2024-09-02
2024-09-02 13:41:27,119 LOG Getting helpdesk
2024-09-02 13:41:27,119 DEBUG cd ./apps && git clone https://github.com/frappe/helpdesk.git --branch develop --depth 1 --origin upstream
2024-09-02 13:41:28,661 LOG Installing helpdesk
2024-09-02 13:41:28,661 DEBUG cd /home/mbr-python/Django/proplahrmsnew/frappe-bench && /home/mbr-python/Django/proplahrmsnew/frappe-bench/env/bin/python -m pip install --quiet --upgrade -e /home/mbr-python/Django/proplahrmsnew/frappe-bench/apps/helpdesk 
2024-09-02 13:41:30,509 DEBUG cd /home/mbr-python/Django/proplahrmsnew/frappe-bench/apps/helpdesk && yarn install --check-files
2024-09-02 13:41:54,997 INFO /home/mbr-python/.local/bin/bench version
2024-09-02 13:42:04,488 DEBUG bench build --app helpdesk
2024-09-02 13:42:04,572 INFO /home/mbr-python/.local/bin/bench build --app helpdesk
2024-09-02 13:43:39,168 DEBUG cd /home/mbr-python/Django/proplahrmsnew/frappe-bench && sudo supervisorctl restart frappe:
2024-09-02 13:43:39,293 WARNING cd /home/mbr-python/Django/proplahrmsnew/frappe-bench && sudo supervisorctl restart frappe: executed with exit code 2
2024-09-02 13:43:39,293 WARNING restarting supervisor group `frappe:` failed. Use `bench restart` to retry.
2024-09-02 13:43:39,406 INFO A newer version of bench is available: 5.22.8 → 5.22.9
2024-09-02 13:44:03,262 INFO /home/mbr-python/.local/bin/bench --site prop.com install-app helpdesk
2024-09-02 13:44:25,562 INFO /home/mbr-python/.local/bin/bench start
2024-09-02 13:44:25,802 INFO /home/mbr-python/.local/bin/bench schedule
2024-09-02 13:44:25,844 INFO /home/mbr-python/.local/bin/bench serve --port 8000
2024-09-02 13:44:25,848 INFO /home/mbr-python/.local/bin/bench watch
2024-09-02 13:44:25,849 INFO /home/mbr-python/.local/bin/bench worker
2024-09-02 13:44:37,415 INFO /home/mbr-python/.local/bin/bench --site prop.com migrate
2024-09-02 13:45:04,892 INFO /home/mbr-python/.local/bin/bench --site erp.example.com restore /sites/erp.example.com/private/backups/20240830_110530-erp_example_com-database.sql.gz
2024-09-02 13:46:11,115 INFO /home/mbr-python/.local/bin/bench --site prop.com restore /sites/prop.com.com/private/backups/20240902_120003-prop_com-database.sql.gz
2024-09-02 13:46:29,920 INFO /home/mbr-python/.local/bin/bench --site prop.com restore /sites/prop.com/private/backups/20240902_120003-prop_com-database.sql.gz
2024-09-02 13:47:45,866 INFO /home/mbr-python/.local/bin/bench --site prop.com restore /sites/prop.com/private/backups/20240902_134046-prop_com-database.sql.gz
2024-09-02 13:48:04,215 INFO /home/mbr-python/.local/bin/bench --site prop.com restore /sites/prop.com/private/backups/20240902_134054-prop_com-database.sql.gz
2024-09-02 13:52:08,456 INFO /home/mbr-python/.local/bin/bench --site prop.com restore /home/mbr-python/Django/proplahrmsnew/frappe-bench/sites/prop.com/private/backups/20240902_134054-prop_com-database.sql.gz
2024-09-02 13:53:06,844 INFO /home/mbr-python/.local/bin/bench update --reset
2024-09-02 13:53:06,855 WARNING /home/mbr-python/.local/bin/bench update --reset executed with exit code 1
2024-09-02 13:53:06,954 INFO A newer version of bench is available: 5.22.8 → 5.22.9
2024-09-02 13:53:07,061 INFO /home/mbr-python/.local/bin/bench migrate
2024-09-02 13:53:07,682 INFO /home/mbr-python/.local/bin/bench build
2024-09-02 13:54:33,762 INFO /home/mbr-python/.local/bin/bench migrate
2024-09-02 13:54:45,497 INFO /home/mbr-python/.local/bin/bench --site prop.com migrate
2024-09-02 13:55:09,360 INFO /home/mbr-python/.local/bin/bench --site prop.com clear-cache
2024-09-02 13:55:23,319 INFO /home/mbr-python/.local/bin/bench start
2024-09-02 13:55:23,596 INFO /home/mbr-python/.local/bin/bench worker
2024-09-02 13:55:23,624 INFO /home/mbr-python/.local/bin/bench schedule
2024-09-02 13:55:23,629 INFO /home/mbr-python/.local/bin/bench serve --port 8000
2024-09-02 13:55:23,637 INFO /home/mbr-python/.local/bin/bench watch
2024-09-02 15:06:12,706 INFO /home/mbr-python/.local/bin/bench version
2024-09-02 15:07:37,977 INFO /home/mbr-python/.local/bin/bench get-app frappe
2024-09-02 15:07:41,201 INFO App moved from apps/frappe to archived/apps/frappe-2024-09-02
2024-09-02 15:07:41,209 LOG Getting frappe
2024-09-02 15:07:41,210 DEBUG cd ./apps && git clone https://github.com/frappe/frappe.git  --depth 1 --origin upstream
2024-09-02 15:07:44,677 LOG Installing frappe
2024-09-02 15:07:44,677 DEBUG cd /home/mbr-python/Django/proplahrmsnew/frappe-bench && /home/mbr-python/Django/proplahrmsnew/frappe-bench/env/bin/python -m pip install --quiet --upgrade -e /home/mbr-python/Django/proplahrmsnew/frappe-bench/apps/frappe 
2024-09-02 15:07:47,841 DEBUG cd /home/mbr-python/Django/proplahrmsnew/frappe-bench/apps/frappe && yarn install --check-files
2024-09-02 15:08:24,883 DEBUG bench build --app frappe
2024-09-02 15:08:24,972 INFO /home/mbr-python/.local/bin/bench build --app frappe
2024-09-02 15:08:25,066 INFO /home/mbr-python/.local/bin/bench --site uninstall-app frappe
2024-09-02 15:08:48,296 INFO /home/mbr-python/.local/bin/bench --site prop.com uninstall-app frappe
2024-09-02 15:08:59,998 DEBUG cd /home/mbr-python/Django/proplahrmsnew/frappe-bench && sudo supervisorctl restart frappe:
2024-09-02 15:09:00,126 WARNING cd /home/mbr-python/Django/proplahrmsnew/frappe-bench && sudo supervisorctl restart frappe: executed with exit code 2
2024-09-02 15:09:00,126 WARNING restarting supervisor group `frappe:` failed. Use `bench restart` to retry.
2024-09-02 15:09:00,252 INFO A newer version of bench is available: 5.22.8 → 5.22.9
2024-09-02 15:09:24,933 INFO /home/mbr-python/.local/bin/bench --site prop.com install-app frappe
2024-09-02 15:09:33,111 INFO /home/mbr-python/.local/bin/bench start
2024-09-02 15:09:33,374 INFO /home/mbr-python/.local/bin/bench worker
2024-09-02 15:09:33,376 INFO /home/mbr-python/.local/bin/bench watch
2024-09-02 15:09:33,382 INFO /home/mbr-python/.local/bin/bench serve --port 8000
2024-09-02 15:09:33,407 INFO /home/mbr-python/.local/bin/bench schedule
2024-09-02 15:09:47,762 INFO /home/mbr-python/.local/bin/bench --site prop.com migrate
2024-09-02 15:10:33,560 INFO /home/mbr-python/.local/bin/bench start
2024-09-02 15:10:33,816 INFO /home/mbr-python/.local/bin/bench schedule
2024-09-02 15:10:33,822 INFO /home/mbr-python/.local/bin/bench watch
2024-09-02 15:10:33,824 INFO /home/mbr-python/.local/bin/bench serve --port 8000
2024-09-02 15:10:33,855 INFO /home/mbr-python/.local/bin/bench worker
2024-09-02 15:11:31,786 INFO /home/mbr-python/.local/bin/bench --site prop.com build
2024-09-02 15:12:12,399 INFO /home/mbr-python/.local/bin/bench --site prop.com migrate
2024-09-02 15:12:15,359 INFO /home/mbr-python/.local/bin/bench start
2024-09-02 15:12:15,663 INFO /home/mbr-python/.local/bin/bench schedule
2024-09-02 15:12:15,703 INFO /home/mbr-python/.local/bin/bench watch
2024-09-02 15:12:15,705 INFO /home/mbr-python/.local/bin/bench worker
2024-09-02 15:12:15,713 INFO /home/mbr-python/.local/bin/bench serve --port 8000
2024-09-02 15:12:18,191 INFO /home/mbr-python/.local/bin/bench --site prop.com migrate
2024-09-02 15:12:37,869 INFO /home/mbr-python/.local/bin/bench --site prop.com clear-cache
2024-09-02 15:12:43,100 INFO /home/mbr-python/.local/bin/bench start
2024-09-02 15:12:43,347 INFO /home/mbr-python/.local/bin/bench serve --port 8000
2024-09-02 15:12:43,359 INFO /home/mbr-python/.local/bin/bench watch
2024-09-02 15:12:43,379 INFO /home/mbr-python/.local/bin/bench schedule
2024-09-02 15:12:43,390 INFO /home/mbr-python/.local/bin/bench worker
2024-09-02 15:34:28,755 INFO /home/mbr-python/.local/bin/bench start
2024-09-02 15:34:29,034 INFO /home/mbr-python/.local/bin/bench schedule
2024-09-02 15:34:29,040 INFO /home/mbr-python/.local/bin/bench serve --port 8000
2024-09-02 15:34:29,072 INFO /home/mbr-python/.local/bin/bench watch
2024-09-02 15:34:29,079 INFO /home/mbr-python/.local/bin/bench worker
2024-09-02 15:34:43,459 INFO /home/mbr-python/.local/bin/bench --site prop.com migrate
2024-09-02 15:34:57,783 INFO /home/mbr-python/.local/bin/bench start
2024-09-02 15:34:58,037 INFO /home/mbr-python/.local/bin/bench watch
2024-09-02 15:34:58,059 INFO /home/mbr-python/.local/bin/bench serve --port 8000
2024-09-02 15:34:58,062 INFO /home/mbr-python/.local/bin/bench schedule
2024-09-02 15:34:58,073 INFO /home/mbr-python/.local/bin/bench worker
2024-09-02 16:00:59,833 INFO /home/mbr-python/.local/bin/bench version
2024-09-02 16:04:35,697 INFO /home/mbr-python/.local/bin/bench build
2024-09-02 16:04:50,185 INFO /home/mbr-python/.local/bin/bench --site prop.com build
2024-09-02 16:11:18,180 INFO /home/mbr-python/.local/bin/bench version
2024-09-02 16:11:32,786 INFO /home/mbr-python/.local/bin/bench --site prop.com build
2024-09-02 16:12:47,784 INFO /home/mbr-python/.local/bin/bench --site prop.com migrate
2024-09-02 16:12:55,167 INFO /home/mbr-python/.local/bin/bench start
2024-09-02 16:12:55,534 INFO /home/mbr-python/.local/bin/bench serve --port 8000
2024-09-02 16:12:55,540 INFO /home/mbr-python/.local/bin/bench worker
2024-09-02 16:12:55,563 INFO /home/mbr-python/.local/bin/bench watch
2024-09-02 16:12:55,579 INFO /home/mbr-python/.local/bin/bench schedule
2024-09-02 16:13:04,048 INFO /home/mbr-python/.local/bin/bench start
2024-09-02 16:13:04,279 INFO /home/mbr-python/.local/bin/bench schedule
2024-09-02 16:13:04,288 INFO /home/mbr-python/.local/bin/bench worker
2024-09-02 16:13:04,292 INFO /home/mbr-python/.local/bin/bench watch
2024-09-02 16:13:04,328 INFO /home/mbr-python/.local/bin/bench serve --port 8000
2024-09-02 16:13:06,290 INFO /home/mbr-python/.local/bin/bench start
2024-09-02 16:13:06,521 INFO /home/mbr-python/.local/bin/bench worker
2024-09-02 16:13:06,521 INFO /home/mbr-python/.local/bin/bench watch
2024-09-02 16:13:06,529 INFO /home/mbr-python/.local/bin/bench schedule
2024-09-02 16:13:06,570 INFO /home/mbr-python/.local/bin/bench serve --port 8000
2024-09-02 16:13:41,951 INFO /home/mbr-python/.local/bin/bench start
2024-09-02 16:13:42,248 INFO /home/mbr-python/.local/bin/bench watch
2024-09-02 16:13:42,248 INFO /home/mbr-python/.local/bin/bench worker
2024-09-02 16:13:42,253 INFO /home/mbr-python/.local/bin/bench serve --port 8000
2024-09-02 16:13:42,259 INFO /home/mbr-python/.local/bin/bench schedule
2024-09-02 16:14:33,299 INFO /home/mbr-python/.local/bin/bench start
2024-09-02 16:14:33,537 INFO /home/mbr-python/.local/bin/bench serve --port 8000
2024-09-02 16:14:33,546 INFO /home/mbr-python/.local/bin/bench worker
2024-09-02 16:14:33,574 INFO /home/mbr-python/.local/bin/bench watch
2024-09-02 16:14:33,586 INFO /home/mbr-python/.local/bin/bench schedule
2024-09-02 16:14:37,823 INFO /home/mbr-python/.local/bin/bench --site prop.com migrate
2024-09-02 16:15:26,583 INFO /home/mbr-python/.local/bin/bench --site prop.com clear-cache
2024-09-02 16:15:34,204 INFO /home/mbr-python/.local/bin/bench start
2024-09-02 16:15:34,451 INFO /home/mbr-python/.local/bin/bench watch
2024-09-02 16:15:34,474 INFO /home/mbr-python/.local/bin/bench schedule
2024-09-02 16:15:34,490 INFO /home/mbr-python/.local/bin/bench serve --port 8000
2024-09-02 16:15:34,496 INFO /home/mbr-python/.local/bin/bench worker
2024-09-02 16:23:17,600 INFO /home/mbr-python/.local/bin/bench start
2024-09-02 16:23:17,951 INFO /home/mbr-python/.local/bin/bench watch
2024-09-02 16:23:17,957 INFO /home/mbr-python/.local/bin/bench serve --port 8000
2024-09-02 16:23:17,989 INFO /home/mbr-python/.local/bin/bench schedule
2024-09-02 16:23:17,994 INFO /home/mbr-python/.local/bin/bench worker
2024-09-02 16:24:27,064 INFO /home/mbr-python/.local/bin/bench --site prop.com restore /home/mbr-python/Django/proplahrmsnew/frappe-bench/sites/prop.com/private/backups/20240902_134054-prop_com-database.sql.gz
2024-09-02 16:24:54,564 INFO /home/mbr-python/.local/bin/bench --site prop.com migrate
2024-09-02 16:25:11,893 INFO /home/mbr-python/.local/bin/bench start
2024-09-02 16:25:12,149 INFO /home/mbr-python/.local/bin/bench serve --port 8000
2024-09-02 16:25:12,152 INFO /home/mbr-python/.local/bin/bench schedule
2024-09-02 16:25:12,167 INFO /home/mbr-python/.local/bin/bench watch
2024-09-02 16:25:12,174 INFO /home/mbr-python/.local/bin/bench worker
2024-09-02 16:45:15,486 INFO /home/mbr-python/.local/bin/bench start
2024-09-02 16:45:15,725 INFO /home/mbr-python/.local/bin/bench watch
2024-09-02 16:45:15,725 INFO /home/mbr-python/.local/bin/bench schedule
2024-09-02 16:45:15,731 INFO /home/mbr-python/.local/bin/bench worker
2024-09-02 16:45:15,760 INFO /home/mbr-python/.local/bin/bench serve --port 8000
2024-09-02 16:46:33,406 INFO /home/mbr-python/.local/bin/bench --site prop.com migrate
2024-09-02 17:33:53,569 INFO /home/mbr-python/.local/bin/bench --site prop.com migrate
2024-09-02 18:00:01,903 INFO /home/mbr-python/.local/bin/bench --verbose --site all backup
2024-09-03 10:43:03,980 INFO /home/mbr-python/.local/bin/bench start
2024-09-03 10:43:04,309 INFO /home/mbr-python/.local/bin/bench watch
2024-09-03 10:43:04,332 INFO /home/mbr-python/.local/bin/bench schedule
2024-09-03 10:43:04,333 INFO /home/mbr-python/.local/bin/bench worker
2024-09-03 10:43:04,339 INFO /home/mbr-python/.local/bin/bench serve --port 8000
2024-09-03 12:00:01,520 INFO /home/mbr-python/.local/bin/bench --verbose --site all backup
2024-09-03 12:36:59,866 INFO /usr/local/bin/bench setup production dcode-frappe
2024-09-03 12:36:59,875 DEBUG sudo /usr/bin/python3 -m pip install ansible
2024-09-03 12:37:29,466 DEBUG bench setup role fail2ban
2024-09-03 12:37:30,454 INFO /usr/local/bin/bench setup role fail2ban
2024-09-03 12:38:01,437 INFO A newer version of bench is available: 5.22.6 → 5.22.9
2024-09-03 12:38:01,468 LOG Updated supervisord.conf: 'chmod' changed from '0700                       ; sockef file mode (default 0700)' to '0760'
2024-09-03 12:38:01,468 LOG Updated supervisord.conf: 'chown' changed from '' to 'dcode-frappe:dcode-frappe'
2024-09-03 12:38:01,620 WARNING /usr/local/bin/bench setup production dcode-frappe executed with exit code 1
2024-09-03 12:38:01,731 INFO A newer version of bench is available: 5.22.6 → 5.22.9
2024-09-03 12:38:21,358 INFO /home/mbr-python/.local/bin/bench restart
2024-09-03 12:38:38,512 DEBUG cd /home/mbr-python/Django/proplahrmsnew/frappe-bench && sudo supervisorctl restart frappe:
2024-09-03 12:38:39,182 WARNING cd /home/mbr-python/Django/proplahrmsnew/frappe-bench && sudo supervisorctl restart frappe: executed with exit code 2
2024-09-03 12:38:39,183 WARNING /home/mbr-python/.local/bin/bench restart executed with exit code 1
2024-09-03 12:38:39,876 INFO A newer version of bench is available: 5.22.8 → 5.22.9
2024-09-03 12:38:45,350 INFO /usr/local/bin/bench setup production dcode-frappe
2024-09-03 12:38:45,356 LOG Updated supervisord.conf: 'chmod' changed from '0700                       ; sockef file mode (default 0700)' to '0760'
2024-09-03 12:38:45,356 LOG Updated supervisord.conf: 'chown' changed from '' to 'dcode-frappe:dcode-frappe'
2024-09-03 12:38:53,520 WARNING /usr/local/bin/bench setup production dcode-frappe executed with exit code 1
2024-09-03 12:38:53,621 INFO A newer version of bench is available: 5.22.6 → 5.22.9
2024-09-03 12:39:03,223 INFO /home/mbr-python/.local/bin/bench restart
2024-09-03 12:39:03,494 DEBUG cd /home/mbr-python/Django/proplahrmsnew/frappe-bench && sudo supervisorctl restart frappe:
2024-09-03 12:39:03,630 WARNING cd /home/mbr-python/Django/proplahrmsnew/frappe-bench && sudo supervisorctl restart frappe: executed with exit code 2
2024-09-03 12:39:03,630 WARNING /home/mbr-python/.local/bin/bench restart executed with exit code 1
2024-09-03 12:39:03,733 INFO A newer version of bench is available: 5.22.8 → 5.22.9
2024-09-03 12:39:21,525 INFO /home/mbr-python/.local/bin/bench start
2024-09-03 12:39:21,765 INFO /home/mbr-python/.local/bin/bench schedule
2024-09-03 12:39:21,799 INFO /home/mbr-python/.local/bin/bench serve --port 8000
2024-09-03 12:39:21,805 INFO /home/mbr-python/.local/bin/bench worker
2024-09-03 12:39:21,807 INFO /home/mbr-python/.local/bin/bench watch
2024-09-03 18:00:02,208 INFO /home/mbr-python/.local/bin/bench --verbose --site all backup
2024-09-03 18:52:47,515 INFO /home/mbr-python/.local/bin/bench start
2024-09-03 18:53:01,131 INFO /home/mbr-python/.local/bin/bench start
2024-09-03 18:53:01,412 INFO /home/mbr-python/.local/bin/bench schedule
2024-09-03 18:53:01,426 INFO /home/mbr-python/.local/bin/bench serve --port 8000
2024-09-03 18:53:01,435 INFO /home/mbr-python/.local/bin/bench worker
2024-09-03 18:53:01,458 INFO /home/mbr-python/.local/bin/bench watch
2024-09-03 19:19:21,849 INFO /home/mbr-python/.local/bin/bench start
2024-09-03 19:19:22,111 INFO /home/mbr-python/.local/bin/bench serve --port 8000
2024-09-03 19:19:22,130 INFO /home/mbr-python/.local/bin/bench schedule
2024-09-03 19:19:22,130 INFO /home/mbr-python/.local/bin/bench worker
2024-09-03 19:19:22,141 INFO /home/mbr-python/.local/bin/bench watch
2024-09-03 19:58:40,988 INFO /home/mbr-python/.local/bin/bench --site prop.com migrate
2024-09-04 10:24:52,266 INFO /home/mbr-python/.local/bin/bench start
2024-09-04 10:24:52,514 INFO /home/mbr-python/.local/bin/bench watch
2024-09-04 10:24:52,514 INFO /home/mbr-python/.local/bin/bench serve --port 8000
2024-09-04 10:24:52,523 INFO /home/mbr-python/.local/bin/bench worker
2024-09-04 10:24:52,551 INFO /home/mbr-python/.local/bin/bench schedule
2024-09-04 11:24:41,091 INFO /home/mbr-python/.local/bin/bench --site prop.com migrate
2024-09-04 11:24:56,664 INFO /home/mbr-python/.local/bin/bench --site prop.com migrate
2024-09-04 12:00:01,317 INFO /home/mbr-python/.local/bin/bench --verbose --site all backup
2024-09-04 15:14:35,567 INFO /home/mbr-python/.local/bin/bench --site prop.com backup
2024-09-04 18:00:01,811 INFO /home/mbr-python/.local/bin/bench --verbose --site all backup
2024-09-05 10:46:39,872 INFO /home/mbr-python/.local/bin/bench start
2024-09-05 10:46:40,131 INFO /home/mbr-python/.local/bin/bench schedule
2024-09-05 10:46:40,133 INFO /home/mbr-python/.local/bin/bench watch
2024-09-05 10:46:40,145 INFO /home/mbr-python/.local/bin/bench serve --port 8000
2024-09-05 10:46:40,154 INFO /home/mbr-python/.local/bin/bench worker
2024-09-05 12:00:01,479 INFO /home/mbr-python/.local/bin/bench --verbose --site all backup
2024-09-05 15:10:16,614 INFO /home/mbr-python/.local/bin/bench --site prop.com backup
2024-09-05 17:31:41,147 INFO /home/mbr-python/.local/bin/bench start
2024-09-05 17:31:47,984 INFO /home/mbr-python/.local/bin/bench start
2024-09-05 17:32:56,230 INFO /home/mbr-python/.local/bin/bench start
2024-09-05 17:34:02,818 INFO /home/mbr-python/.local/bin/bench start
2024-09-05 17:35:57,029 INFO /home/mbr-python/.local/bin/bench start
2024-09-05 17:35:57,275 INFO /home/mbr-python/.local/bin/bench schedule
2024-09-05 17:35:57,276 INFO /home/mbr-python/.local/bin/bench watch
2024-09-05 17:35:57,309 INFO /home/mbr-python/.local/bin/bench serve --port 8000
2024-09-05 17:35:57,315 INFO /home/mbr-python/.local/bin/bench worker
2024-09-05 18:00:01,474 INFO /home/mbr-python/.local/bin/bench --verbose --site all backup
2024-09-06 11:42:57,205 INFO /home/mbr-python/.local/bin/bench start
2024-09-06 11:42:57,457 INFO /home/mbr-python/.local/bin/bench watch
2024-09-06 11:42:57,460 INFO /home/mbr-python/.local/bin/bench schedule
2024-09-06 11:42:57,493 INFO /home/mbr-python/.local/bin/bench worker
2024-09-06 11:42:57,497 INFO /home/mbr-python/.local/bin/bench serve --port 8000
2024-09-06 12:00:01,583 INFO /home/mbr-python/.local/bin/bench --verbose --site all backup
2024-09-06 18:00:01,942 INFO /home/mbr-python/.local/bin/bench --verbose --site all backup
2024-09-07 00:00:01,226 INFO /home/mbr-python/.local/bin/bench --verbose --site all backup
2024-09-07 06:00:02,025 INFO /home/mbr-python/.local/bin/bench --verbose --site all backup
2024-09-07 12:00:01,570 INFO /home/mbr-python/.local/bin/bench --verbose --site all backup
2024-09-07 18:00:01,376 INFO /home/mbr-python/.local/bin/bench --verbose --site all backup
2024-09-08 00:00:02,061 INFO /home/mbr-python/.local/bin/bench --verbose --site all backup
2024-09-08 06:00:01,616 INFO /home/mbr-python/.local/bin/bench --verbose --site all backup
2024-09-08 12:00:01,971 INFO /home/mbr-python/.local/bin/bench --verbose --site all backup
2024-09-08 18:00:01,260 INFO /home/mbr-python/.local/bin/bench --verbose --site all backup
2024-09-09 00:00:01,217 INFO /home/mbr-python/.local/bin/bench --verbose --site all backup
2024-09-09 06:00:01,376 INFO /home/mbr-python/.local/bin/bench --verbose --site all backup
2024-09-09 12:00:01,922 INFO /home/mbr-python/.local/bin/bench --verbose --site all backup
2024-09-09 18:00:01,883 INFO /home/mbr-python/.local/bin/bench --verbose --site all backup
2024-09-10 00:00:01,523 INFO /home/mbr-python/.local/bin/bench --verbose --site all backup
2024-09-10 06:00:01,805 INFO /home/mbr-python/.local/bin/bench --verbose --site all backup
2024-09-10 12:00:02,098 INFO /home/mbr-python/.local/bin/bench --verbose --site all backup
2024-09-10 12:16:48,738 INFO /home/mbr-python/.local/bin/bench --site prop.com migrate
2024-09-10 16:32:55,868 INFO /home/mbr-python/.local/bin/bench start
2024-09-10 16:32:56,171 INFO /home/mbr-python/.local/bin/bench watch
2024-09-10 16:32:56,176 INFO /home/mbr-python/.local/bin/bench worker
2024-09-10 16:32:56,187 INFO /home/mbr-python/.local/bin/bench serve --port 8000
2024-09-10 16:32:56,189 INFO /home/mbr-python/.local/bin/bench schedule
2024-09-10 16:40:26,896 INFO /home/mbr-python/.local/bin/bench start
2024-09-10 16:40:27,142 INFO /home/mbr-python/.local/bin/bench worker
2024-09-10 16:40:27,145 INFO /home/mbr-python/.local/bin/bench watch
2024-09-10 16:40:27,148 INFO /home/mbr-python/.local/bin/bench schedule
2024-09-10 16:40:27,158 INFO /home/mbr-python/.local/bin/bench serve --port 8000
2024-09-10 18:00:01,919 INFO /home/mbr-python/.local/bin/bench --verbose --site all backup
2024-09-11 12:00:01,267 INFO /home/mbr-python/.local/bin/bench --verbose --site all backup
2024-09-11 13:00:41,233 INFO /home/mbr-python/.local/bin/bench start
2024-09-11 13:00:41,489 INFO /home/mbr-python/.local/bin/bench serve --port 8000
2024-09-11 13:00:41,494 INFO /home/mbr-python/.local/bin/bench schedule
2024-09-11 13:00:41,505 INFO /home/mbr-python/.local/bin/bench worker
2024-09-11 13:00:41,505 INFO /home/mbr-python/.local/bin/bench watch
2024-09-11 18:00:01,970 INFO /home/mbr-python/.local/bin/bench --verbose --site all backup
2024-09-12 12:00:01,198 INFO /home/mbr-python/.local/bin/bench --verbose --site all backup
2024-09-12 15:47:11,744 INFO /home/mbr-python/.local/bin/bench start
2024-09-12 15:48:29,441 INFO /home/mbr-python/.local/bin/bench start
2024-09-12 15:48:29,670 INFO /home/mbr-python/.local/bin/bench schedule
2024-09-12 15:48:29,682 INFO /home/mbr-python/.local/bin/bench worker
2024-09-12 15:48:29,718 INFO /home/mbr-python/.local/bin/bench watch
2024-09-12 15:48:29,723 INFO /home/mbr-python/.local/bin/bench serve --port 8000
2024-09-12 18:00:01,983 INFO /home/mbr-python/.local/bin/bench --verbose --site all backup
2024-09-12 18:28:45,024 INFO /home/mbr-python/.local/bin/bench start
2024-09-12 18:28:45,255 INFO /home/mbr-python/.local/bin/bench watch
2024-09-12 18:28:45,291 INFO /home/mbr-python/.local/bin/bench schedule
2024-09-12 18:28:45,301 INFO /home/mbr-python/.local/bin/bench serve --port 8000
2024-09-12 18:28:45,302 INFO /home/mbr-python/.local/bin/bench worker
2024-09-12 19:45:12,265 INFO /home/mbr-python/.local/bin/bench start
2024-09-12 19:45:12,511 INFO /home/mbr-python/.local/bin/bench worker
2024-09-12 19:45:12,543 INFO /home/mbr-python/.local/bin/bench serve --port 8000
2024-09-12 19:45:12,558 INFO /home/mbr-python/.local/bin/bench watch
2024-09-12 19:45:12,568 INFO /home/mbr-python/.local/bin/bench schedule
2024-09-13 11:15:01,992 INFO /home/mbr-python/.local/bin/bench start
2024-09-13 11:15:02,272 INFO /home/mbr-python/.local/bin/bench serve --port 8000
2024-09-13 11:15:02,274 INFO /home/mbr-python/.local/bin/bench schedule
2024-09-13 11:15:02,279 INFO /home/mbr-python/.local/bin/bench worker
2024-09-13 11:15:02,282 INFO /home/mbr-python/.local/bin/bench watch
2024-09-13 11:16:57,300 INFO /home/mbr-python/.local/bin/bench start
2024-09-13 11:16:57,539 INFO /home/mbr-python/.local/bin/bench serve --port 8000
2024-09-13 11:16:57,586 INFO /home/mbr-python/.local/bin/bench schedule
2024-09-13 11:16:57,590 INFO /home/mbr-python/.local/bin/bench watch
2024-09-13 11:16:57,602 INFO /home/mbr-python/.local/bin/bench worker
2024-09-13 12:00:01,699 INFO /home/mbr-python/.local/bin/bench --verbose --site all backup
2024-09-13 18:00:01,626 INFO /home/mbr-python/.local/bin/bench --verbose --site all backup
2024-09-14 10:10:00,626 INFO /home/mbr-python/.local/bin/bench start
2024-09-14 10:10:01,034 INFO /home/mbr-python/.local/bin/bench worker
2024-09-14 10:10:01,035 INFO /home/mbr-python/.local/bin/bench serve --port 8000
2024-09-14 10:10:01,055 INFO /home/mbr-python/.local/bin/bench watch
2024-09-14 10:10:01,056 INFO /home/mbr-python/.local/bin/bench schedule
2024-09-14 12:00:01,752 INFO /home/mbr-python/.local/bin/bench --verbose --site all backup
2024-09-14 13:48:55,720 INFO /home/mbr-python/.local/bin/bench start
2024-09-14 13:49:26,523 INFO /home/mbr-python/.local/bin/bench start
2024-09-14 13:49:26,751 INFO /home/mbr-python/.local/bin/bench serve --port 8000
2024-09-14 13:49:26,757 INFO /home/mbr-python/.local/bin/bench schedule
2024-09-14 13:49:26,767 INFO /home/mbr-python/.local/bin/bench worker
2024-09-14 13:49:26,789 INFO /home/mbr-python/.local/bin/bench watch
2024-09-14 15:26:35,289 INFO /home/mbr-python/.local/bin/bench start
2024-09-14 15:26:55,235 INFO /home/mbr-python/.local/bin/bench start
2024-09-14 15:27:24,781 INFO /home/mbr-python/.local/bin/bench start
2024-09-14 15:27:56,822 INFO /home/mbr-python/.local/bin/bench start
2024-09-14 15:27:57,050 INFO /home/mbr-python/.local/bin/bench serve --port 8000
2024-09-14 15:27:57,060 INFO /home/mbr-python/.local/bin/bench worker
2024-09-14 15:27:57,090 INFO /home/mbr-python/.local/bin/bench watch
2024-09-14 15:27:57,100 INFO /home/mbr-python/.local/bin/bench schedule
2024-09-14 18:00:01,880 INFO /home/mbr-python/.local/bin/bench --verbose --site all backup
2024-09-16 12:00:01,357 INFO /home/mbr-python/.local/bin/bench --verbose --site all backup
2024-09-16 13:56:07,130 INFO /home/mbr-python/.local/bin/bench --site prop.com backup
2024-09-16 13:56:28,654 INFO /home/mbr-python/.local/bin/bench start
2024-09-16 13:56:28,926 INFO /home/mbr-python/.local/bin/bench worker
2024-09-16 13:56:28,948 INFO /home/mbr-python/.local/bin/bench serve --port 8000
2024-09-16 13:56:28,959 INFO /home/mbr-python/.local/bin/bench watch
2024-09-16 13:56:28,967 INFO /home/mbr-python/.local/bin/bench schedule
2024-09-16 13:56:42,743 INFO /home/mbr-python/.local/bin/bench --site prop.com backup
2024-09-16 13:58:40,808 INFO /home/mbr-python/.local/bin/bench --site prop.com backup
2024-09-16 13:58:54,772 INFO /home/mbr-python/.local/bin/bench --site prop.com --force backup
2024-09-16 13:59:09,555 INFO /home/mbr-python/.local/bin/bench --site prop.com backup
2024-09-16 14:01:37,338 INFO /home/mbr-python/.local/bin/bench --site prop.com backup
2024-09-16 14:01:57,037 INFO /home/mbr-python/.local/bin/bench --site prop.com migrate
2024-09-16 15:05:58,532 INFO /home/mbr-python/.local/bin/bench --site prop.com migrate
2024-09-16 15:06:08,657 INFO /home/mbr-python/.local/bin/bench --site prop.com backup
2024-09-16 15:07:01,240 INFO /home/mbr-python/.local/bin/bench --site prop.com backup
2024-09-16 15:19:51,023 INFO /home/mbr-python/.local/bin/bench --site prop.com migrate
2024-09-16 15:22:24,837 INFO /home/mbr-python/.local/bin/bench --site prop.com migrate
2024-09-16 18:00:01,836 INFO /home/mbr-python/.local/bin/bench --verbose --site all backup
2024-09-16 18:04:40,550 INFO /home/mbr-python/.local/bin/bench --site prop.com migrate
2024-09-16 18:06:12,819 INFO /home/mbr-python/.local/bin/bench start
2024-09-16 18:06:13,219 INFO /home/mbr-python/.local/bin/bench schedule
2024-09-16 18:06:13,222 INFO /home/mbr-python/.local/bin/bench worker --queue long --quiet
2024-09-16 18:06:13,226 INFO /home/mbr-python/.local/bin/bench worker
2024-09-16 18:06:13,229 INFO /home/mbr-python/.local/bin/bench worker --queue short --quiet
2024-09-16 18:06:13,232 INFO /home/mbr-python/.local/bin/bench watch
2024-09-16 18:06:13,250 INFO /home/mbr-python/.local/bin/bench worker --queue email --quiet
2024-09-16 18:06:13,255 INFO /home/mbr-python/.local/bin/bench serve --port 8000
2024-09-16 18:08:57,296 INFO /home/mbr-python/.local/bin/bench start
2024-09-16 18:08:57,588 INFO /home/mbr-python/.local/bin/bench watch
2024-09-16 18:08:57,594 INFO /home/mbr-python/.local/bin/bench schedule
2024-09-16 18:08:57,608 INFO /home/mbr-python/.local/bin/bench worker --queue short --queue default --timeout 300
2024-09-16 18:08:57,610 INFO /home/mbr-python/.local/bin/bench serve --port 8000
2024-09-16 18:08:57,613 INFO /home/mbr-python/.local/bin/bench worker
2024-09-16 18:09:26,567 INFO /home/mbr-python/.local/bin/bench start
2024-09-16 18:09:26,846 INFO /home/mbr-python/.local/bin/bench worker --queue default --queue long --queue short
2024-09-16 18:09:26,861 INFO /home/mbr-python/.local/bin/bench watch
2024-09-16 18:09:26,871 INFO /home/mbr-python/.local/bin/bench schedule
2024-09-16 18:09:26,878 INFO /home/mbr-python/.local/bin/bench serve --port 8000
2024-09-16 18:09:26,882 INFO /home/mbr-python/.local/bin/bench worker
2024-09-16 18:11:53,705 INFO /home/mbr-python/.local/bin/bench start
2024-09-16 18:11:54,060 INFO /home/mbr-python/.local/bin/bench serve --port 8000
2024-09-16 18:11:54,063 INFO /home/mbr-python/.local/bin/bench watch
2024-09-16 18:11:54,088 INFO /home/mbr-python/.local/bin/bench worker --queue default --queue short --queue long
2024-09-16 18:11:54,103 INFO /home/mbr-python/.local/bin/bench worker
2024-09-16 18:11:54,113 INFO /home/mbr-python/.local/bin/bench schedule
2024-09-16 18:16:27,781 INFO /home/mbr-python/.local/bin/bench start
2024-09-16 18:16:28,184 INFO /home/mbr-python/.local/bin/bench worker
2024-09-16 18:16:28,186 INFO /home/mbr-python/.local/bin/bench worker --queue long
2024-09-16 18:16:28,200 INFO /home/mbr-python/.local/bin/bench serve --port 8000
2024-09-16 18:16:28,208 INFO /home/mbr-python/.local/bin/bench schedule
2024-09-16 18:16:28,210 INFO /home/mbr-python/.local/bin/bench watch
2024-09-16 18:16:28,213 INFO /home/mbr-python/.local/bin/bench worker --queue short
2024-09-16 18:16:28,282 INFO /home/mbr-python/.local/bin/bench worker --queue short
2024-09-16 18:16:28,295 INFO /home/mbr-python/.local/bin/bench worker --queue default
2024-09-16 18:31:32,626 INFO /home/mbr-python/.local/bin/bench --site prop.com migrate
2024-09-16 18:31:49,578 INFO /home/mbr-python/.local/bin/bench start
2024-09-16 18:31:49,987 INFO /home/mbr-python/.local/bin/bench watch
2024-09-16 18:31:49,991 INFO /home/mbr-python/.local/bin/bench worker --queue short
2024-09-16 18:31:50,006 INFO /home/mbr-python/.local/bin/bench worker --queue short
2024-09-16 18:31:50,007 INFO /home/mbr-python/.local/bin/bench serve --port 8000
2024-09-16 18:31:50,027 INFO /home/mbr-python/.local/bin/bench worker --queue default
2024-09-16 18:31:50,051 INFO /home/mbr-python/.local/bin/bench worker
2024-09-16 18:31:50,068 INFO /home/mbr-python/.local/bin/bench worker --queue long
2024-09-16 18:31:50,089 INFO /home/mbr-python/.local/bin/bench schedule
2024-09-16 18:39:57,248 INFO /home/mbr-python/.local/bin/bench start
2024-09-16 18:39:57,596 INFO /home/mbr-python/.local/bin/bench serve --port 8000
2024-09-16 18:39:57,610 INFO /home/mbr-python/.local/bin/bench watch
2024-09-16 18:39:57,618 INFO /home/mbr-python/.local/bin/bench schedule
2024-09-16 18:39:57,623 INFO /home/mbr-python/.local/bin/bench worker --queue short --queue default --queue long
2024-09-16 18:39:57,627 INFO /home/mbr-python/.local/bin/bench worker
2024-09-16 18:55:34,221 INFO /home/mbr-python/.local/bin/bench start
2024-09-16 18:55:34,554 INFO /home/mbr-python/.local/bin/bench worker --queue short
2024-09-16 18:55:34,574 INFO /home/mbr-python/.local/bin/bench worker
2024-09-16 18:55:34,578 INFO /home/mbr-python/.local/bin/bench schedule
2024-09-16 18:55:34,599 INFO /home/mbr-python/.local/bin/bench serve --port 8000
2024-09-16 18:55:34,601 INFO /home/mbr-python/.local/bin/bench watch
2024-09-16 18:59:10,296 INFO /home/mbr-python/.local/bin/bench doctor
2024-09-16 18:59:54,854 INFO /home/mbr-python/.local/bin/bench --site prop.com set-config enable_scheduler 1
2024-09-16 19:00:56,255 INFO /home/mbr-python/.local/bin/bench doctor
2024-09-16 19:01:16,963 INFO /home/mbr-python/.local/bin/bench start
2024-09-16 19:01:17,376 INFO /home/mbr-python/.local/bin/bench worker --queue short
2024-09-16 19:01:17,390 INFO /home/mbr-python/.local/bin/bench serve --port 8000
2024-09-16 19:01:17,391 INFO /home/mbr-python/.local/bin/bench watch
2024-09-16 19:01:17,397 INFO /home/mbr-python/.local/bin/bench worker
2024-09-16 19:01:17,421 INFO /home/mbr-python/.local/bin/bench schedule
2024-09-16 19:12:42,258 INFO /home/mbr-python/.local/bin/bench start
2024-09-16 19:12:42,548 INFO /home/mbr-python/.local/bin/bench worker
2024-09-16 19:12:42,549 INFO /home/mbr-python/.local/bin/bench schedule
2024-09-16 19:12:42,566 INFO /home/mbr-python/.local/bin/bench serve --port 8000
2024-09-16 19:12:42,582 INFO /home/mbr-python/.local/bin/bench watch
2024-09-16 19:12:42,584 INFO /home/mbr-python/.local/bin/bench worker --queue short
2024-09-17 11:24:53,221 INFO /home/mbr-python/.local/bin/bench start
2024-09-17 11:24:53,538 INFO /home/mbr-python/.local/bin/bench worker
2024-09-17 11:24:53,573 INFO /home/mbr-python/.local/bin/bench watch
2024-09-17 11:24:53,578 INFO /home/mbr-python/.local/bin/bench schedule
2024-09-17 11:24:53,582 INFO /home/mbr-python/.local/bin/bench serve --port 8000
2024-09-17 11:24:53,583 INFO /home/mbr-python/.local/bin/bench worker --queue short
2024-09-17 11:44:05,924 INFO /home/mbr-python/.local/bin/bench start
2024-09-17 11:44:06,224 INFO /home/mbr-python/.local/bin/bench schedule
2024-09-17 11:44:06,252 INFO /home/mbr-python/.local/bin/bench worker
2024-09-17 11:44:06,262 INFO /home/mbr-python/.local/bin/bench watch
2024-09-17 11:44:06,275 INFO /home/mbr-python/.local/bin/bench serve --port 8000
2024-09-17 11:44:06,287 INFO /home/mbr-python/.local/bin/bench worker --queue short
2024-09-17 11:49:11,191 INFO /home/mbr-python/.local/bin/bench --site prop.com console
2024-09-17 11:50:07,829 INFO /home/mbr-python/.local/bin/bench --site prop.com execute frappe.email.queue.flush
2024-09-17 11:50:29,017 INFO /home/mbr-python/.local/bin/bench start
2024-09-17 11:50:29,323 INFO /home/mbr-python/.local/bin/bench serve --port 8000
2024-09-17 11:50:29,330 INFO /home/mbr-python/.local/bin/bench worker
2024-09-17 11:50:29,333 INFO /home/mbr-python/.local/bin/bench worker --queue short
2024-09-17 11:50:29,344 INFO /home/mbr-python/.local/bin/bench schedule
2024-09-17 11:50:29,345 INFO /home/mbr-python/.local/bin/bench watch
2024-09-17 12:00:01,239 INFO /home/mbr-python/.local/bin/bench --verbose --site all backup
2024-09-17 12:08:51,405 INFO /home/mbr-python/.local/bin/bench --site prop.com console
2024-09-17 12:19:29,823 INFO /home/mbr-python/.local/bin/bench start
2024-09-17 12:19:30,167 INFO /home/mbr-python/.local/bin/bench watch
2024-09-17 12:19:30,182 INFO /home/mbr-python/.local/bin/bench worker --queue short
2024-09-17 12:19:30,203 INFO /home/mbr-python/.local/bin/bench serve --port 8000
2024-09-17 12:19:30,218 INFO /home/mbr-python/.local/bin/bench worker
2024-09-17 12:19:30,242 INFO /home/mbr-python/.local/bin/bench schedule
2024-09-17 12:19:54,292 INFO /home/mbr-python/.local/bin/bench --site prop.com console
2024-09-17 12:21:38,689 INFO /home/mbr-python/.local/bin/bench --site prop.com migrate
2024-09-17 12:21:51,674 INFO /home/mbr-python/.local/bin/bench start
2024-09-17 12:21:52,039 INFO /home/mbr-python/.local/bin/bench worker --queue short
2024-09-17 12:21:52,040 INFO /home/mbr-python/.local/bin/bench worker
2024-09-17 12:21:52,041 INFO /home/mbr-python/.local/bin/bench serve --port 8000
2024-09-17 12:21:52,047 INFO /home/mbr-python/.local/bin/bench schedule
2024-09-17 12:21:52,052 INFO /home/mbr-python/.local/bin/bench watch
2024-09-17 12:24:16,578 INFO /home/mbr-python/.local/bin/bench --site prop.com console
2024-09-17 12:41:49,653 INFO /home/mbr-python/.local/bin/bench start
2024-09-17 12:41:49,960 INFO /home/mbr-python/.local/bin/bench schedule
2024-09-17 12:41:49,998 INFO /home/mbr-python/.local/bin/bench serve --port 8000
2024-09-17 12:41:50,002 INFO /home/mbr-python/.local/bin/bench watch
2024-09-17 12:41:50,003 INFO /home/mbr-python/.local/bin/bench worker
2024-09-17 12:41:50,011 INFO /home/mbr-python/.local/bin/bench worker --queue short
2024-09-17 12:46:45,661 INFO /home/mbr-python/.local/bin/bench --site prop.com console
2024-09-17 12:47:15,036 INFO /home/mbr-python/.local/bin/bench --site prop.com console
2024-09-17 12:47:24,640 INFO /home/mbr-python/.local/bin/bench start
2024-09-17 12:47:24,997 INFO /home/mbr-python/.local/bin/bench serve --port 8000
2024-09-17 12:47:25,010 INFO /home/mbr-python/.local/bin/bench watch
2024-09-17 12:47:25,012 INFO /home/mbr-python/.local/bin/bench worker
2024-09-17 12:47:25,022 INFO /home/mbr-python/.local/bin/bench worker --queue short
2024-09-17 12:47:25,032 INFO /home/mbr-python/.local/bin/bench schedule
2024-09-17 13:01:48,543 INFO /home/mbr-python/.local/bin/bench restart
2024-09-17 13:01:54,775 DEBUG cd /home/mbr-python/Django/proplahrmsnew/frappe-bench && sudo supervisorctl restart frappe:
2024-09-17 13:01:54,930 WARNING cd /home/mbr-python/Django/proplahrmsnew/frappe-bench && sudo supervisorctl restart frappe: executed with exit code 2
2024-09-17 13:01:54,930 WARNING /home/mbr-python/.local/bin/bench restart executed with exit code 1
2024-09-17 13:02:22,736 INFO /home/mbr-python/.local/bin/bench start
2024-09-17 13:02:23,022 INFO /home/mbr-python/.local/bin/bench worker --queue short
2024-09-17 13:02:23,032 INFO /home/mbr-python/.local/bin/bench serve --port 8000
2024-09-17 13:02:23,034 INFO /home/mbr-python/.local/bin/bench schedule
2024-09-17 13:02:23,055 INFO /home/mbr-python/.local/bin/bench watch
2024-09-17 13:02:23,070 INFO /home/mbr-python/.local/bin/bench worker
2024-09-17 13:02:43,094 INFO /home/mbr-python/.local/bin/bench --site prop.com console
2024-09-17 13:09:43,169 INFO /home/mbr-python/.local/bin/bench start
2024-09-17 13:09:43,506 INFO /home/mbr-python/.local/bin/bench schedule
2024-09-17 13:09:43,514 INFO /home/mbr-python/.local/bin/bench worker
2024-09-17 13:09:43,545 INFO /home/mbr-python/.local/bin/bench serve --port 8000
2024-09-17 13:09:43,556 INFO /home/mbr-python/.local/bin/bench watch
2024-09-17 13:14:14,659 INFO /home/mbr-python/.local/bin/bench doctor
2024-09-17 13:14:49,609 INFO /home/mbr-python/.local/bin/bench execute frappe.core.doctype.system_settings.system_settings.set_scheduler_enabled
2024-09-17 13:15:39,357 INFO /home/mbr-python/.local/bin/bench --site prop.com execute frappe.core.doctype.system_settings.system_settings.set_scheduler_enabled
2024-09-17 13:16:15,823 INFO /home/mbr-python/.local/bin/bench --site prop.com schedule
2024-09-17 13:23:49,261 INFO /home/mbr-python/.local/bin/bench --site your_site_name rebuild
2024-09-17 13:25:13,222 INFO /home/mbr-python/.local/bin/bench --site prop.com migrate
2024-09-17 13:25:29,318 INFO /home/mbr-python/.local/bin/bench start
2024-09-17 13:25:29,583 INFO /home/mbr-python/.local/bin/bench serve --port 8000
2024-09-17 13:25:29,609 INFO /home/mbr-python/.local/bin/bench watch
2024-09-17 13:25:29,625 INFO /home/mbr-python/.local/bin/bench worker
2024-09-17 13:25:29,651 INFO /home/mbr-python/.local/bin/bench schedule
2024-09-17 13:33:25,163 INFO /home/mbr-python/.local/bin/bench start
2024-09-17 13:33:25,495 INFO /home/mbr-python/.local/bin/bench schedule
2024-09-17 13:33:25,497 INFO /home/mbr-python/.local/bin/bench serve --port 8000
2024-09-17 13:33:25,544 INFO /home/mbr-python/.local/bin/bench watch
2024-09-17 13:33:25,550 INFO /home/mbr-python/.local/bin/bench worker
2024-09-17 13:33:47,145 INFO /home/mbr-python/.local/bin/bench --site prop.com console
2024-09-17 13:47:03,824 INFO /home/mbr-python/.local/bin/bench --site prop.com list Email Queue
2024-09-17 13:47:54,132 INFO /home/mbr-python/.local/bin/bench --site prop.com console
2024-09-17 13:51:22,576 INFO /home/mbr-python/.local/bin/bench --site prop.com console
2024-09-17 13:56:51,717 INFO /home/mbr-python/.local/bin/bench start
2024-09-17 13:56:52,024 INFO /home/mbr-python/.local/bin/bench serve --port 8000
2024-09-17 13:56:52,032 INFO /home/mbr-python/.local/bin/bench worker
2024-09-17 13:56:52,062 INFO /home/mbr-python/.local/bin/bench schedule
2024-09-17 13:56:52,081 INFO /home/mbr-python/.local/bin/bench watch
2024-09-17 18:00:01,628 INFO /home/mbr-python/.local/bin/bench --verbose --site all backup
2024-09-17 18:45:18,662 INFO /home/mbr-python/.local/bin/bench start
2024-09-17 18:45:19,021 INFO /home/mbr-python/.local/bin/bench schedule
2024-09-17 18:45:19,027 INFO /home/mbr-python/.local/bin/bench worker
2024-09-17 18:45:19,053 INFO /home/mbr-python/.local/bin/bench serve --port 8000
2024-09-17 18:45:19,062 INFO /home/mbr-python/.local/bin/bench watch
2024-09-18 10:43:39,598 INFO /home/mbr-python/.local/bin/bench start
2024-09-18 10:43:39,856 INFO /home/mbr-python/.local/bin/bench worker
2024-09-18 10:43:39,861 INFO /home/mbr-python/.local/bin/bench serve --port 8000
2024-09-18 10:43:39,862 INFO /home/mbr-python/.local/bin/bench schedule
2024-09-18 10:43:39,866 INFO /home/mbr-python/.local/bin/bench watch
2024-09-18 10:47:42,031 INFO /home/mbr-python/.local/bin/bench doctor
2024-09-18 10:48:30,890 INFO /home/mbr-python/.local/bin/bench --site prop.com scheduler enable
2024-09-18 10:48:47,395 INFO /home/mbr-python/.local/bin/bench --site prop.com scheduler status
2024-09-18 10:49:12,112 INFO /home/mbr-python/.local/bin/bench --site prop.com log --watch
2024-09-18 10:49:23,504 INFO /home/mbr-python/.local/bin/bench --site prop.com list-queue
2024-09-18 10:49:45,432 INFO /home/mbr-python/.local/bin/bench --site prop.com console
2024-09-18 10:51:02,595 INFO /home/mbr-python/.local/bin/bench --site prop.com console
2024-09-18 10:51:45,685 INFO /home/mbr-python/.local/bin/bench --site prop.com scheduler status
2024-09-18 10:53:21,070 INFO /home/mbr-python/.local/bin/bench doctor
2024-09-18 11:51:00,505 INFO /home/mbr-python/.local/bin/bench start
2024-09-18 11:51:00,770 INFO /home/mbr-python/.local/bin/bench watch
2024-09-18 11:51:00,795 INFO /home/mbr-python/.local/bin/bench schedule
2024-09-18 11:51:00,811 INFO /home/mbr-python/.local/bin/bench serve --port 8000
2024-09-18 11:51:00,814 INFO /home/mbr-python/.local/bin/bench worker
2024-09-18 12:00:01,630 INFO /home/mbr-python/.local/bin/bench --verbose --site all backup
2024-09-18 13:18:57,114 INFO /home/mbr-python/.local/bin/bench --site prop.com scheduler status
2024-09-18 13:19:05,287 INFO /home/mbr-python/.local/bin/bench --site prop.com console
2024-09-18 13:54:58,762 INFO /home/mbr-python/.local/bin/bench --site prop.com console
2024-09-18 13:55:07,096 INFO /home/mbr-python/.local/bin/bench --site prop.com scheduler status
2024-09-18 13:56:11,837 INFO /home/mbr-python/.local/bin/bench doctor
2024-09-18 13:56:22,649 INFO /home/mbr-python/.local/bin/bench --site prop.com list-queue
2024-09-18 13:56:39,296 INFO /home/mbr-python/.local/bin/bench --site prop.com list-email-queue
2024-09-18 13:56:43,835 INFO /home/mbr-python/.local/bin/bench --site prop.com list
2024-09-18 13:56:59,337 INFO /home/mbr-python/.local/bin/bench --site prop.com scheduler status
2024-09-18 15:04:19,440 INFO /home/mbr-python/.local/bin/bench --site prop.com scheduler status
2024-09-18 15:04:31,291 INFO /home/mbr-python/.local/bin/bench --site prop.com scheduler status
2024-09-18 15:42:16,982 INFO /home/mbr-python/.local/bin/bench start
2024-09-18 15:42:17,273 INFO /home/mbr-python/.local/bin/bench serve --port 8000
2024-09-18 15:42:17,275 INFO /home/mbr-python/.local/bin/bench schedule
2024-09-18 15:42:17,305 INFO /home/mbr-python/.local/bin/bench watch
2024-09-18 15:42:17,310 INFO /home/mbr-python/.local/bin/bench worker
2024-09-18 15:47:36,928 INFO /home/mbr-python/.local/bin/bench --site prop.com migrate
2024-09-18 15:48:10,516 INFO /home/mbr-python/.local/bin/bench --site prop.com scheduler status
2024-09-18 15:49:30,579 INFO /home/mbr-python/.local/bin/bench --site prop.com email_queue.list
2024-09-18 15:49:45,272 INFO /home/mbr-python/.local/bin/bench --site prop.com worker status
2024-09-18 15:50:28,652 INFO /home/mbr-python/.local/bin/bench --site prop.com execute frappe.email.doctype.email_queue.email_queue.get_emails
2024-09-18 15:50:35,142 INFO /home/mbr-python/.local/bin/bench --site prop.com log worker
2024-09-18 15:50:48,184 INFO /home/mbr-python/.local/bin/bench --site prop.com log
2024-09-18 16:36:39,660 INFO /home/mbr-python/.local/bin/bench start
2024-09-18 16:36:39,959 INFO /home/mbr-python/.local/bin/bench schedule
2024-09-18 16:36:39,995 INFO /home/mbr-python/.local/bin/bench serve --port 8000
2024-09-18 16:36:40,006 INFO /home/mbr-python/.local/bin/bench watch
2024-09-18 16:36:40,008 INFO /home/mbr-python/.local/bin/bench worker
2024-09-18 16:40:43,823 INFO /home/mbr-python/.local/bin/bench --site prop.com scheduler status
2024-09-18 18:00:01,440 INFO /home/mbr-python/.local/bin/bench --verbose --site all backup
2024-09-18 19:29:25,261 INFO /home/mbr-python/.local/bin/bench start
2024-09-18 19:29:25,521 INFO /home/mbr-python/.local/bin/bench schedule
2024-09-18 19:29:25,529 INFO /home/mbr-python/.local/bin/bench watch
2024-09-18 19:29:25,573 INFO /home/mbr-python/.local/bin/bench worker
2024-09-18 19:29:25,580 INFO /home/mbr-python/.local/bin/bench serve --port 8000
2024-09-19 10:56:23,359 INFO /home/mbr-python/.local/bin/bench start
2024-09-19 10:56:23,651 INFO /home/mbr-python/.local/bin/bench worker
2024-09-19 10:56:23,654 INFO /home/mbr-python/.local/bin/bench schedule
2024-09-19 10:56:23,661 INFO /home/mbr-python/.local/bin/bench watch
2024-09-19 10:56:23,690 INFO /home/mbr-python/.local/bin/bench serve --port 8000
2024-09-19 10:58:37,133 INFO /home/mbr-python/.local/bin/bench --site prop.com migrate
2024-09-19 12:00:01,802 INFO /home/mbr-python/.local/bin/bench --verbose --site all backup
2024-09-19 15:20:58,409 INFO /home/mbr-python/.local/bin/bench start
2024-09-19 15:20:58,761 INFO /home/mbr-python/.local/bin/bench watch
2024-09-19 15:20:58,776 INFO /home/mbr-python/.local/bin/bench worker
2024-09-19 15:20:58,803 INFO /home/mbr-python/.local/bin/bench serve --port 8000
2024-09-19 15:20:58,805 INFO /home/mbr-python/.local/bin/bench schedule
2024-09-19 18:00:01,716 INFO /home/mbr-python/.local/bin/bench --verbose --site all backup
2024-09-19 18:18:14,069 INFO /home/mbr-python/.local/bin/bench --site propla.com migrate
2024-09-19 18:18:24,038 INFO /home/mbr-python/.local/bin/bench --site prop.com migrate
2024-09-19 18:18:36,448 INFO /home/mbr-python/.local/bin/bench start
2024-09-19 18:18:36,866 INFO /home/mbr-python/.local/bin/bench schedule
2024-09-19 18:18:36,870 INFO /home/mbr-python/.local/bin/bench watch
2024-09-19 18:18:36,881 INFO /home/mbr-python/.local/bin/bench serve --port 8000
2024-09-19 18:18:36,881 INFO /home/mbr-python/.local/bin/bench worker
2024-09-19 18:39:22,012 INFO /home/mbr-python/.local/bin/bench --site prop.com migrate
2024-09-19 18:39:32,088 INFO /home/mbr-python/.local/bin/bench start
2024-09-19 18:39:32,429 INFO /home/mbr-python/.local/bin/bench serve --port 8000
2024-09-19 18:39:32,459 INFO /home/mbr-python/.local/bin/bench watch
2024-09-19 18:39:32,485 INFO /home/mbr-python/.local/bin/bench worker
2024-09-19 18:39:32,498 INFO /home/mbr-python/.local/bin/bench schedule
2024-09-19 18:46:50,461 INFO /home/mbr-python/.local/bin/bench --site prop.com migrate
2024-09-19 18:47:01,978 INFO /home/mbr-python/.local/bin/bench start
2024-09-19 18:47:02,380 INFO /home/mbr-python/.local/bin/bench watch
2024-09-19 18:47:02,404 INFO /home/mbr-python/.local/bin/bench serve --port 8000
2024-09-19 18:47:02,412 INFO /home/mbr-python/.local/bin/bench worker
2024-09-19 18:47:02,417 INFO /home/mbr-python/.local/bin/bench schedule
2024-09-19 18:48:59,377 INFO /home/mbr-python/.local/bin/bench --site prop.com migrate
2024-09-19 18:49:10,603 INFO /home/mbr-python/.local/bin/bench start
2024-09-19 18:49:11,023 INFO /home/mbr-python/.local/bin/bench serve --port 8000
2024-09-19 18:49:11,034 INFO /home/mbr-python/.local/bin/bench watch
2024-09-19 18:49:11,050 INFO /home/mbr-python/.local/bin/bench worker
2024-09-19 18:49:11,077 INFO /home/mbr-python/.local/bin/bench schedule
2024-09-19 18:51:18,558 INFO /home/mbr-python/.local/bin/bench --site prop.com migrate
2024-09-19 18:51:28,035 INFO /home/mbr-python/.local/bin/bench start
2024-09-19 18:51:28,393 INFO /home/mbr-python/.local/bin/bench watch
2024-09-19 18:51:28,416 INFO /home/mbr-python/.local/bin/bench worker
2024-09-19 18:51:28,438 INFO /home/mbr-python/.local/bin/bench schedule
2024-09-19 18:51:28,448 INFO /home/mbr-python/.local/bin/bench serve --port 8000
2024-09-19 18:52:42,908 INFO /home/mbr-python/.local/bin/bench start
2024-09-19 18:52:43,322 INFO /home/mbr-python/.local/bin/bench schedule
2024-09-19 18:52:43,324 INFO /home/mbr-python/.local/bin/bench worker
2024-09-19 18:52:43,324 INFO /home/mbr-python/.local/bin/bench serve --port 8000
2024-09-19 18:52:43,327 INFO /home/mbr-python/.local/bin/bench watch
2024-09-19 18:54:14,758 INFO /home/mbr-python/.local/bin/bench start
2024-09-19 18:54:15,062 INFO /home/mbr-python/.local/bin/bench worker
2024-09-19 18:54:15,071 INFO /home/mbr-python/.local/bin/bench watch
2024-09-19 18:54:15,106 INFO /home/mbr-python/.local/bin/bench schedule
2024-09-19 18:54:15,114 INFO /home/mbr-python/.local/bin/bench serve --port 8000
2024-09-19 18:59:23,380 INFO /home/mbr-python/.local/bin/bench --site prop.com migrate
2024-09-19 18:59:34,193 INFO /home/mbr-python/.local/bin/bench start
2024-09-19 18:59:34,537 INFO /home/mbr-python/.local/bin/bench watch
2024-09-19 18:59:34,541 INFO /home/mbr-python/.local/bin/bench worker
2024-09-19 18:59:34,573 INFO /home/mbr-python/.local/bin/bench serve --port 8000
2024-09-19 18:59:34,573 INFO /home/mbr-python/.local/bin/bench schedule
2024-09-19 19:00:38,096 INFO /home/mbr-python/.local/bin/bench start
2024-09-19 19:00:38,353 INFO /home/mbr-python/.local/bin/bench worker
2024-09-19 19:00:38,376 INFO /home/mbr-python/.local/bin/bench watch
2024-09-19 19:00:38,390 INFO /home/mbr-python/.local/bin/bench schedule
2024-09-19 19:00:38,399 INFO /home/mbr-python/.local/bin/bench serve --port 8000
2024-09-19 19:01:27,343 INFO /home/mbr-python/.local/bin/bench start
2024-09-19 19:01:27,589 INFO /home/mbr-python/.local/bin/bench watch
2024-09-19 19:01:27,596 INFO /home/mbr-python/.local/bin/bench worker
2024-09-19 19:01:27,623 INFO /home/mbr-python/.local/bin/bench serve --port 8000
2024-09-19 19:01:27,634 INFO /home/mbr-python/.local/bin/bench schedule
2024-09-19 19:02:19,845 INFO /home/mbr-python/.local/bin/bench --site prop.com migrate
2024-09-19 19:02:29,295 INFO /home/mbr-python/.local/bin/bench start
2024-09-19 19:02:29,653 INFO /home/mbr-python/.local/bin/bench serve --port 8000
2024-09-19 19:02:29,670 INFO /home/mbr-python/.local/bin/bench schedule
2024-09-19 19:02:29,681 INFO /home/mbr-python/.local/bin/bench worker
2024-09-19 19:02:29,700 INFO /home/mbr-python/.local/bin/bench watch
2024-09-19 19:03:17,644 INFO /home/mbr-python/.local/bin/bench --site propla.com install-app hrms
2024-09-19 19:03:21,039 INFO /home/mbr-python/.local/bin/bench --site prop.com migrate
2024-09-19 19:03:30,088 INFO /home/mbr-python/.local/bin/bench start
2024-09-19 19:03:30,424 INFO /home/mbr-python/.local/bin/bench watch
2024-09-19 19:03:30,430 INFO /home/mbr-python/.local/bin/bench worker
2024-09-19 19:03:30,450 INFO /home/mbr-python/.local/bin/bench schedule
2024-09-19 19:03:30,471 INFO /home/mbr-python/.local/bin/bench serve --port 8000
2024-09-19 19:20:21,420 INFO /home/mbr-python/.local/bin/bench --site prop.com migrate
2024-09-19 19:20:34,599 INFO /home/mbr-python/.local/bin/bench start
2024-09-19 19:20:35,025 INFO /home/mbr-python/.local/bin/bench serve --port 8000
2024-09-19 19:20:35,028 INFO /home/mbr-python/.local/bin/bench schedule
2024-09-19 19:20:35,036 INFO /home/mbr-python/.local/bin/bench worker
2024-09-19 19:20:35,040 INFO /home/mbr-python/.local/bin/bench watch
2024-09-20 10:30:02,506 INFO /home/mbr-python/.local/bin/bench start
2024-09-20 10:30:02,799 INFO /home/mbr-python/.local/bin/bench schedule
2024-09-20 10:30:02,801 INFO /home/mbr-python/.local/bin/bench worker
2024-09-20 10:30:02,839 INFO /home/mbr-python/.local/bin/bench serve --port 8000
2024-09-20 10:30:02,840 INFO /home/mbr-python/.local/bin/bench watch
2024-09-20 10:30:16,418 INFO /home/mbr-python/.local/bin/bench start
2024-09-20 10:30:16,655 INFO /home/mbr-python/.local/bin/bench schedule
2024-09-20 10:30:16,704 INFO /home/mbr-python/.local/bin/bench serve --port 8000
2024-09-20 10:30:16,705 INFO /home/mbr-python/.local/bin/bench worker
2024-09-20 10:30:16,708 INFO /home/mbr-python/.local/bin/bench watch
2024-09-20 10:30:36,436 INFO /home/mbr-python/.local/bin/bench start
2024-09-20 10:30:36,734 INFO /home/mbr-python/.local/bin/bench watch
2024-09-20 10:30:36,754 INFO /home/mbr-python/.local/bin/bench schedule
2024-09-20 10:30:36,755 INFO /home/mbr-python/.local/bin/bench worker
2024-09-20 10:30:36,779 INFO /home/mbr-python/.local/bin/bench serve --port 8000
2024-09-20 10:31:15,373 INFO /home/mbr-python/.local/bin/bench start
2024-09-20 10:31:15,604 INFO /home/mbr-python/.local/bin/bench worker
2024-09-20 10:31:15,643 INFO /home/mbr-python/.local/bin/bench schedule
2024-09-20 10:31:15,662 INFO /home/mbr-python/.local/bin/bench watch
2024-09-20 10:31:15,662 INFO /home/mbr-python/.local/bin/bench serve --port 8000
2024-09-20 10:33:27,173 INFO /home/mbr-python/.local/bin/bench --site prop.com migrate
2024-09-20 10:33:38,786 INFO /home/mbr-python/.local/bin/bench start
2024-09-20 10:33:39,167 INFO /home/mbr-python/.local/bin/bench worker
2024-09-20 10:33:39,169 INFO /home/mbr-python/.local/bin/bench serve --port 8000
2024-09-20 10:33:39,177 INFO /home/mbr-python/.local/bin/bench watch
2024-09-20 10:33:39,177 INFO /home/mbr-python/.local/bin/bench schedule
2024-09-20 10:41:03,605 INFO /home/mbr-python/.local/bin/bench --site prop.com migrate
2024-09-20 10:41:14,328 INFO /home/mbr-python/.local/bin/bench start
2024-09-20 10:41:14,663 INFO /home/mbr-python/.local/bin/bench serve --port 8000
2024-09-20 10:41:14,690 INFO /home/mbr-python/.local/bin/bench worker
2024-09-20 10:41:14,716 INFO /home/mbr-python/.local/bin/bench watch
2024-09-20 10:41:14,727 INFO /home/mbr-python/.local/bin/bench schedule
2024-09-20 10:50:12,233 INFO /home/mbr-python/.local/bin/bench start
2024-09-20 10:50:12,562 INFO /home/mbr-python/.local/bin/bench serve --port 8000
2024-09-20 10:50:12,574 INFO /home/mbr-python/.local/bin/bench schedule
2024-09-20 10:50:12,578 INFO /home/mbr-python/.local/bin/bench worker
2024-09-20 10:50:12,584 INFO /home/mbr-python/.local/bin/bench watch
2024-09-20 11:10:17,762 INFO /home/mbr-python/.local/bin/bench start
2024-09-20 11:10:18,039 INFO /home/mbr-python/.local/bin/bench serve --port 8000
2024-09-20 11:10:18,043 INFO /home/mbr-python/.local/bin/bench schedule
2024-09-20 11:10:18,097 INFO /home/mbr-python/.local/bin/bench watch
2024-09-20 11:10:18,102 INFO /home/mbr-python/.local/bin/bench worker
2024-09-20 11:10:20,299 INFO /home/mbr-python/.local/bin/bench --site prop.com migrate
2024-09-20 11:10:35,061 INFO /home/mbr-python/.local/bin/bench start
2024-09-20 11:10:35,373 INFO /home/mbr-python/.local/bin/bench schedule
2024-09-20 11:10:35,416 INFO /home/mbr-python/.local/bin/bench serve --port 8000
2024-09-20 11:10:35,434 INFO /home/mbr-python/.local/bin/bench watch
2024-09-20 11:10:35,439 INFO /home/mbr-python/.local/bin/bench worker
2024-09-20 11:22:12,103 INFO /home/mbr-python/.local/bin/bench start
2024-09-20 11:22:12,407 INFO /home/mbr-python/.local/bin/bench schedule
2024-09-20 11:22:12,408 INFO /home/mbr-python/.local/bin/bench watch
2024-09-20 11:22:12,416 INFO /home/mbr-python/.local/bin/bench serve --port 8000
2024-09-20 11:22:12,423 INFO /home/mbr-python/.local/bin/bench worker
2024-09-20 11:35:07,057 INFO /home/mbr-python/.local/bin/bench start
2024-09-20 11:35:07,324 INFO /home/mbr-python/.local/bin/bench schedule
2024-09-20 11:35:07,329 INFO /home/mbr-python/.local/bin/bench watch
2024-09-20 11:35:07,330 INFO /home/mbr-python/.local/bin/bench serve --port 8000
2024-09-20 11:35:07,363 INFO /home/mbr-python/.local/bin/bench worker
2024-09-20 11:51:29,079 INFO /home/mbr-python/.local/bin/bench start
2024-09-20 11:51:29,391 INFO /home/mbr-python/.local/bin/bench schedule
2024-09-20 11:51:29,393 INFO /home/mbr-python/.local/bin/bench serve --port 8000
2024-09-20 11:51:29,394 INFO /home/mbr-python/.local/bin/bench worker
2024-09-20 11:51:29,397 INFO /home/mbr-python/.local/bin/bench watch
2024-09-20 12:00:02,112 INFO /home/mbr-python/.local/bin/bench --verbose --site all backup
2024-09-20 12:30:25,118 INFO /home/mbr-python/.local/bin/bench start
2024-09-20 12:30:25,406 INFO /home/mbr-python/.local/bin/bench watch
2024-09-20 12:30:25,407 INFO /home/mbr-python/.local/bin/bench serve --port 8000
2024-09-20 12:30:25,423 INFO /home/mbr-python/.local/bin/bench worker
2024-09-20 12:30:25,459 INFO /home/mbr-python/.local/bin/bench schedule
2024-09-20 12:32:04,139 INFO /home/mbr-python/.local/bin/bench start
2024-09-20 12:32:04,412 INFO /home/mbr-python/.local/bin/bench serve --port 8000
2024-09-20 12:32:04,445 INFO /home/mbr-python/.local/bin/bench watch
2024-09-20 12:32:04,453 INFO /home/mbr-python/.local/bin/bench worker
2024-09-20 12:32:04,456 INFO /home/mbr-python/.local/bin/bench schedule
2024-09-20 12:32:07,177 INFO /home/mbr-python/.local/bin/bench --site prop.com migrate
2024-09-20 12:34:33,233 INFO /home/mbr-python/.local/bin/bench start
2024-09-20 12:34:33,557 INFO /home/mbr-python/.local/bin/bench worker
2024-09-20 12:34:33,557 INFO /home/mbr-python/.local/bin/bench serve --port 8000
2024-09-20 12:34:33,571 INFO /home/mbr-python/.local/bin/bench watch
2024-09-20 12:34:33,571 INFO /home/mbr-python/.local/bin/bench schedule
2024-09-20 12:40:46,234 INFO /home/mbr-python/.local/bin/bench start
2024-09-20 12:40:46,513 INFO /home/mbr-python/.local/bin/bench schedule
2024-09-20 12:40:46,528 INFO /home/mbr-python/.local/bin/bench worker
2024-09-20 12:40:46,545 INFO /home/mbr-python/.local/bin/bench serve --port 8000
2024-09-20 12:40:46,558 INFO /home/mbr-python/.local/bin/bench watch
2024-09-20 12:43:36,656 INFO /home/mbr-python/.local/bin/bench --site prop.com migrate
2024-09-20 12:43:47,816 INFO /home/mbr-python/.local/bin/bench start
2024-09-20 12:43:48,106 INFO /home/mbr-python/.local/bin/bench serve --port 8000
2024-09-20 12:43:48,145 INFO /home/mbr-python/.local/bin/bench watch
2024-09-20 12:43:48,145 INFO /home/mbr-python/.local/bin/bench schedule
2024-09-20 12:43:48,162 INFO /home/mbr-python/.local/bin/bench worker
2024-09-20 12:46:14,417 INFO /home/mbr-python/.local/bin/bench start
2024-09-20 12:46:14,706 INFO /home/mbr-python/.local/bin/bench watch
2024-09-20 12:46:14,717 INFO /home/mbr-python/.local/bin/bench schedule
2024-09-20 12:46:14,743 INFO /home/mbr-python/.local/bin/bench serve --port 8000
2024-09-20 12:46:14,763 INFO /home/mbr-python/.local/bin/bench worker
2024-09-20 12:48:12,803 INFO /home/mbr-python/.local/bin/bench start
2024-09-20 12:48:13,082 INFO /home/mbr-python/.local/bin/bench watch
2024-09-20 12:48:13,088 INFO /home/mbr-python/.local/bin/bench schedule
2024-09-20 12:48:13,100 INFO /home/mbr-python/.local/bin/bench worker
2024-09-20 12:48:13,110 INFO /home/mbr-python/.local/bin/bench serve --port 8000
2024-09-20 12:51:27,003 INFO /home/mbr-python/.local/bin/bench start
2024-09-20 12:51:27,283 INFO /home/mbr-python/.local/bin/bench schedule
2024-09-20 12:51:27,303 INFO /home/mbr-python/.local/bin/bench serve --port 8000
2024-09-20 12:51:27,309 INFO /home/mbr-python/.local/bin/bench watch
2024-09-20 12:51:27,324 INFO /home/mbr-python/.local/bin/bench worker
2024-09-20 13:10:38,300 INFO /home/mbr-python/.local/bin/bench start
2024-09-20 13:10:38,640 INFO /home/mbr-python/.local/bin/bench schedule
2024-09-20 13:10:38,641 INFO /home/mbr-python/.local/bin/bench watch
2024-09-20 13:10:38,641 INFO /home/mbr-python/.local/bin/bench serve --port 8000
2024-09-20 13:10:38,658 INFO /home/mbr-python/.local/bin/bench worker
2024-09-20 17:03:05,552 INFO /home/mbr-python/.local/bin/bench start
2024-09-20 17:03:05,807 INFO /home/mbr-python/.local/bin/bench watch
2024-09-20 17:03:05,820 INFO /home/mbr-python/.local/bin/bench worker
2024-09-20 17:03:05,844 INFO /home/mbr-python/.local/bin/bench schedule
2024-09-20 17:03:05,849 INFO /home/mbr-python/.local/bin/bench serve --port 8000
2024-09-20 17:03:16,679 INFO /home/mbr-python/.local/bin/bench --version
2024-09-20 17:03:34,746 INFO /home/mbr-python/.local/bin/bench version
2024-09-20 18:00:01,572 INFO /home/mbr-python/.local/bin/bench --verbose --site all backup
2024-09-20 18:02:08,158 INFO /home/mbr-python/.local/bin/bench start
2024-09-20 18:02:08,462 INFO /home/mbr-python/.local/bin/bench worker
2024-09-20 18:02:08,466 INFO /home/mbr-python/.local/bin/bench serve --port 8000
2024-09-20 18:02:08,491 INFO /home/mbr-python/.local/bin/bench watch
2024-09-20 18:02:08,495 INFO /home/mbr-python/.local/bin/bench schedule
2024-09-20 18:25:02,333 INFO /home/mbr-python/.local/bin/bench --site prop.com migrate
2024-09-23 10:25:05,617 INFO /home/mbr-python/.local/bin/bench start
2024-09-23 10:25:19,462 INFO /home/mbr-python/.local/bin/bench start
2024-09-23 10:25:24,243 INFO /home/mbr-python/.local/bin/bench start
2024-09-23 10:40:34,355 INFO /home/mbr-python/.local/bin/bench start
2024-09-23 11:14:26,732 INFO /home/mbr-python/.local/bin/bench start
2024-09-23 11:14:30,029 INFO /home/mbr-python/.local/bin/bench start
2024-09-23 11:16:25,238 INFO /home/mbr-python/.local/bin/bench start
2024-09-23 11:17:11,469 INFO /home/mbr-python/.local/bin/bench start
2024-09-23 11:18:19,924 INFO /home/mbr-python/.local/bin/bench start
2024-09-23 11:19:41,180 INFO /home/mbr-python/.local/bin/bench start
2024-09-23 11:19:41,405 INFO /home/mbr-python/.local/bin/bench schedule
2024-09-23 11:19:41,411 INFO /home/mbr-python/.local/bin/bench worker
2024-09-23 11:19:41,416 INFO /home/mbr-python/.local/bin/bench serve --port 8000
2024-09-23 11:19:41,434 INFO /home/mbr-python/.local/bin/bench watch
2024-09-23 12:00:01,973 INFO /home/mbr-python/.local/bin/bench --verbose --site all backup
2024-09-23 13:08:28,762 INFO /home/mbr-python/.local/bin/bench start
2024-09-23 13:08:28,996 INFO /home/mbr-python/.local/bin/bench serve --port 8000
2024-09-23 13:08:29,010 INFO /home/mbr-python/.local/bin/bench watch
2024-09-23 13:08:29,016 INFO /home/mbr-python/.local/bin/bench worker
2024-09-23 13:08:29,032 INFO /home/mbr-python/.local/bin/bench schedule
2024-09-23 13:47:34,407 INFO /home/mbr-python/.local/bin/bench start
2024-09-23 13:47:34,697 INFO /home/mbr-python/.local/bin/bench schedule
2024-09-23 13:47:34,713 INFO /home/mbr-python/.local/bin/bench worker
2024-09-23 13:47:34,730 INFO /home/mbr-python/.local/bin/bench serve --port 8000
2024-09-23 13:47:34,733 INFO /home/mbr-python/.local/bin/bench watch
2024-09-23 18:00:02,136 INFO /home/mbr-python/.local/bin/bench --verbose --site all backup
2024-09-24 12:00:01,686 INFO /home/mbr-python/.local/bin/bench --verbose --site all backup
2024-09-24 18:00:02,053 INFO /home/mbr-python/.local/bin/bench --verbose --site all backup
2024-09-25 10:56:27,458 INFO /home/mbr-python/.local/bin/bench start
2024-09-25 10:56:49,591 INFO /home/mbr-python/.local/bin/bench start
2024-09-25 10:56:49,855 INFO /home/mbr-python/.local/bin/bench serve --port 8000
2024-09-25 10:56:49,859 INFO /home/mbr-python/.local/bin/bench schedule
2024-09-25 10:56:49,863 INFO /home/mbr-python/.local/bin/bench watch
2024-09-25 10:56:49,867 INFO /home/mbr-python/.local/bin/bench worker
2024-09-25 11:10:22,841 INFO /home/mbr-python/.local/bin/bench start
2024-09-25 11:10:23,188 INFO /home/mbr-python/.local/bin/bench watch
2024-09-25 11:10:23,194 INFO /home/mbr-python/.local/bin/bench serve --port 8000
2024-09-25 11:10:23,234 INFO /home/mbr-python/.local/bin/bench worker
2024-09-25 11:10:23,234 INFO /home/mbr-python/.local/bin/bench schedule
2024-09-25 11:11:56,034 INFO /home/mbr-python/.local/bin/bench --site prop.com migrate
2024-09-25 11:12:06,615 INFO /home/mbr-python/.local/bin/bench start
2024-09-25 11:12:07,072 INFO /home/mbr-python/.local/bin/bench worker
2024-09-25 11:12:07,086 INFO /home/mbr-python/.local/bin/bench watch
2024-09-25 11:12:07,097 INFO /home/mbr-python/.local/bin/bench schedule
2024-09-25 11:12:07,102 INFO /home/mbr-python/.local/bin/bench serve --port 8000
2024-09-25 11:44:13,049 INFO /home/mbr-python/.local/bin/bench start
2024-09-25 11:44:38,509 INFO /home/mbr-python/.local/bin/bench start
2024-09-25 11:44:38,791 INFO /home/mbr-python/.local/bin/bench watch
2024-09-25 11:44:38,799 INFO /home/mbr-python/.local/bin/bench worker
2024-09-25 11:44:38,836 INFO /home/mbr-python/.local/bin/bench serve --port 8000
2024-09-25 11:44:38,840 INFO /home/mbr-python/.local/bin/bench schedule
2024-09-25 12:00:01,597 INFO /home/mbr-python/.local/bin/bench --verbose --site all backup
2024-09-25 12:23:29,117 INFO /home/mbr-python/.local/bin/bench start
2024-09-25 12:23:46,094 INFO /home/mbr-python/.local/bin/bench start
2024-09-25 12:23:46,370 INFO /home/mbr-python/.local/bin/bench worker
2024-09-25 12:23:46,381 INFO /home/mbr-python/.local/bin/bench schedule
2024-09-25 12:23:46,417 INFO /home/mbr-python/.local/bin/bench watch
2024-09-25 12:23:46,417 INFO /home/mbr-python/.local/bin/bench serve --port 8000
2024-09-25 13:12:20,061 INFO /home/mbr-python/.local/bin/bench --site prop.com migrate
2024-09-25 13:12:30,575 INFO /home/mbr-python/.local/bin/bench start
2024-09-25 13:12:30,963 INFO /home/mbr-python/.local/bin/bench schedule
2024-09-25 13:12:30,987 INFO /home/mbr-python/.local/bin/bench serve --port 8000
2024-09-25 13:12:30,989 INFO /home/mbr-python/.local/bin/bench watch
2024-09-25 13:12:30,994 INFO /home/mbr-python/.local/bin/bench worker
2024-09-25 13:17:56,903 INFO /home/mbr-python/.local/bin/bench start
2024-09-25 13:17:57,230 INFO /home/mbr-python/.local/bin/bench worker
2024-09-25 13:17:57,239 INFO /home/mbr-python/.local/bin/bench schedule
2024-09-25 13:17:57,285 INFO /home/mbr-python/.local/bin/bench watch
2024-09-25 13:17:57,285 INFO /home/mbr-python/.local/bin/bench serve --port 8000
2024-09-25 13:18:21,461 INFO /home/mbr-python/.local/bin/bench start
2024-09-25 13:18:21,741 INFO /home/mbr-python/.local/bin/bench serve --port 8000
2024-09-25 13:18:21,744 INFO /home/mbr-python/.local/bin/bench watch
2024-09-25 13:18:21,750 INFO /home/mbr-python/.local/bin/bench worker
2024-09-25 13:18:21,765 INFO /home/mbr-python/.local/bin/bench schedule
2024-09-25 13:18:25,215 INFO /home/mbr-python/.local/bin/bench --site prop.com migrate
2024-09-25 13:18:45,440 INFO /home/mbr-python/.local/bin/bench start
2024-09-25 13:18:45,809 INFO /home/mbr-python/.local/bin/bench worker
2024-09-25 13:18:45,810 INFO /home/mbr-python/.local/bin/bench serve --port 8000
2024-09-25 13:18:45,811 INFO /home/mbr-python/.local/bin/bench schedule
2024-09-25 13:18:45,811 INFO /home/mbr-python/.local/bin/bench watch
2024-09-25 13:26:50,443 INFO /home/mbr-python/.local/bin/bench --site prop.com migrate
2024-09-25 13:27:00,157 INFO /home/mbr-python/.local/bin/bench start
2024-09-25 13:27:00,578 INFO /home/mbr-python/.local/bin/bench worker
2024-09-25 13:27:00,597 INFO /home/mbr-python/.local/bin/bench watch
2024-09-25 13:27:00,609 INFO /home/mbr-python/.local/bin/bench serve --port 8000
2024-09-25 13:27:00,637 INFO /home/mbr-python/.local/bin/bench schedule
2024-09-25 13:31:54,222 INFO /home/mbr-python/.local/bin/bench --site prop.com migrate
2024-09-25 14:01:49,616 INFO /home/mbr-python/.local/bin/bench start
2024-09-25 14:01:49,967 INFO /home/mbr-python/.local/bin/bench serve --port 8000
2024-09-25 14:01:49,969 INFO /home/mbr-python/.local/bin/bench worker
2024-09-25 14:01:49,985 INFO /home/mbr-python/.local/bin/bench schedule
2024-09-25 14:01:49,991 INFO /home/mbr-python/.local/bin/bench watch
2024-09-25 16:16:05,079 INFO /home/mbr-python/.local/bin/bench start
2024-09-25 16:16:25,755 INFO /home/mbr-python/.local/bin/bench start
2024-09-25 16:16:25,986 INFO /home/mbr-python/.local/bin/bench schedule
2024-09-25 16:16:26,000 INFO /home/mbr-python/.local/bin/bench serve --port 8000
2024-09-25 16:16:26,040 INFO /home/mbr-python/.local/bin/bench worker
2024-09-25 16:16:26,040 INFO /home/mbr-python/.local/bin/bench watch
2024-09-25 18:00:01,802 INFO /home/mbr-python/.local/bin/bench --verbose --site all backup
2024-09-26 10:11:24,778 INFO /home/mbr-python/.local/bin/bench start
2024-09-26 10:11:40,825 INFO /home/mbr-python/.local/bin/bench start
2024-09-26 10:11:41,064 INFO /home/mbr-python/.local/bin/bench worker
2024-09-26 10:11:41,066 INFO /home/mbr-python/.local/bin/bench watch
2024-09-26 10:11:41,092 INFO /home/mbr-python/.local/bin/bench schedule
2024-09-26 10:11:41,096 INFO /home/mbr-python/.local/bin/bench serve --port 8000
2024-09-26 10:15:16,463 INFO /home/mbr-python/.local/bin/bench --site prop.com logs
2024-09-26 12:00:01,436 INFO /home/mbr-python/.local/bin/bench --verbose --site all backup
2024-09-26 16:22:51,261 INFO /home/mbr-python/.local/bin/bench start
2024-09-26 16:22:51,546 INFO /home/mbr-python/.local/bin/bench schedule
2024-09-26 16:22:51,546 INFO /home/mbr-python/.local/bin/bench watch
2024-09-26 16:22:51,569 INFO /home/mbr-python/.local/bin/bench serve --port 8000
2024-09-26 16:22:51,571 INFO /home/mbr-python/.local/bin/bench worker
2024-09-26 18:00:01,826 INFO /home/mbr-python/.local/bin/bench --verbose --site all backup
2024-09-27 10:35:48,527 INFO /home/mbr-python/.local/bin/bench start
2024-09-27 10:35:48,817 INFO /home/mbr-python/.local/bin/bench watch
2024-09-27 10:35:48,831 INFO /home/mbr-python/.local/bin/bench schedule
2024-09-27 10:35:48,844 INFO /home/mbr-python/.local/bin/bench worker
2024-09-27 10:35:48,845 INFO /home/mbr-python/.local/bin/bench serve --port 8000
2024-09-27 11:23:25,465 INFO /home/mbr-python/.local/bin/bench start
2024-09-27 11:23:25,733 INFO /home/mbr-python/.local/bin/bench serve --port 8000
2024-09-27 11:23:25,739 INFO /home/mbr-python/.local/bin/bench watch
2024-09-27 11:23:25,770 INFO /home/mbr-python/.local/bin/bench worker
2024-09-27 11:23:25,770 INFO /home/mbr-python/.local/bin/bench schedule
2024-09-27 12:00:01,540 INFO /home/mbr-python/.local/bin/bench --verbose --site all backup
2024-09-27 12:52:14,663 INFO /home/mbr-python/.local/bin/bench start
2024-09-27 12:52:14,910 INFO /home/mbr-python/.local/bin/bench serve --port 8000
2024-09-27 12:52:14,913 INFO /home/mbr-python/.local/bin/bench watch
2024-09-27 12:52:14,916 INFO /home/mbr-python/.local/bin/bench schedule
2024-09-27 12:52:14,917 INFO /home/mbr-python/.local/bin/bench worker
2024-09-27 16:34:24,246 INFO /home/mbr-python/.local/bin/bench start
2024-09-27 16:34:24,575 INFO /home/mbr-python/.local/bin/bench watch
2024-09-27 16:34:24,591 INFO /home/mbr-python/.local/bin/bench worker
2024-09-27 16:34:24,616 INFO /home/mbr-python/.local/bin/bench schedule
2024-09-27 16:34:24,626 INFO /home/mbr-python/.local/bin/bench serve --port 8000
2024-09-27 16:37:26,533 INFO /home/mbr-python/.local/bin/bench --site prop.com migrate
2024-09-27 16:37:35,681 INFO /home/mbr-python/.local/bin/bench start
2024-09-27 16:37:36,016 INFO /home/mbr-python/.local/bin/bench watch
2024-09-27 16:37:36,029 INFO /home/mbr-python/.local/bin/bench schedule
2024-09-27 16:37:36,040 INFO /home/mbr-python/.local/bin/bench serve --port 8000
2024-09-27 16:37:36,046 INFO /home/mbr-python/.local/bin/bench worker
2024-09-27 18:00:01,195 INFO /home/mbr-python/.local/bin/bench --verbose --site all backup
2024-09-30 10:33:27,654 INFO /home/mbr-python/.local/bin/bench start
2024-09-30 10:33:52,110 INFO /home/mbr-python/.local/bin/bench start
2024-09-30 10:33:52,361 INFO /home/mbr-python/.local/bin/bench schedule
2024-09-30 10:33:52,363 INFO /home/mbr-python/.local/bin/bench worker
2024-09-30 10:33:52,365 INFO /home/mbr-python/.local/bin/bench serve --port 8000
2024-09-30 10:33:52,368 INFO /home/mbr-python/.local/bin/bench watch
2024-09-30 10:39:56,204 INFO /home/mbr-python/.local/bin/bench --site prop.com migrate
2024-09-30 10:40:05,172 INFO /home/mbr-python/.local/bin/bench start
2024-09-30 10:40:05,522 INFO /home/mbr-python/.local/bin/bench serve --port 8000
2024-09-30 10:40:05,537 INFO /home/mbr-python/.local/bin/bench watch
2024-09-30 10:40:05,545 INFO /home/mbr-python/.local/bin/bench schedule
2024-09-30 10:40:05,565 INFO /home/mbr-python/.local/bin/bench worker
2024-09-30 10:47:33,577 INFO /home/mbr-python/.local/bin/bench start
2024-09-30 10:47:33,827 INFO /home/mbr-python/.local/bin/bench serve --port 8000
2024-09-30 10:47:33,876 INFO /home/mbr-python/.local/bin/bench watch
2024-09-30 10:47:33,887 INFO /home/mbr-python/.local/bin/bench schedule
2024-09-30 10:47:33,891 INFO /home/mbr-python/.local/bin/bench worker
2024-09-30 10:57:03,360 INFO /home/mbr-python/.local/bin/bench start
2024-09-30 10:57:03,644 INFO /home/mbr-python/.local/bin/bench worker
2024-09-30 10:57:03,668 INFO /home/mbr-python/.local/bin/bench watch
2024-09-30 10:57:03,671 INFO /home/mbr-python/.local/bin/bench serve --port 8000
2024-09-30 10:57:03,676 INFO /home/mbr-python/.local/bin/bench schedule
2024-09-30 10:57:36,452 INFO /home/mbr-python/.local/bin/bench --site prop.com migrate
2024-09-30 10:57:46,544 INFO /home/mbr-python/.local/bin/bench start
2024-09-30 10:57:46,844 INFO /home/mbr-python/.local/bin/bench serve --port 8000
2024-09-30 10:57:46,895 INFO /home/mbr-python/.local/bin/bench watch
2024-09-30 10:57:46,896 INFO /home/mbr-python/.local/bin/bench worker
2024-09-30 10:57:46,899 INFO /home/mbr-python/.local/bin/bench schedule
2024-09-30 11:13:04,049 INFO /home/mbr-python/.local/bin/bench new-site newbie.com
2024-09-30 11:14:36,715 INFO /home/mbr-python/.local/bin/bench --site newbie.com install erpnext
2024-09-30 11:14:36,717 WARNING /home/mbr-python/.local/bin/bench --site newbie.com install erpnext executed with exit code 2
2024-09-30 11:14:53,890 INFO /home/mbr-python/.local/bin/bench --site newbie.com install-app erpnext
2024-09-30 11:15:55,107 INFO /home/mbr-python/.local/bin/bench --site newbie.com install-app hrms
2024-09-30 11:16:49,297 INFO /home/mbr-python/.local/bin/bench --site newbie.com install-app helpdesk
2024-09-30 11:17:18,767 INFO /home/mbr-python/.local/bin/bench start
2024-09-30 11:17:19,033 INFO /home/mbr-python/.local/bin/bench schedule
2024-09-30 11:17:19,072 INFO /home/mbr-python/.local/bin/bench watch
2024-09-30 11:17:19,091 INFO /home/mbr-python/.local/bin/bench worker
2024-09-30 11:17:19,092 INFO /home/mbr-python/.local/bin/bench serve --port 8000
2024-09-30 11:17:28,821 INFO /home/mbr-python/.local/bin/bench --site newbie.com migrate
2024-09-30 11:18:23,977 INFO /home/mbr-python/.local/bin/bench start
2024-09-30 11:18:24,281 INFO /home/mbr-python/.local/bin/bench watch
2024-09-30 11:18:24,282 INFO /home/mbr-python/.local/bin/bench schedule
2024-09-30 11:18:24,298 INFO /home/mbr-python/.local/bin/bench serve --port 8000
2024-09-30 11:18:24,299 INFO /home/mbr-python/.local/bin/bench worker
2024-09-30 11:18:57,478 INFO /home/mbr-python/.local/bin/bench --site newbie.com add-to-hosts
2024-09-30 11:19:02,411 INFO /home/mbr-python/.local/bin/bench --site newbie.com add-to-hosts
2024-09-30 11:30:53,621 INFO /home/mbr-python/.local/bin/bench start
2024-09-30 11:30:53,943 INFO /home/mbr-python/.local/bin/bench watch
2024-09-30 11:30:53,952 INFO /home/mbr-python/.local/bin/bench serve --port 8000
2024-09-30 11:30:53,954 INFO /home/mbr-python/.local/bin/bench worker
2024-09-30 11:30:53,955 INFO /home/mbr-python/.local/bin/bench schedule
2024-09-30 11:36:33,046 INFO /home/mbr-python/.local/bin/bench start
2024-09-30 11:36:33,356 INFO /home/mbr-python/.local/bin/bench watch
2024-09-30 11:36:33,365 INFO /home/mbr-python/.local/bin/bench schedule
2024-09-30 11:36:33,374 INFO /home/mbr-python/.local/bin/bench worker
2024-09-30 11:36:33,378 INFO /home/mbr-python/.local/bin/bench serve --port 8000
2024-09-30 11:46:16,236 INFO /home/mbr-python/.local/bin/bench start
2024-09-30 11:46:16,525 INFO /home/mbr-python/.local/bin/bench worker
2024-09-30 11:46:16,535 INFO /home/mbr-python/.local/bin/bench serve --port 8000
2024-09-30 11:46:16,573 INFO /home/mbr-python/.local/bin/bench watch
2024-09-30 11:46:16,580 INFO /home/mbr-python/.local/bin/bench schedule
2024-09-30 11:46:20,735 INFO /home/mbr-python/.local/bin/bench --site newbie.com migrate
2024-09-30 11:46:31,526 INFO /home/mbr-python/.local/bin/bench start
2024-09-30 11:46:31,873 INFO /home/mbr-python/.local/bin/bench serve --port 8000
2024-09-30 11:46:31,876 INFO /home/mbr-python/.local/bin/bench watch
2024-09-30 11:46:31,889 INFO /home/mbr-python/.local/bin/bench worker
2024-09-30 11:46:31,915 INFO /home/mbr-python/.local/bin/bench schedule
2024-09-30 12:00:01,799 INFO /home/mbr-python/.local/bin/bench --verbose --site all backup
2024-09-30 12:15:19,992 INFO /home/mbr-python/.local/bin/bench start
2024-09-30 12:15:20,376 INFO /home/mbr-python/.local/bin/bench worker
2024-09-30 12:15:20,389 INFO /home/mbr-python/.local/bin/bench serve --port 8000
2024-09-30 12:15:20,394 INFO /home/mbr-python/.local/bin/bench schedule
2024-09-30 12:15:20,395 INFO /home/mbr-python/.local/bin/bench watch
2024-09-30 15:01:15,207 INFO /home/mbr-python/.local/bin/bench start
2024-09-30 15:01:15,551 INFO /home/mbr-python/.local/bin/bench worker
2024-09-30 15:01:15,556 INFO /home/mbr-python/.local/bin/bench serve --port 8000
2024-09-30 15:01:15,586 INFO /home/mbr-python/.local/bin/bench watch
2024-09-30 15:01:15,654 INFO /home/mbr-python/.local/bin/bench schedule
2024-09-30 18:00:01,629 INFO /home/mbr-python/.local/bin/bench --verbose --site all backup
2024-10-01 12:00:01,596 INFO /home/mbr-python/.local/bin/bench --verbose --site all backup
2024-10-01 13:09:54,019 INFO /home/mbr-python/.local/bin/bench start
2024-10-01 13:10:09,389 INFO /home/mbr-python/.local/bin/bench start
2024-10-01 13:10:09,627 INFO /home/mbr-python/.local/bin/bench worker
2024-10-01 13:10:09,631 INFO /home/mbr-python/.local/bin/bench watch
2024-10-01 13:10:09,635 INFO /home/mbr-python/.local/bin/bench schedule
2024-10-01 13:10:09,663 INFO /home/mbr-python/.local/bin/bench serve --port 8000
2024-10-01 13:15:11,171 INFO /home/mbr-python/.local/bin/bench --site prop.com migrate
2024-10-01 13:15:20,474 INFO /home/mbr-python/.local/bin/bench start
2024-10-01 13:15:20,799 INFO /home/mbr-python/.local/bin/bench worker
2024-10-01 13:15:20,800 INFO /home/mbr-python/.local/bin/bench serve --port 8000
2024-10-01 13:15:20,845 INFO /home/mbr-python/.local/bin/bench watch
2024-10-01 13:15:20,868 INFO /home/mbr-python/.local/bin/bench schedule
2024-10-01 13:19:17,364 INFO /home/mbr-python/.local/bin/bench start
2024-10-01 13:19:17,672 INFO /home/mbr-python/.local/bin/bench watch
2024-10-01 13:19:17,702 INFO /home/mbr-python/.local/bin/bench worker
2024-10-01 13:19:17,704 INFO /home/mbr-python/.local/bin/bench schedule
2024-10-01 13:19:17,707 INFO /home/mbr-python/.local/bin/bench serve --port 8000
2024-10-01 13:21:24,873 INFO /home/mbr-python/.local/bin/bench start
2024-10-01 13:21:25,184 INFO /home/mbr-python/.local/bin/bench schedule
2024-10-01 13:21:25,205 INFO /home/mbr-python/.local/bin/bench serve --port 8000
2024-10-01 13:21:25,210 INFO /home/mbr-python/.local/bin/bench watch
2024-10-01 13:21:25,211 INFO /home/mbr-python/.local/bin/bench worker
2024-10-01 13:24:20,701 INFO /home/mbr-python/.local/bin/bench --site prop.com migrate
2024-10-01 13:24:30,798 INFO /home/mbr-python/.local/bin/bench start
2024-10-01 13:24:31,172 INFO /home/mbr-python/.local/bin/bench watch
2024-10-01 13:24:31,182 INFO /home/mbr-python/.local/bin/bench schedule
2024-10-01 13:24:31,215 INFO /home/mbr-python/.local/bin/bench worker
2024-10-01 13:24:31,234 INFO /home/mbr-python/.local/bin/bench serve --port 8000
2024-10-01 13:56:13,234 INFO /home/mbr-python/.local/bin/bench start
2024-10-01 13:56:13,488 INFO /home/mbr-python/.local/bin/bench worker
2024-10-01 13:56:13,494 INFO /home/mbr-python/.local/bin/bench schedule
2024-10-01 13:56:13,519 INFO /home/mbr-python/.local/bin/bench serve --port 8000
2024-10-01 13:56:13,538 INFO /home/mbr-python/.local/bin/bench watch
2024-10-01 13:56:45,627 INFO /home/mbr-python/.local/bin/bench --site prop.com migrate
2024-10-01 13:56:57,801 INFO /home/mbr-python/.local/bin/bench start
2024-10-01 13:56:59,243 INFO /home/mbr-python/.local/bin/bench worker
2024-10-01 13:56:59,298 INFO /home/mbr-python/.local/bin/bench serve --port 8000
2024-10-01 13:56:59,300 INFO /home/mbr-python/.local/bin/bench watch
2024-10-01 13:56:59,318 INFO /home/mbr-python/.local/bin/bench schedule
2024-10-01 18:00:01,431 INFO /home/mbr-python/.local/bin/bench --verbose --site all backup
2024-10-02 10:27:15,956 INFO /home/mbr-python/.local/bin/bench start
2024-10-02 10:27:37,377 INFO /home/mbr-python/.local/bin/bench start
2024-10-02 10:27:37,598 INFO /home/mbr-python/.local/bin/bench serve --port 8000
2024-10-02 10:27:37,605 INFO /home/mbr-python/.local/bin/bench schedule
2024-10-02 10:27:37,606 INFO /home/mbr-python/.local/bin/bench watch
2024-10-02 10:27:37,606 INFO /home/mbr-python/.local/bin/bench worker
2024-10-02 12:00:02,026 INFO /home/mbr-python/.local/bin/bench --verbose --site all backup
2024-10-02 18:00:02,016 INFO /home/mbr-python/.local/bin/bench --verbose --site all backup
2024-10-03 10:20:23,381 INFO /home/mbr-python/.local/bin/bench start
2024-10-03 10:20:23,626 INFO /home/mbr-python/.local/bin/bench worker
2024-10-03 10:20:23,628 INFO /home/mbr-python/.local/bin/bench serve --port 8000
2024-10-03 10:20:23,629 INFO /home/mbr-python/.local/bin/bench schedule
2024-10-03 10:20:23,632 INFO /home/mbr-python/.local/bin/bench watch
2024-10-03 12:00:01,584 INFO /home/mbr-python/.local/bin/bench --verbose --site all backup
2024-10-03 18:00:01,315 INFO /home/mbr-python/.local/bin/bench --verbose --site all backup
2024-10-04 10:31:15,263 INFO /home/mbr-python/.local/bin/bench start
2024-10-04 10:31:15,519 INFO /home/mbr-python/.local/bin/bench serve --port 8000
2024-10-04 10:31:15,528 INFO /home/mbr-python/.local/bin/bench schedule
2024-10-04 10:31:15,567 INFO /home/mbr-python/.local/bin/bench watch
2024-10-04 10:31:15,570 INFO /home/mbr-python/.local/bin/bench worker
2024-10-04 12:00:02,211 INFO /home/mbr-python/.local/bin/bench --verbose --site all backup
2024-10-04 18:00:01,788 INFO /home/mbr-python/.local/bin/bench --verbose --site all backup
2024-10-05 11:14:45,102 INFO /home/mbr-python/.local/bin/bench start
2024-10-05 11:14:45,373 INFO /home/mbr-python/.local/bin/bench worker
2024-10-05 11:14:45,395 INFO /home/mbr-python/.local/bin/bench serve --port 8000
2024-10-05 11:14:45,410 INFO /home/mbr-python/.local/bin/bench schedule
2024-10-05 11:14:45,412 INFO /home/mbr-python/.local/bin/bench watch
2024-10-05 12:00:01,380 INFO /home/mbr-python/.local/bin/bench --verbose --site all backup
2024-10-05 13:59:50,715 INFO /home/mbr-python/.local/bin/bench start
2024-10-05 13:59:50,984 INFO /home/mbr-python/.local/bin/bench worker
2024-10-05 13:59:50,991 INFO /home/mbr-python/.local/bin/bench serve --port 8000
2024-10-05 13:59:51,031 INFO /home/mbr-python/.local/bin/bench watch
2024-10-05 13:59:51,031 INFO /home/mbr-python/.local/bin/bench schedule
2024-10-07 10:09:22,655 INFO /home/mbr-python/.local/bin/bench start
2024-10-07 10:09:22,887 INFO /home/mbr-python/.local/bin/bench serve --port 8000
2024-10-07 10:09:22,899 INFO /home/mbr-python/.local/bin/bench schedule
2024-10-07 10:09:22,905 INFO /home/mbr-python/.local/bin/bench worker
2024-10-07 10:09:22,907 INFO /home/mbr-python/.local/bin/bench watch
2024-10-07 12:00:01,891 INFO /home/mbr-python/.local/bin/bench --verbose --site all backup
2024-10-07 18:00:01,663 INFO /home/mbr-python/.local/bin/bench --verbose --site all backup
2024-10-08 10:52:59,466 INFO /home/mbr-python/.local/bin/bench start
2024-10-08 10:52:59,750 INFO /home/mbr-python/.local/bin/bench serve --port 8000
2024-10-08 10:52:59,778 INFO /home/mbr-python/.local/bin/bench worker
2024-10-08 10:52:59,791 INFO /home/mbr-python/.local/bin/bench watch
2024-10-08 10:52:59,791 INFO /home/mbr-python/.local/bin/bench schedule
2024-10-08 12:00:02,034 INFO /home/mbr-python/.local/bin/bench --verbose --site all backup
2024-10-08 15:38:24,152 INFO /home/mbr-python/.local/bin/bench --site prop.com migrate
2024-10-08 15:38:41,991 INFO /home/mbr-python/.local/bin/bench start
2024-10-08 15:38:42,338 INFO /home/mbr-python/.local/bin/bench serve --port 8000
2024-10-08 15:38:42,351 INFO /home/mbr-python/.local/bin/bench schedule
2024-10-08 15:38:42,358 INFO /home/mbr-python/.local/bin/bench worker
2024-10-08 15:38:42,364 INFO /home/mbr-python/.local/bin/bench watch
2024-10-08 15:43:48,258 INFO /home/mbr-python/.local/bin/bench start
2024-10-08 15:43:48,595 INFO /home/mbr-python/.local/bin/bench worker
2024-10-08 15:43:48,605 INFO /home/mbr-python/.local/bin/bench watch
2024-10-08 15:43:48,608 INFO /home/mbr-python/.local/bin/bench schedule
2024-10-08 15:43:48,625 INFO /home/mbr-python/.local/bin/bench serve --port 8000
2024-10-08 15:43:58,491 INFO /home/mbr-python/.local/bin/bench start
2024-10-08 15:43:58,747 INFO /home/mbr-python/.local/bin/bench watch
2024-10-08 15:43:58,755 INFO /home/mbr-python/.local/bin/bench schedule
2024-10-08 15:43:58,769 INFO /home/mbr-python/.local/bin/bench serve --port 8000
2024-10-08 15:43:58,792 INFO /home/mbr-python/.local/bin/bench worker
2024-10-08 15:44:02,335 INFO /home/mbr-python/.local/bin/bench --site prop.com migrate
2024-10-08 15:45:38,945 INFO /home/mbr-python/.local/bin/bench start
2024-10-08 15:45:39,399 INFO /home/mbr-python/.local/bin/bench schedule
2024-10-08 15:45:39,444 INFO /home/mbr-python/.local/bin/bench serve --port 8000
2024-10-08 15:45:39,455 INFO /home/mbr-python/.local/bin/bench watch
2024-10-08 15:45:39,475 INFO /home/mbr-python/.local/bin/bench worker
2024-10-08 15:57:53,085 INFO /home/mbr-python/.local/bin/bench start
2024-10-08 15:57:53,397 INFO /home/mbr-python/.local/bin/bench schedule
2024-10-08 15:57:53,404 INFO /home/mbr-python/.local/bin/bench serve --port 8000
2024-10-08 15:57:53,450 INFO /home/mbr-python/.local/bin/bench watch
2024-10-08 15:57:53,462 INFO /home/mbr-python/.local/bin/bench worker
2024-10-08 15:58:26,880 INFO /home/mbr-python/.local/bin/bench start
2024-10-08 15:58:27,132 INFO /home/mbr-python/.local/bin/bench watch
2024-10-08 15:58:27,165 INFO /home/mbr-python/.local/bin/bench schedule
2024-10-08 15:58:27,185 INFO /home/mbr-python/.local/bin/bench serve --port 8000
2024-10-08 15:58:27,188 INFO /home/mbr-python/.local/bin/bench worker
2024-10-08 15:58:35,445 INFO /home/mbr-python/.local/bin/bench --site prop.com migrate
2024-10-08 15:59:00,786 INFO /home/mbr-python/.local/bin/bench start
2024-10-08 15:59:01,085 INFO /home/mbr-python/.local/bin/bench serve --port 8000
2024-10-08 15:59:01,119 INFO /home/mbr-python/.local/bin/bench schedule
2024-10-08 15:59:01,120 INFO /home/mbr-python/.local/bin/bench worker
2024-10-08 15:59:01,139 INFO /home/mbr-python/.local/bin/bench watch
2024-10-08 16:29:44,664 INFO /home/mbr-python/.local/bin/bench --site prop.com migrate
2024-10-08 16:29:54,219 INFO /home/mbr-python/.local/bin/bench start
2024-10-08 16:29:54,539 INFO /home/mbr-python/.local/bin/bench watch
2024-10-08 16:29:54,564 INFO /home/mbr-python/.local/bin/bench schedule
2024-10-08 16:29:54,572 INFO /home/mbr-python/.local/bin/bench serve --port 8000
2024-10-08 16:29:54,576 INFO /home/mbr-python/.local/bin/bench worker
2024-10-08 17:00:25,935 INFO /home/mbr-python/.local/bin/bench start
2024-10-08 17:00:26,235 INFO /home/mbr-python/.local/bin/bench serve --port 8000
2024-10-08 17:00:26,241 INFO /home/mbr-python/.local/bin/bench worker
2024-10-08 17:00:26,251 INFO /home/mbr-python/.local/bin/bench watch
2024-10-08 17:00:26,283 INFO /home/mbr-python/.local/bin/bench schedule
2024-10-08 17:04:50,666 INFO /home/mbr-python/.local/bin/bench start
2024-10-08 17:04:50,956 INFO /home/mbr-python/.local/bin/bench watch
2024-10-08 17:04:50,965 INFO /home/mbr-python/.local/bin/bench worker
2024-10-08 17:04:51,005 INFO /home/mbr-python/.local/bin/bench serve --port 8000
2024-10-08 17:04:51,017 INFO /home/mbr-python/.local/bin/bench schedule
2024-10-08 17:07:18,634 INFO /home/mbr-python/.local/bin/bench --site prop.com migrate
2024-10-08 17:07:26,978 INFO /home/mbr-python/.local/bin/bench start
2024-10-08 17:07:27,281 INFO /home/mbr-python/.local/bin/bench schedule
2024-10-08 17:07:27,305 INFO /home/mbr-python/.local/bin/bench serve --port 8000
2024-10-08 17:07:27,314 INFO /home/mbr-python/.local/bin/bench worker
2024-10-08 17:07:27,314 INFO /home/mbr-python/.local/bin/bench watch
2024-10-08 17:26:32,760 INFO /home/mbr-python/.local/bin/bench start
2024-10-08 17:26:33,163 INFO /home/mbr-python/.local/bin/bench schedule
2024-10-08 17:26:33,177 INFO /home/mbr-python/.local/bin/bench serve --port 8000
2024-10-08 17:26:33,193 INFO /home/mbr-python/.local/bin/bench watch
2024-10-08 17:26:33,197 INFO /home/mbr-python/.local/bin/bench worker
2024-10-08 17:26:46,395 INFO /home/mbr-python/.local/bin/bench start
2024-10-08 17:26:46,647 INFO /home/mbr-python/.local/bin/bench watch
2024-10-08 17:26:46,675 INFO /home/mbr-python/.local/bin/bench serve --port 8000
2024-10-08 17:26:46,701 INFO /home/mbr-python/.local/bin/bench worker
2024-10-08 17:26:46,708 INFO /home/mbr-python/.local/bin/bench schedule
2024-10-08 17:26:49,940 INFO /home/mbr-python/.local/bin/bench --site prop.com migrate
2024-10-08 17:27:15,466 INFO /home/mbr-python/.local/bin/bench start
2024-10-08 17:27:15,766 INFO /home/mbr-python/.local/bin/bench watch
2024-10-08 17:27:15,795 INFO /home/mbr-python/.local/bin/bench serve --port 8000
2024-10-08 17:27:15,804 INFO /home/mbr-python/.local/bin/bench schedule
2024-10-08 17:27:15,836 INFO /home/mbr-python/.local/bin/bench worker
2024-10-08 18:00:01,864 INFO /home/mbr-python/.local/bin/bench --verbose --site all backup
2024-10-09 10:26:42,476 INFO /home/mbr-python/.local/bin/bench start
2024-10-09 10:26:42,732 INFO /home/mbr-python/.local/bin/bench serve --port 8000
2024-10-09 10:26:42,737 INFO /home/mbr-python/.local/bin/bench schedule
2024-10-09 10:26:42,740 INFO /home/mbr-python/.local/bin/bench watch
2024-10-09 10:26:42,743 INFO /home/mbr-python/.local/bin/bench worker
2024-10-09 12:00:01,956 INFO /home/mbr-python/.local/bin/bench --verbose --site all backup
2024-10-15 11:04:21,637 INFO /home/mbr-python/.local/bin/bench start
2024-10-15 11:04:21,908 INFO /home/mbr-python/.local/bin/bench schedule
2024-10-15 11:04:21,919 INFO /home/mbr-python/.local/bin/bench worker
2024-10-15 11:04:21,921 INFO /home/mbr-python/.local/bin/bench watch
2024-10-15 11:04:21,940 INFO /home/mbr-python/.local/bin/bench serve --port 8000
2024-10-15 12:00:01,842 INFO /home/mbr-python/.local/bin/bench --verbose --site all backup
2024-10-15 13:36:15,905 INFO /home/mbr-python/.local/bin/bench build
2024-10-15 13:39:54,709 INFO /home/mbr-python/.local/bin/bench start
2024-10-15 13:39:55,180 INFO /home/mbr-python/.local/bin/bench serve --port 8000
2024-10-15 13:39:55,203 INFO /home/mbr-python/.local/bin/bench schedule
2024-10-15 13:39:55,215 INFO /home/mbr-python/.local/bin/bench watch
2024-10-15 13:39:55,228 INFO /home/mbr-python/.local/bin/bench worker
2024-10-15 13:40:20,301 INFO /home/mbr-python/.local/bin/bench --site prop.com migrate
2024-10-15 13:41:18,453 INFO /home/mbr-python/.local/bin/bench start
2024-10-15 13:41:18,706 INFO /home/mbr-python/.local/bin/bench serve --port 8000
2024-10-15 13:41:18,746 INFO /home/mbr-python/.local/bin/bench schedule
2024-10-15 13:41:18,761 INFO /home/mbr-python/.local/bin/bench worker
2024-10-15 13:41:18,767 INFO /home/mbr-python/.local/bin/bench watch
2024-10-15 13:42:22,324 INFO /home/mbr-python/.local/bin/bench setup requirements --node
2024-10-15 13:42:22,333 DEBUG cd ./apps/frappe && yarn install --check-files
2024-10-15 13:42:34,783 DEBUG cd ./apps/helpdesk && yarn install --check-files
2024-10-15 13:43:11,781 WARNING cd ./apps/helpdesk && yarn install --check-files executed with exit code 1
2024-10-15 13:43:11,781 WARNING /home/mbr-python/.local/bin/bench setup requirements --node executed with exit code 1
2024-10-15 13:43:40,044 INFO /home/mbr-python/.local/bin/bench setup requirements --node
2024-10-15 13:43:40,050 DEBUG cd ./apps/frappe && yarn install --check-files
2024-10-15 13:43:40,763 DEBUG cd ./apps/helpdesk && yarn install --check-files
2024-10-15 13:43:42,738 WARNING cd ./apps/helpdesk && yarn install --check-files executed with exit code 1
2024-10-15 13:43:42,739 WARNING /home/mbr-python/.local/bin/bench setup requirements --node executed with exit code 1
2024-10-15 13:43:52,727 INFO /home/mbr-python/.local/bin/bench start
2024-10-15 13:43:53,022 INFO /home/mbr-python/.local/bin/bench serve --port 8000
2024-10-15 13:43:53,026 INFO /home/mbr-python/.local/bin/bench schedule
2024-10-15 13:43:53,037 INFO /home/mbr-python/.local/bin/bench worker
2024-10-15 13:43:53,037 INFO /home/mbr-python/.local/bin/bench watch
2024-10-15 13:43:57,647 INFO /home/mbr-python/.local/bin/bench --site prop.com migrate
2024-10-15 16:25:19,011 INFO /home/mbr-python/.local/bin/bench --site prop.com migrate
2024-10-15 16:25:29,811 INFO /home/mbr-python/.local/bin/bench start
2024-10-15 16:25:30,236 INFO /home/mbr-python/.local/bin/bench serve --port 8000
2024-10-15 16:25:30,264 INFO /home/mbr-python/.local/bin/bench schedule
2024-10-15 16:25:30,265 INFO /home/mbr-python/.local/bin/bench worker
2024-10-15 16:25:30,275 INFO /home/mbr-python/.local/bin/bench watch
2024-10-15 16:38:12,326 INFO /home/mbr-python/.local/bin/bench --site prop.com set-config developer-mode 1
2024-10-15 16:39:11,449 INFO /home/mbr-python/.local/bin/bench --site prop.com migrate
2024-10-15 16:39:27,380 INFO /home/mbr-python/.local/bin/bench start
2024-10-15 16:39:27,667 INFO /home/mbr-python/.local/bin/bench watch
2024-10-15 16:39:27,719 INFO /home/mbr-python/.local/bin/bench worker
2024-10-15 16:39:27,721 INFO /home/mbr-python/.local/bin/bench schedule
2024-10-15 16:39:27,726 INFO /home/mbr-python/.local/bin/bench serve --port 8000
2024-10-15 16:39:59,527 INFO /home/mbr-python/.local/bin/bench --site prop.com set-config developer-mode 0
2024-10-15 16:40:15,102 INFO /home/mbr-python/.local/bin/bench --site prop.com set-config developer-mode 1
2024-10-15 16:40:36,131 INFO /home/mbr-python/.local/bin/bench --site prop.com set-config developer-mode 0
2024-10-15 18:00:01,868 INFO /home/mbr-python/.local/bin/bench --verbose --site all backup
2024-10-16 10:53:33,557 INFO /home/mbr-python/.local/bin/bench start
2024-10-16 10:53:33,821 INFO /home/mbr-python/.local/bin/bench watch
2024-10-16 10:53:33,836 INFO /home/mbr-python/.local/bin/bench serve --port 8000
2024-10-16 10:53:33,860 INFO /home/mbr-python/.local/bin/bench worker
2024-10-16 10:53:33,866 INFO /home/mbr-python/.local/bin/bench schedule
2024-10-16 12:00:01,251 INFO /home/mbr-python/.local/bin/bench --verbose --site all backup
2024-10-16 13:46:25,666 INFO /home/mbr-python/.local/bin/bench --site prop.com migrate
2024-10-16 13:47:18,027 INFO /home/mbr-python/.local/bin/bench start
2024-10-16 13:47:18,340 INFO /home/mbr-python/.local/bin/bench worker
2024-10-16 13:47:18,349 INFO /home/mbr-python/.local/bin/bench serve --port 8000
2024-10-16 13:47:18,386 INFO /home/mbr-python/.local/bin/bench schedule
2024-10-16 13:47:18,400 INFO /home/mbr-python/.local/bin/bench watch
2024-10-16 16:21:39,545 INFO /home/mbr-python/.local/bin/bench start
2024-10-16 16:22:00,741 INFO /home/mbr-python/.local/bin/bench start
2024-10-16 16:22:00,975 INFO /home/mbr-python/.local/bin/bench worker
2024-10-16 16:22:00,979 INFO /home/mbr-python/.local/bin/bench schedule
2024-10-16 16:22:00,981 INFO /home/mbr-python/.local/bin/bench serve --port 8000
2024-10-16 16:22:01,009 INFO /home/mbr-python/.local/bin/bench watch
2024-10-16 18:00:02,192 INFO /home/mbr-python/.local/bin/bench --verbose --site all backup
2024-10-17 11:13:20,619 INFO /home/mbr-python/.local/bin/bench start
2024-10-17 11:13:20,880 INFO /home/mbr-python/.local/bin/bench serve --port 8000
2024-10-17 11:13:20,893 INFO /home/mbr-python/.local/bin/bench worker
2024-10-17 11:13:20,923 INFO /home/mbr-python/.local/bin/bench schedule
2024-10-17 11:13:20,924 INFO /home/mbr-python/.local/bin/bench watch
2024-10-17 12:00:01,589 INFO /home/mbr-python/.local/bin/bench --verbose --site all backup
2024-10-18 12:00:01,718 INFO /home/mbr-python/.local/bin/bench --verbose --site all backup
2024-10-18 18:00:02,060 INFO /home/mbr-python/.local/bin/bench --verbose --site all backup
2024-10-21 12:00:01,631 INFO /home/mbr-python/.local/bin/bench --verbose --site all backup
2024-10-21 18:00:01,683 INFO /home/mbr-python/.local/bin/bench --verbose --site all backup
2024-10-22 12:00:01,948 INFO /home/mbr-python/.local/bin/bench --verbose --site all backup
2024-10-22 18:00:01,831 INFO /home/mbr-python/.local/bin/bench --verbose --site all backup
2024-10-23 12:00:01,524 INFO /home/mbr-python/.local/bin/bench --verbose --site all backup
2024-10-23 18:00:01,851 INFO /home/mbr-python/.local/bin/bench --verbose --site all backup
2024-10-24 12:00:01,263 INFO /home/mbr-python/.local/bin/bench --verbose --site all backup
2024-10-25 12:00:01,817 INFO /home/mbr-python/.local/bin/bench --verbose --site all backup
2024-10-25 18:00:01,867 INFO /home/mbr-python/.local/bin/bench --verbose --site all backup
2024-10-26 18:00:01,796 INFO /home/mbr-python/.local/bin/bench --verbose --site all backup
2024-10-28 12:00:01,482 INFO /home/mbr-python/.local/bin/bench --verbose --site all backup
2024-10-28 18:00:01,506 INFO /home/mbr-python/.local/bin/bench --verbose --site all backup
2024-10-29 12:00:01,299 INFO /home/mbr-python/.local/bin/bench --verbose --site all backup
2024-10-29 18:00:01,856 INFO /home/mbr-python/.local/bin/bench --verbose --site all backup
2024-10-30 12:00:01,280 INFO /home/mbr-python/.local/bin/bench --verbose --site all backup
2024-10-30 18:00:02,087 INFO /home/mbr-python/.local/bin/bench --verbose --site all backup
2024-11-04 12:00:02,161 INFO /home/mbr-python/.local/bin/bench --verbose --site all backup
2024-11-04 18:00:01,610 INFO /home/mbr-python/.local/bin/bench --verbose --site all backup
2024-11-05 12:00:01,882 INFO /home/mbr-python/.local/bin/bench --verbose --site all backup
2024-11-05 18:00:02,064 INFO /home/mbr-python/.local/bin/bench --verbose --site all backup
2024-11-06 12:00:01,680 INFO /home/mbr-python/.local/bin/bench --verbose --site all backup
2024-11-06 18:00:01,243 INFO /home/mbr-python/.local/bin/bench --verbose --site all backup
2024-11-07 12:00:01,635 INFO /home/mbr-python/.local/bin/bench --verbose --site all backup
2024-11-07 18:00:01,796 INFO /home/mbr-python/.local/bin/bench --verbose --site all backup
2024-11-08 12:00:01,560 INFO /home/mbr-python/.local/bin/bench --verbose --site all backup
2024-11-08 18:00:01,444 INFO /home/mbr-python/.local/bin/bench --verbose --site all backup
2024-11-09 12:00:02,182 INFO /home/mbr-python/.local/bin/bench --verbose --site all backup
2024-11-09 18:00:01,500 INFO /home/mbr-python/.local/bin/bench --verbose --site all backup
2024-11-12 12:00:01,525 INFO /home/mbr-python/.local/bin/bench --verbose --site all backup
2024-11-12 18:00:01,424 INFO /home/mbr-python/.local/bin/bench --verbose --site all backup
2024-11-13 12:00:01,452 INFO /home/mbr-python/.local/bin/bench --verbose --site all backup
2024-11-13 18:00:01,816 INFO /home/mbr-python/.local/bin/bench --verbose --site all backup
2024-11-18 12:00:02,293 INFO /home/mbr-python/.local/bin/bench --verbose --site all backup
2024-11-18 18:00:02,307 INFO /home/mbr-python/.local/bin/bench --verbose --site all backup
2024-11-19 12:00:01,671 INFO /home/mbr-python/.local/bin/bench --verbose --site all backup
2024-11-19 18:00:01,815 INFO /home/mbr-python/.local/bin/bench --verbose --site all backup
2024-11-20 12:00:01,783 INFO /home/mbr-python/.local/bin/bench --verbose --site all backup
2024-11-20 18:00:02,162 INFO /home/mbr-python/.local/bin/bench --verbose --site all backup
2024-11-21 12:00:01,626 INFO /home/mbr-python/.local/bin/bench --verbose --site all backup
2024-11-21 18:00:02,467 INFO /home/mbr-python/.local/bin/bench --verbose --site all backup
2024-11-22 12:00:01,957 INFO /home/mbr-python/.local/bin/bench --verbose --site all backup
2024-11-22 18:00:02,238 INFO /home/mbr-python/.local/bin/bench --verbose --site all backup
2024-11-23 12:00:01,877 INFO /home/mbr-python/.local/bin/bench --verbose --site all backup
2024-11-25 12:00:02,216 INFO /home/mbr-python/.local/bin/bench --verbose --site all backup
2024-11-25 18:00:02,186 INFO /home/mbr-python/.local/bin/bench --verbose --site all backup
2024-11-26 12:00:02,076 INFO /home/mbr-python/.local/bin/bench --verbose --site all backup
2024-11-26 18:00:01,495 INFO /home/mbr-python/.local/bin/bench --verbose --site all backup
2024-11-27 12:00:01,823 INFO /home/mbr-python/.local/bin/bench --verbose --site all backup
2024-11-27 18:00:02,075 INFO /home/mbr-python/.local/bin/bench --verbose --site all backup
2024-11-28 12:00:01,634 INFO /home/mbr-python/.local/bin/bench --verbose --site all backup
2024-11-28 18:00:01,547 INFO /home/mbr-python/.local/bin/bench --verbose --site all backup
2024-11-29 12:00:02,238 INFO /home/mbr-python/.local/bin/bench --verbose --site all backup
2024-11-29 18:00:01,924 INFO /home/mbr-python/.local/bin/bench --verbose --site all backup
2024-11-30 12:00:02,120 INFO /home/mbr-python/.local/bin/bench --verbose --site all backup
2024-11-30 18:00:01,957 INFO /home/mbr-python/.local/bin/bench --verbose --site all backup
2024-12-01 00:00:01,638 INFO /home/mbr-python/.local/bin/bench --verbose --site all backup
2024-12-01 06:00:02,334 INFO /home/mbr-python/.local/bin/bench --verbose --site all backup
2024-12-01 12:00:02,012 INFO /home/mbr-python/.local/bin/bench --verbose --site all backup
2024-12-01 18:00:02,008 INFO /home/mbr-python/.local/bin/bench --verbose --site all backup
2024-12-02 00:00:01,686 INFO /home/mbr-python/.local/bin/bench --verbose --site all backup
2024-12-02 06:00:02,367 INFO /home/mbr-python/.local/bin/bench --verbose --site all backup
2024-12-02 12:00:01,644 INFO /home/mbr-python/.local/bin/bench --verbose --site all backup
2024-12-02 18:00:01,943 INFO /home/mbr-python/.local/bin/bench --verbose --site all backup
2024-12-03 12:00:01,708 INFO /home/mbr-python/.local/bin/bench --verbose --site all backup
2024-12-03 18:00:02,261 INFO /home/mbr-python/.local/bin/bench --verbose --site all backup
2024-12-04 12:00:01,894 INFO /home/mbr-python/.local/bin/bench --verbose --site all backup
2024-12-04 18:00:02,330 INFO /home/mbr-python/.local/bin/bench --verbose --site all backup
2024-12-05 12:00:01,699 INFO /home/mbr-python/.local/bin/bench --verbose --site all backup
2024-12-05 18:00:01,515 INFO /home/mbr-python/.local/bin/bench --verbose --site all backup
2024-12-06 12:00:01,819 INFO /home/mbr-python/.local/bin/bench --verbose --site all backup
2024-12-06 18:00:02,181 INFO /home/mbr-python/.local/bin/bench --verbose --site all backup
2024-12-09 12:00:01,677 INFO /home/mbr-python/.local/bin/bench --verbose --site all backup
2024-12-09 18:00:02,315 INFO /home/mbr-python/.local/bin/bench --verbose --site all backup
2024-12-10 12:00:02,354 INFO /home/mbr-python/.local/bin/bench --verbose --site all backup
2024-12-10 18:00:02,122 INFO /home/mbr-python/.local/bin/bench --verbose --site all backup
2024-12-11 12:00:01,521 INFO /home/mbr-python/.local/bin/bench --verbose --site all backup
2024-12-11 18:00:02,128 INFO /home/mbr-python/.local/bin/bench --verbose --site all backup
2024-12-12 12:00:01,516 INFO /home/mbr-python/.local/bin/bench --verbose --site all backup
2024-12-12 18:00:02,262 INFO /home/mbr-python/.local/bin/bench --verbose --site all backup
2024-12-13 12:00:01,691 INFO /home/mbr-python/.local/bin/bench --verbose --site all backup
2024-12-13 18:00:02,361 INFO /home/mbr-python/.local/bin/bench --verbose --site all backup
2024-12-14 12:00:02,164 INFO /home/mbr-python/.local/bin/bench --verbose --site all backup
2024-12-14 18:00:02,118 INFO /home/mbr-python/.local/bin/bench --verbose --site all backup
2024-12-16 12:00:01,746 INFO /home/mbr-python/.local/bin/bench --verbose --site all backup
2024-12-18 18:00:01,974 INFO /home/mbr-python/.local/bin/bench --verbose --site all backup
2024-12-19 12:00:01,925 INFO /home/mbr-python/.local/bin/bench --verbose --site all backup
2024-12-19 18:00:02,175 INFO /home/mbr-python/.local/bin/bench --verbose --site all backup
2024-12-20 12:00:01,580 INFO /home/mbr-python/.local/bin/bench --verbose --site all backup
2024-12-20 18:00:02,023 INFO /home/mbr-python/.local/bin/bench --verbose --site all backup
2024-12-23 12:00:01,498 INFO /home/mbr-python/.local/bin/bench --verbose --site all backup
2024-12-23 18:00:01,796 INFO /home/mbr-python/.local/bin/bench --verbose --site all backup
2024-12-24 00:00:02,059 INFO /home/mbr-python/.local/bin/bench --verbose --site all backup
2024-12-24 06:00:01,615 INFO /home/mbr-python/.local/bin/bench --verbose --site all backup
2024-12-24 12:00:02,130 INFO /home/mbr-python/.local/bin/bench --verbose --site all backup
2024-12-25 00:00:01,825 INFO /home/mbr-python/.local/bin/bench --verbose --site all backup
2024-12-25 06:00:02,518 INFO /home/mbr-python/.local/bin/bench --verbose --site all backup
2024-12-25 12:00:01,604 INFO /home/mbr-python/.local/bin/bench --verbose --site all backup
2024-12-25 18:00:02,052 INFO /home/mbr-python/.local/bin/bench --verbose --site all backup
2024-12-26 00:00:01,956 INFO /home/mbr-python/.local/bin/bench --verbose --site all backup
2024-12-26 06:00:02,333 INFO /home/mbr-python/.local/bin/bench --verbose --site all backup
2024-12-26 12:00:01,850 INFO /home/mbr-python/.local/bin/bench --verbose --site all backup
2024-12-26 18:00:01,801 INFO /home/mbr-python/.local/bin/bench --verbose --site all backup
2024-12-27 12:00:01,512 INFO /home/mbr-python/.local/bin/bench --verbose --site all backup
2024-12-27 18:00:01,870 INFO /home/mbr-python/.local/bin/bench --verbose --site all backup
2024-12-28 12:00:02,226 INFO /home/mbr-python/.local/bin/bench --verbose --site all backup
2024-12-28 18:00:02,430 INFO /home/mbr-python/.local/bin/bench --verbose --site all backup
2024-12-30 12:00:02,220 INFO /home/mbr-python/.local/bin/bench --verbose --site all backup
2024-12-30 18:00:01,969 INFO /home/mbr-python/.local/bin/bench --verbose --site all backup
2024-12-31 12:00:02,003 INFO /home/mbr-python/.local/bin/bench --verbose --site all backup
2025-02-26 11:53:19,509 INFO /home/mbr-python/.local/bin/bench start
2025-02-26 11:54:15,427 INFO /home/mbr-python/.local/bin/bench start
2025-02-26 11:54:15,655 INFO /home/mbr-python/.local/bin/bench schedule
2025-02-26 11:54:15,655 INFO /home/mbr-python/.local/bin/bench worker
2025-02-26 11:54:15,691 INFO /home/mbr-python/.local/bin/bench serve --port 8000
2025-02-26 11:54:15,701 INFO /home/mbr-python/.local/bin/bench watch
2025-02-26 12:00:01,926 INFO /home/mbr-python/.local/bin/bench --verbose --site all backup
2025-02-26 12:03:11,849 INFO /home/mbr-python/.local/bin/bench new-site bizpro.com
2025-02-26 12:05:28,305 INFO /home/mbr-python/.local/bin/bench --site bizpro.com add-to-hosts
2025-02-26 12:05:54,922 INFO /home/mbr-python/.local/bin/bench --site bizpro.com install-app erpnext
2025-02-26 12:06:34,070 INFO /home/mbr-python/.local/bin/bench start
2025-02-26 12:06:34,365 INFO /home/mbr-python/.local/bin/bench watch
2025-02-26 12:06:34,367 INFO /home/mbr-python/.local/bin/bench schedule
2025-02-26 12:06:34,369 INFO /home/mbr-python/.local/bin/bench worker
2025-02-26 12:06:34,370 INFO /home/mbr-python/.local/bin/bench serve --port 8000
2025-02-26 12:07:43,922 INFO /home/mbr-python/.local/bin/bench --site bizpro.com migrate
2025-02-26 12:08:07,611 INFO /home/mbr-python/.local/bin/bench start
2025-02-26 12:08:07,850 INFO /home/mbr-python/.local/bin/bench watch
2025-02-26 12:08:07,850 INFO /home/mbr-python/.local/bin/bench worker
2025-02-26 12:08:07,887 INFO /home/mbr-python/.local/bin/bench schedule
2025-02-26 12:08:07,893 INFO /home/mbr-python/.local/bin/bench serve --port 8000
2025-02-26 12:08:20,081 INFO /home/mbr-python/.local/bin/bench --site bizpro.com migrate
2025-02-26 12:09:58,045 INFO /home/mbr-python/.local/bin/bench --site bizpro.com install-app frappe
2025-02-26 12:10:02,554 INFO /home/mbr-python/.local/bin/bench --site bizpro.com install-app erpnext
2025-02-26 12:11:00,273 INFO /home/mbr-python/.local/bin/bench setup requirements –node
2025-02-26 12:11:00,277 DEBUG /home/mbr-python/Django/proplahrmsnew/frappe-bench/env/bin/python -m pip install --quiet --upgrade pip
2025-02-26 12:11:02,564 WARNING /home/mbr-python/.local/bin/bench setup requirements –node executed with exit code 1
2025-02-26 12:11:02,629 INFO A newer version of bench is available: 5.22.9 → 5.23.0
2025-02-26 12:12:11,135 INFO /home/mbr-python/.local/bin/bench --site bizpro.com migrate
2025-02-26 12:12:17,220 INFO /home/mbr-python/.local/bin/bench start
2025-02-26 12:12:17,461 INFO /home/mbr-python/.local/bin/bench watch
2025-02-26 12:12:17,497 INFO /home/mbr-python/.local/bin/bench serve --port 8000
2025-02-26 12:12:17,502 INFO /home/mbr-python/.local/bin/bench worker
2025-02-26 12:12:17,523 INFO /home/mbr-python/.local/bin/bench schedule
2025-02-26 12:12:21,147 INFO /home/mbr-python/.local/bin/bench --site bizpro.com migrate
2025-02-26 12:14:23,577 INFO /home/mbr-python/.local/bin/bench --site bizpro.com migrate --verbose
2025-02-26 12:15:34,561 INFO /home/mbr-python/.local/bin/bench migrate
2025-02-26 12:20:27,598 INFO /home/mbr-python/.local/bin/bench --site bizpro.com console
2025-02-26 12:20:44,988 INFO /home/mbr-python/.local/bin/bench restart
2025-02-26 12:20:49,161 DEBUG cd /home/mbr-python/Django/proplahrmsnew/frappe-bench && sudo supervisorctl restart frappe:
2025-02-26 12:20:49,296 WARNING cd /home/mbr-python/Django/proplahrmsnew/frappe-bench && sudo supervisorctl restart frappe: executed with exit code 2
2025-02-26 12:20:49,296 WARNING /home/mbr-python/.local/bin/bench restart executed with exit code 1
2025-02-26 12:20:49,396 INFO A newer version of bench is available: 5.22.9 → 5.23.0
2025-02-26 12:20:53,583 INFO /home/mbr-python/.local/bin/bench start
2025-02-26 12:20:53,818 INFO /home/mbr-python/.local/bin/bench serve --port 8000
2025-02-26 12:20:53,821 INFO /home/mbr-python/.local/bin/bench schedule
2025-02-26 12:20:53,835 INFO /home/mbr-python/.local/bin/bench watch
2025-02-26 12:20:53,870 INFO /home/mbr-python/.local/bin/bench worker
2025-02-26 12:21:39,315 INFO /home/mbr-python/.local/bin/bench start
2025-02-26 12:21:39,547 INFO /home/mbr-python/.local/bin/bench worker
2025-02-26 12:21:39,557 INFO /home/mbr-python/.local/bin/bench serve --port 8000
2025-02-26 12:21:39,591 INFO /home/mbr-python/.local/bin/bench watch
2025-02-26 12:21:39,603 INFO /home/mbr-python/.local/bin/bench schedule
2025-02-26 12:22:40,486 INFO /home/mbr-python/.local/bin/bench --site bizpro.com console
2025-02-26 12:29:54,619 INFO /home/mbr-python/.local/bin/bench clear-cache
2025-02-26 12:29:54,958 INFO /home/mbr-python/.local/bin/bench clear-website-cache
2025-02-26 12:29:55,288 INFO /home/mbr-python/.local/bin/bench restart
2025-02-26 12:29:55,553 DEBUG cd /home/mbr-python/Django/proplahrmsnew/frappe-bench && sudo supervisorctl restart frappe:
2025-02-26 12:29:55,685 WARNING cd /home/mbr-python/Django/proplahrmsnew/frappe-bench && sudo supervisorctl restart frappe: executed with exit code 2
2025-02-26 12:29:55,685 WARNING /home/mbr-python/.local/bin/bench restart executed with exit code 1
2025-02-26 12:29:55,794 INFO A newer version of bench is available: 5.22.9 → 5.23.0
2025-02-26 12:31:20,642 INFO /home/mbr-python/.local/bin/bench --site unistall-app erpnext
2025-02-26 12:31:58,369 INFO /home/mbr-python/.local/bin/bench --site bizpro.com uninstall-app erpnext
2025-02-26 14:42:31,814 INFO /home/mbr-python/.local/bin/bench --site bizpro.com uninstall-app erpnext
2025-02-26 14:42:41,618 INFO /home/mbr-python/.local/bin/bench --site bizpro.com uninstall-app frappe
2025-02-26 14:42:55,866 INFO /home/mbr-python/.local/bin/bench --site bizpro.com install-app frappe
2025-02-26 14:43:25,587 INFO /home/mbr-python/.local/bin/bench --site bizpro.com install-app frappe
2025-02-26 14:43:27,674 INFO /home/mbr-python/.local/bin/bench --site bizpro.com install-app frappe
2025-02-26 14:43:28,166 INFO /home/mbr-python/.local/bin/bench --site bizpro.com install-app frappe
2025-02-26 14:43:28,661 INFO /home/mbr-python/.local/bin/bench --site bizpro.com install-app frappe
2025-02-26 14:43:29,160 INFO /home/mbr-python/.local/bin/bench --site bizpro.com install-app frappe
2025-02-26 14:43:32,434 INFO /home/mbr-python/.local/bin/bench --site bizpro.com install-app frappe
2025-02-26 14:44:20,578 INFO /home/mbr-python/.local/bin/bench --site bizpro.com migrate
2025-02-26 14:44:38,978 INFO /home/mbr-python/.local/bin/bench --site bizpro.com reinstall --yes
2025-02-26 14:45:47,284 INFO /home/mbr-python/.local/bin/bench clear-cache
2025-02-26 14:45:47,627 INFO /home/mbr-python/.local/bin/bench clear-website-cache
2025-02-26 14:45:47,958 INFO /home/mbr-python/.local/bin/bench restart
2025-02-26 14:46:06,309 DEBUG cd /home/mbr-python/Django/proplahrmsnew/frappe-bench && sudo supervisorctl restart frappe:
2025-02-26 14:46:06,441 WARNING cd /home/mbr-python/Django/proplahrmsnew/frappe-bench && sudo supervisorctl restart frappe: executed with exit code 2
2025-02-26 14:46:06,441 WARNING /home/mbr-python/.local/bin/bench restart executed with exit code 1
2025-02-26 14:46:06,556 INFO A newer version of bench is available: 5.22.9 → 5.23.0
2025-02-26 14:46:15,257 INFO /home/mbr-python/.local/bin/bench clear-cache bizpro.com
2025-02-26 14:46:32,551 INFO /home/mbr-python/.local/bin/bench --site bizpro.com clear-cache
2025-02-26 14:46:45,811 INFO /home/mbr-python/.local/bin/bench clear-website-cache
2025-02-26 14:46:59,153 INFO /home/mbr-python/.local/bin/bench --site bizpro.com clear-website-cache
2025-02-26 14:47:09,450 INFO /home/mbr-python/.local/bin/bench --site bizpro.com reinstall --yes
2025-02-26 14:47:38,794 INFO /home/mbr-python/.local/bin/bench --site bizpro.com reinstall --yes
2025-02-26 14:52:48,220 INFO /home/mbr-python/.local/bin/bench --site bizpro.com reinstall --yes
2025-02-26 14:53:34,458 INFO /home/mbr-python/.local/bin/bench --site bizpro.com reinstall --yes
2025-02-26 14:55:23,399 INFO /home/mbr-python/.local/bin/bench --site bizpro.com console
2025-02-26 14:58:05,740 INFO /home/mbr-python/.local/bin/bench --site bizpro.com reinstall --yes
2025-02-26 14:58:12,278 INFO /home/mbr-python/.local/bin/bench --site bizpro.com reinstall --yes
2025-02-26 15:01:00,296 INFO /home/mbr-python/.local/bin/bench --site bizpro.com console
2025-02-26 15:03:52,779 INFO /home/mbr-python/.local/bin/bench --site bizpro.com reinstall --yes
2025-02-26 15:08:56,471 INFO /home/mbr-python/.local/bin/bench --site bizpro.com reinstall --yes
2025-02-26 15:12:24,007 INFO /home/mbr-python/.local/bin/bench start
2025-02-26 15:12:24,342 INFO /home/mbr-python/.local/bin/bench watch
2025-02-26 15:12:24,344 INFO /home/mbr-python/.local/bin/bench serve --port 8000
2025-02-26 15:12:24,387 INFO /home/mbr-python/.local/bin/bench worker
2025-02-26 15:12:24,401 INFO /home/mbr-python/.local/bin/bench schedule
2025-02-26 15:12:29,473 INFO /home/mbr-python/.local/bin/bench --site bizpro.com reinstall --yes
2025-02-26 15:13:01,378 INFO /home/mbr-python/.local/bin/bench --site bizpro.com reinstall --yes
2025-02-26 15:13:35,727 INFO /home/mbr-python/.local/bin/bench start
2025-02-26 15:13:35,968 INFO /home/mbr-python/.local/bin/bench serve --port 8000
2025-02-26 15:13:35,970 INFO /home/mbr-python/.local/bin/bench watch
2025-02-26 15:13:35,996 INFO /home/mbr-python/.local/bin/bench worker
2025-02-26 15:13:36,014 INFO /home/mbr-python/.local/bin/bench schedule
2025-02-26 15:16:02,547 INFO /home/mbr-python/.local/bin/bench --site bizpro.com console
2025-02-26 15:18:40,763 INFO /home/mbr-python/.local/bin/bench --site bizpro.com reinstall --yes
2025-02-26 15:19:22,073 INFO /home/mbr-python/.local/bin/bench --site bizpro.com console
2025-02-26 15:22:54,416 INFO /home/mbr-python/.local/bin/bench --site bizpro.com reinstall --yes
2025-02-26 15:23:35,429 INFO /home/mbr-python/.local/bin/bench start
2025-02-26 15:23:35,664 INFO /home/mbr-python/.local/bin/bench worker
2025-02-26 15:23:35,665 INFO /home/mbr-python/.local/bin/bench schedule
2025-02-26 15:23:35,706 INFO /home/mbr-python/.local/bin/bench serve --port 8000
2025-02-26 15:23:35,718 INFO /home/mbr-python/.local/bin/bench watch
2025-02-26 15:26:14,032 INFO /home/mbr-python/.local/bin/bench setup requirements –node
2025-02-26 15:26:14,037 DEBUG /home/mbr-python/Django/proplahrmsnew/frappe-bench/env/bin/python -m pip install --quiet --upgrade pip
2025-02-26 15:26:15,351 WARNING /home/mbr-python/.local/bin/bench setup requirements –node executed with exit code 1
2025-02-26 15:26:15,442 INFO A newer version of bench is available: 5.22.9 → 5.23.0
2025-02-26 15:27:15,649 INFO /home/mbr-python/.local/bin/bench --site bizpro.com migrate
2025-02-26 15:28:14,594 INFO /home/mbr-python/.local/bin/bench --site bizpro.com install-app erpnext
2025-02-26 15:29:04,051 INFO /home/mbr-python/.local/bin/bench --site bizpro.com migrate
2025-02-26 15:29:14,560 INFO /home/mbr-python/.local/bin/bench start
2025-02-26 15:29:14,813 INFO /home/mbr-python/.local/bin/bench worker
2025-02-26 15:29:14,815 INFO /home/mbr-python/.local/bin/bench serve --port 8000
2025-02-26 15:29:14,861 INFO /home/mbr-python/.local/bin/bench watch
2025-02-26 15:29:14,866 INFO /home/mbr-python/.local/bin/bench schedule
2025-02-26 15:29:56,860 INFO /home/mbr-python/.local/bin/bench --site bizpro.com install-app hrms
2025-02-26 15:30:46,320 INFO /home/mbr-python/.local/bin/bench --site bizpro.com migrate
2025-02-26 15:30:55,794 INFO /home/mbr-python/.local/bin/bench start
2025-02-26 15:30:56,082 INFO /home/mbr-python/.local/bin/bench schedule
2025-02-26 15:30:56,098 INFO /home/mbr-python/.local/bin/bench watch
2025-02-26 15:30:56,101 INFO /home/mbr-python/.local/bin/bench worker
2025-02-26 15:30:56,106 INFO /home/mbr-python/.local/bin/bench serve --port 8000
2025-02-26 15:33:42,356 INFO /home/mbr-python/.local/bin/bench clear-cache
2025-02-26 15:33:42,757 INFO /home/mbr-python/.local/bin/bench clear-website-cache
2025-02-26 15:33:43,117 INFO /home/mbr-python/.local/bin/bench restart
2025-02-26 15:33:43,397 DEBUG cd /home/mbr-python/Django/proplahrmsnew/frappe-bench && sudo supervisorctl restart frappe:
2025-02-26 15:33:43,528 WARNING cd /home/mbr-python/Django/proplahrmsnew/frappe-bench && sudo supervisorctl restart frappe: executed with exit code 2
2025-02-26 15:33:43,528 WARNING /home/mbr-python/.local/bin/bench restart executed with exit code 1
2025-02-26 15:33:43,630 INFO A newer version of bench is available: 5.22.9 → 5.23.0
2025-02-26 15:33:58,513 INFO /home/mbr-python/.local/bin/bench --site bizpro.com clear-cache
2025-02-26 15:34:09,148 INFO /home/mbr-python/.local/bin/bench --site bizpro.com clear-website-cache
2025-02-26 15:34:13,083 INFO /home/mbr-python/.local/bin/bench start
2025-02-26 15:34:13,344 INFO /home/mbr-python/.local/bin/bench serve --port 8000
2025-02-26 15:34:13,345 INFO /home/mbr-python/.local/bin/bench schedule
2025-02-26 15:34:13,360 INFO /home/mbr-python/.local/bin/bench watch
2025-02-26 15:34:13,366 INFO /home/mbr-python/.local/bin/bench worker
2025-02-26 15:37:24,588 INFO /home/mbr-python/.local/bin/bench start
2025-02-26 15:37:24,828 INFO /home/mbr-python/.local/bin/bench worker
2025-02-26 15:37:24,845 INFO /home/mbr-python/.local/bin/bench schedule
2025-02-26 15:37:24,867 INFO /home/mbr-python/.local/bin/bench serve --port 8000
2025-02-26 15:37:24,869 INFO /home/mbr-python/.local/bin/bench watch
2025-02-26 15:40:03,509 INFO /home/mbr-python/.local/bin/bench start
2025-02-26 15:40:04,013 INFO /home/mbr-python/.local/bin/bench watch
2025-02-26 15:40:04,019 INFO /home/mbr-python/.local/bin/bench schedule
2025-02-26 15:40:04,032 INFO /home/mbr-python/.local/bin/bench worker
2025-02-26 15:40:04,076 INFO /home/mbr-python/.local/bin/bench serve --port 8000
2025-02-26 15:42:50,284 INFO /home/mbr-python/.local/bin/bench start
2025-02-26 15:42:50,518 INFO /home/mbr-python/.local/bin/bench schedule
2025-02-26 15:42:50,553 INFO /home/mbr-python/.local/bin/bench watch
2025-02-26 15:42:50,561 INFO /home/mbr-python/.local/bin/bench serve --port 8000
2025-02-26 15:42:50,563 INFO /home/mbr-python/.local/bin/bench worker
2025-02-26 15:50:32,977 INFO /home/mbr-python/.local/bin/bench --site bizpro.com clear-cache
2025-02-26 15:50:39,988 INFO /home/mbr-python/.local/bin/bench --site bizpro.com clear-website-cache
2025-02-26 15:50:44,093 INFO /home/mbr-python/.local/bin/bench --site bizpro.com migrate
2025-02-26 15:50:51,628 INFO /home/mbr-python/.local/bin/bench start
2025-02-26 15:50:51,876 INFO /home/mbr-python/.local/bin/bench serve --port 8000
2025-02-26 15:50:51,919 INFO /home/mbr-python/.local/bin/bench watch
2025-02-26 15:50:51,934 INFO /home/mbr-python/.local/bin/bench worker
2025-02-26 15:50:51,934 INFO /home/mbr-python/.local/bin/bench schedule
2025-02-26 15:57:06,337 INFO /home/mbr-python/.local/bin/bench --site bizpro.com migrate
2025-02-26 15:57:15,305 INFO /home/mbr-python/.local/bin/bench start
2025-02-26 15:57:15,566 INFO /home/mbr-python/.local/bin/bench worker
2025-02-26 15:57:15,568 INFO /home/mbr-python/.local/bin/bench schedule
2025-02-26 15:57:15,598 INFO /home/mbr-python/.local/bin/bench serve --port 8000
2025-02-26 15:57:15,608 INFO /home/mbr-python/.local/bin/bench watch
2025-02-26 15:58:46,763 INFO /home/mbr-python/.local/bin/bench --site bizpro.com migrate
2025-02-26 15:59:36,879 INFO /home/mbr-python/.local/bin/bench --site bizpro.com migrate
2025-02-26 15:59:47,105 INFO /home/mbr-python/.local/bin/bench start
2025-02-26 15:59:47,364 INFO /home/mbr-python/.local/bin/bench serve --port 8000
2025-02-26 15:59:47,364 INFO /home/mbr-python/.local/bin/bench worker
2025-02-26 15:59:47,410 INFO /home/mbr-python/.local/bin/bench watch
2025-02-26 15:59:47,415 INFO /home/mbr-python/.local/bin/bench schedule
2025-02-26 16:00:25,621 INFO /home/mbr-python/.local/bin/bench --site bizpro.com migrate
2025-02-26 16:00:37,900 INFO /home/mbr-python/.local/bin/bench start
2025-02-26 16:00:38,159 INFO /home/mbr-python/.local/bin/bench worker
2025-02-26 16:00:38,160 INFO /home/mbr-python/.local/bin/bench watch
2025-02-26 16:00:38,163 INFO /home/mbr-python/.local/bin/bench schedule
2025-02-26 16:00:38,204 INFO /home/mbr-python/.local/bin/bench serve --port 8000
2025-02-26 16:02:01,769 INFO /home/mbr-python/.local/bin/bench --site bizpro.com migrate
2025-02-26 16:02:12,274 INFO /home/mbr-python/.local/bin/bench start
2025-02-26 16:02:12,534 INFO /home/mbr-python/.local/bin/bench schedule
2025-02-26 16:02:12,550 INFO /home/mbr-python/.local/bin/bench worker
2025-02-26 16:02:12,569 INFO /home/mbr-python/.local/bin/bench watch
2025-02-26 16:02:12,577 INFO /home/mbr-python/.local/bin/bench serve --port 8000
2025-02-26 16:34:28,403 INFO /home/mbr-python/.local/bin/bench --site bizpro.com migrate
2025-02-26 16:34:36,512 INFO /home/mbr-python/.local/bin/bench start
2025-02-26 16:34:36,856 INFO /home/mbr-python/.local/bin/bench watch
2025-02-26 16:34:36,873 INFO /home/mbr-python/.local/bin/bench worker
2025-02-26 16:34:36,877 INFO /home/mbr-python/.local/bin/bench serve --port 8000
2025-02-26 16:34:36,902 INFO /home/mbr-python/.local/bin/bench schedule
2025-02-26 16:35:52,356 INFO /home/mbr-python/.local/bin/bench --site bizpro.com migrate
2025-02-26 16:36:02,071 INFO /home/mbr-python/.local/bin/bench start
2025-02-26 16:36:02,613 INFO /home/mbr-python/.local/bin/bench schedule
2025-02-26 16:36:02,632 INFO /home/mbr-python/.local/bin/bench watch
2025-02-26 16:36:02,699 INFO /home/mbr-python/.local/bin/bench worker
2025-02-26 16:36:02,723 INFO /home/mbr-python/.local/bin/bench serve --port 8000
2025-02-26 17:53:29,671 INFO /home/mbr-python/.local/bin/bench --site bizpro.com migrate
2025-02-26 17:53:39,233 INFO /home/mbr-python/.local/bin/bench start
2025-02-26 17:53:39,487 INFO /home/mbr-python/.local/bin/bench schedule
2025-02-26 17:53:39,526 INFO /home/mbr-python/.local/bin/bench serve --port 8000
2025-02-26 17:53:39,530 INFO /home/mbr-python/.local/bin/bench watch
2025-02-26 17:53:39,535 INFO /home/mbr-python/.local/bin/bench worker
2025-02-26 17:57:57,627 INFO /home/mbr-python/.local/bin/bench --site bizpro.com migrate
2025-02-26 17:58:26,079 INFO /home/mbr-python/.local/bin/bench --site bizpro.com migrate
2025-02-26 17:58:32,856 INFO /home/mbr-python/.local/bin/bench start
2025-02-26 17:58:33,123 INFO /home/mbr-python/.local/bin/bench watch
2025-02-26 17:58:33,148 INFO /home/mbr-python/.local/bin/bench schedule
2025-02-26 17:58:33,156 INFO /home/mbr-python/.local/bin/bench serve --port 8000
2025-02-26 17:58:33,159 INFO /home/mbr-python/.local/bin/bench worker
2025-02-26 18:00:02,208 INFO /home/mbr-python/.local/bin/bench --verbose --site all backup
2025-02-26 18:01:44,372 INFO /home/mbr-python/.local/bin/bench --site bizpro.com migrate
2025-02-26 18:01:52,769 INFO /home/mbr-python/.local/bin/bench start
2025-02-26 18:01:53,051 INFO /home/mbr-python/.local/bin/bench schedule
2025-02-26 18:01:53,055 INFO /home/mbr-python/.local/bin/bench watch
2025-02-26 18:01:53,061 INFO /home/mbr-python/.local/bin/bench serve --port 8000
2025-02-26 18:01:53,068 INFO /home/mbr-python/.local/bin/bench worker
2025-02-26 18:04:32,386 INFO /home/mbr-python/.local/bin/bench --site bizpro.com migrate
2025-02-26 18:04:41,274 INFO /home/mbr-python/.local/bin/bench start
2025-02-26 18:04:41,580 INFO /home/mbr-python/.local/bin/bench schedule
2025-02-26 18:04:41,618 INFO /home/mbr-python/.local/bin/bench worker
2025-02-26 18:04:41,622 INFO /home/mbr-python/.local/bin/bench watch
2025-02-26 18:04:41,625 INFO /home/mbr-python/.local/bin/bench serve --port 8000
2025-02-26 18:06:45,198 INFO /home/mbr-python/.local/bin/bench --site bizpro.com migrate
2025-02-26 18:06:56,037 INFO /home/mbr-python/.local/bin/bench start
2025-02-26 18:06:56,325 INFO /home/mbr-python/.local/bin/bench watch
2025-02-26 18:06:56,325 INFO /home/mbr-python/.local/bin/bench worker
2025-02-26 18:06:56,341 INFO /home/mbr-python/.local/bin/bench serve --port 8000
2025-02-26 18:06:56,350 INFO /home/mbr-python/.local/bin/bench schedule
2025-02-26 18:42:49,077 INFO /home/mbr-python/.local/bin/bench start
2025-02-26 18:42:49,352 INFO /home/mbr-python/.local/bin/bench worker
2025-02-26 18:42:49,363 INFO /home/mbr-python/.local/bin/bench schedule
2025-02-26 18:42:49,371 INFO /home/mbr-python/.local/bin/bench serve --port 8000
2025-02-26 18:42:49,382 INFO /home/mbr-python/.local/bin/bench watch
2025-02-26 18:46:43,643 INFO /home/mbr-python/.local/bin/bench --site bizpro.com migrate
2025-02-26 18:46:52,364 INFO /home/mbr-python/.local/bin/bench start
2025-02-26 18:46:52,712 INFO /home/mbr-python/.local/bin/bench watch
2025-02-26 18:46:52,723 INFO /home/mbr-python/.local/bin/bench schedule
2025-02-26 18:46:52,752 INFO /home/mbr-python/.local/bin/bench serve --port 8000
2025-02-26 18:46:52,764 INFO /home/mbr-python/.local/bin/bench worker
2025-02-26 18:49:50,354 INFO /home/mbr-python/.local/bin/bench --site bizpro.com migrate
2025-02-26 18:49:59,584 INFO /home/mbr-python/.local/bin/bench start
2025-02-26 18:49:59,863 INFO /home/mbr-python/.local/bin/bench schedule
2025-02-26 18:49:59,869 INFO /home/mbr-python/.local/bin/bench serve --port 8000
2025-02-26 18:49:59,902 INFO /home/mbr-python/.local/bin/bench watch
2025-02-26 18:49:59,905 INFO /home/mbr-python/.local/bin/bench worker
2025-02-26 18:52:11,651 INFO /home/mbr-python/.local/bin/bench start
2025-02-26 18:52:11,899 INFO /home/mbr-python/.local/bin/bench worker
2025-02-26 18:52:11,937 INFO /home/mbr-python/.local/bin/bench schedule
2025-02-26 18:52:11,944 INFO /home/mbr-python/.local/bin/bench watch
2025-02-26 18:52:11,948 INFO /home/mbr-python/.local/bin/bench serve --port 8000
2025-03-03 10:28:12,715 INFO /home/mbr-python/.local/bin/bench start
2025-03-03 10:28:31,871 INFO /home/mbr-python/.local/bin/bench start
2025-03-03 10:28:32,120 INFO /home/mbr-python/.local/bin/bench worker
2025-03-03 10:28:32,151 INFO /home/mbr-python/.local/bin/bench schedule
2025-03-03 10:28:32,154 INFO /home/mbr-python/.local/bin/bench watch
2025-03-03 10:28:32,155 INFO /home/mbr-python/.local/bin/bench serve --port 8000
2025-03-03 10:39:00,693 INFO /home/mbr-python/.local/bin/bench --site bizpro.com migrate
2025-03-03 10:39:14,118 INFO /home/mbr-python/.local/bin/bench start
2025-03-03 10:39:14,516 INFO /home/mbr-python/.local/bin/bench serve --port 8000
2025-03-03 10:39:14,522 INFO /home/mbr-python/.local/bin/bench watch
2025-03-03 10:39:14,535 INFO /home/mbr-python/.local/bin/bench schedule
2025-03-03 10:39:14,542 INFO /home/mbr-python/.local/bin/bench worker
2025-03-03 10:42:04,069 INFO /home/mbr-python/.local/bin/bench --site bizpro.com migrate
2025-03-03 10:42:12,878 INFO /home/mbr-python/.local/bin/bench start
2025-03-03 10:42:13,237 INFO /home/mbr-python/.local/bin/bench schedule
2025-03-03 10:42:13,259 INFO /home/mbr-python/.local/bin/bench worker
2025-03-03 10:42:13,274 INFO /home/mbr-python/.local/bin/bench serve --port 8000
2025-03-03 10:42:13,298 INFO /home/mbr-python/.local/bin/bench watch
2025-03-03 10:43:36,255 INFO /home/mbr-python/.local/bin/bench --site bizpro.com migrate
2025-03-03 10:43:44,913 INFO /home/mbr-python/.local/bin/bench start
2025-03-03 10:43:45,261 INFO /home/mbr-python/.local/bin/bench worker
2025-03-03 10:43:45,273 INFO /home/mbr-python/.local/bin/bench serve --port 8000
2025-03-03 10:43:45,276 INFO /home/mbr-python/.local/bin/bench schedule
2025-03-03 10:43:45,287 INFO /home/mbr-python/.local/bin/bench watch
2025-03-03 10:50:02,227 INFO /home/mbr-python/.local/bin/bench --site bizpro.com migrate
2025-03-03 10:50:48,714 INFO /home/mbr-python/.local/bin/bench start
2025-03-03 10:50:48,988 INFO /home/mbr-python/.local/bin/bench worker
2025-03-03 10:50:48,991 INFO /home/mbr-python/.local/bin/bench schedule
2025-03-03 10:50:49,015 INFO /home/mbr-python/.local/bin/bench watch
2025-03-03 10:50:49,039 INFO /home/mbr-python/.local/bin/bench serve --port 8000
2025-03-03 10:51:34,602 INFO /home/mbr-python/.local/bin/bench --site bizpro.com migrate
2025-03-03 10:51:50,500 INFO /home/mbr-python/.local/bin/bench start
2025-03-03 10:51:50,827 INFO /home/mbr-python/.local/bin/bench serve --port 8000
2025-03-03 10:51:50,828 INFO /home/mbr-python/.local/bin/bench watch
2025-03-03 10:51:50,829 INFO /home/mbr-python/.local/bin/bench worker
2025-03-03 10:51:50,831 INFO /home/mbr-python/.local/bin/bench schedule
2025-03-03 10:53:07,875 INFO /home/mbr-python/.local/bin/bench --site bizpro.com migrate
2025-03-03 10:53:18,095 INFO /home/mbr-python/.local/bin/bench start
2025-03-03 10:53:18,389 INFO /home/mbr-python/.local/bin/bench serve --port 8000
2025-03-03 10:53:18,393 INFO /home/mbr-python/.local/bin/bench watch
2025-03-03 10:53:18,396 INFO /home/mbr-python/.local/bin/bench worker
2025-03-03 10:53:18,427 INFO /home/mbr-python/.local/bin/bench schedule
2025-03-03 10:58:25,063 INFO /home/mbr-python/.local/bin/bench --site bizpro.com migrate
2025-03-03 10:58:32,790 INFO /home/mbr-python/.local/bin/bench start
2025-03-03 10:58:33,129 INFO /home/mbr-python/.local/bin/bench schedule
2025-03-03 10:58:33,136 INFO /home/mbr-python/.local/bin/bench serve --port 8000
2025-03-03 10:58:33,138 INFO /home/mbr-python/.local/bin/bench worker
2025-03-03 10:58:33,176 INFO /home/mbr-python/.local/bin/bench watch
2025-03-03 11:06:32,004 INFO /home/mbr-python/.local/bin/bench --site bizpro.com migrate
2025-03-03 11:06:42,896 INFO /home/mbr-python/.local/bin/bench start
2025-03-03 11:06:43,195 INFO /home/mbr-python/.local/bin/bench watch
2025-03-03 11:06:43,210 INFO /home/mbr-python/.local/bin/bench schedule
2025-03-03 11:06:43,214 INFO /home/mbr-python/.local/bin/bench worker
2025-03-03 11:06:43,225 INFO /home/mbr-python/.local/bin/bench serve --port 8000
2025-03-03 11:37:20,315 INFO /home/mbr-python/.local/bin/bench --site bizpro.com migrate
2025-03-03 11:37:30,673 INFO /home/mbr-python/.local/bin/bench start
2025-03-03 11:37:31,030 INFO /home/mbr-python/.local/bin/bench watch
2025-03-03 11:37:31,030 INFO /home/mbr-python/.local/bin/bench serve --port 8000
2025-03-03 11:37:31,036 INFO /home/mbr-python/.local/bin/bench schedule
2025-03-03 11:37:31,039 INFO /home/mbr-python/.local/bin/bench worker
2025-03-03 11:38:40,058 INFO /home/mbr-python/.local/bin/bench --site bizpro.com migrate
2025-03-03 11:38:46,534 INFO /home/mbr-python/.local/bin/bench start
2025-03-03 11:38:46,881 INFO /home/mbr-python/.local/bin/bench worker
2025-03-03 11:38:46,896 INFO /home/mbr-python/.local/bin/bench serve --port 8000
2025-03-03 11:38:46,903 INFO /home/mbr-python/.local/bin/bench watch
2025-03-03 11:38:46,914 INFO /home/mbr-python/.local/bin/bench schedule
2025-03-03 11:41:55,813 INFO /home/mbr-python/.local/bin/bench --site bizpro.com migrate
2025-03-03 11:42:06,444 INFO /home/mbr-python/.local/bin/bench start
2025-03-03 11:42:06,956 INFO /home/mbr-python/.local/bin/bench watch
2025-03-03 11:42:06,964 INFO /home/mbr-python/.local/bin/bench serve --port 8000
2025-03-03 11:42:06,980 INFO /home/mbr-python/.local/bin/bench worker
2025-03-03 11:42:07,037 INFO /home/mbr-python/.local/bin/bench schedule
2025-03-03 11:45:16,619 INFO /home/mbr-python/.local/bin/bench --site bizpro.com migrate
2025-03-03 11:45:24,789 INFO /home/mbr-python/.local/bin/bench start
2025-03-03 11:45:25,091 INFO /home/mbr-python/.local/bin/bench schedule
2025-03-03 11:45:25,095 INFO /home/mbr-python/.local/bin/bench watch
2025-03-03 11:45:25,097 INFO /home/mbr-python/.local/bin/bench serve --port 8000
2025-03-03 11:45:25,117 INFO /home/mbr-python/.local/bin/bench worker
2025-03-03 11:46:48,231 INFO /home/mbr-python/.local/bin/bench start
2025-03-03 11:46:48,493 INFO /home/mbr-python/.local/bin/bench schedule
2025-03-03 11:46:48,520 INFO /home/mbr-python/.local/bin/bench watch
2025-03-03 11:46:48,526 INFO /home/mbr-python/.local/bin/bench worker
2025-03-03 11:46:48,537 INFO /home/mbr-python/.local/bin/bench serve --port 8000
2025-03-03 11:50:39,732 INFO /home/mbr-python/.local/bin/bench --site bizpro.com migrate
2025-03-03 11:50:47,224 INFO /home/mbr-python/.local/bin/bench start
2025-03-03 11:50:47,580 INFO /home/mbr-python/.local/bin/bench serve --port 8000
2025-03-03 11:50:47,625 INFO /home/mbr-python/.local/bin/bench worker
2025-03-03 11:50:47,627 INFO /home/mbr-python/.local/bin/bench schedule
2025-03-03 11:50:47,635 INFO /home/mbr-python/.local/bin/bench watch
2025-03-03 12:00:01,530 INFO /home/mbr-python/.local/bin/bench --verbose --site all backup
2025-03-03 12:36:22,632 INFO /home/mbr-python/.local/bin/bench start
2025-03-03 12:36:22,941 INFO /home/mbr-python/.local/bin/bench worker
2025-03-03 12:36:22,977 INFO /home/mbr-python/.local/bin/bench watch
2025-03-03 12:36:22,994 INFO /home/mbr-python/.local/bin/bench serve --port 8000
2025-03-03 12:36:23,000 INFO /home/mbr-python/.local/bin/bench schedule
2025-03-03 13:14:21,650 INFO /home/mbr-python/.local/bin/bench --site bizpro.com migrate
2025-03-03 13:14:31,168 INFO /home/mbr-python/.local/bin/bench start
2025-03-03 13:14:31,583 INFO /home/mbr-python/.local/bin/bench worker
2025-03-03 13:14:31,587 INFO /home/mbr-python/.local/bin/bench serve --port 8000
2025-03-03 13:14:31,596 INFO /home/mbr-python/.local/bin/bench schedule
2025-03-03 13:14:31,614 INFO /home/mbr-python/.local/bin/bench watch
2025-03-03 15:55:18,537 INFO /home/mbr-python/.local/bin/bench start
2025-03-03 15:55:18,860 INFO /home/mbr-python/.local/bin/bench worker
2025-03-03 15:55:18,874 INFO /home/mbr-python/.local/bin/bench watch
2025-03-03 15:55:18,892 INFO /home/mbr-python/.local/bin/bench schedule
2025-03-03 15:55:18,892 INFO /home/mbr-python/.local/bin/bench serve --port 8000
2025-03-03 15:57:04,307 INFO /home/mbr-python/.local/bin/bench start
2025-03-03 15:57:05,019 INFO /home/mbr-python/.local/bin/bench schedule
2025-03-03 15:57:05,038 INFO /home/mbr-python/.local/bin/bench watch
2025-03-03 15:57:05,079 INFO /home/mbr-python/.local/bin/bench worker
2025-03-03 15:57:05,109 INFO /home/mbr-python/.local/bin/bench serve --port 8000
2025-03-03 15:58:44,884 INFO /home/mbr-python/.local/bin/bench start
2025-03-03 15:58:45,261 INFO /home/mbr-python/.local/bin/bench schedule
2025-03-03 15:58:45,267 INFO /home/mbr-python/.local/bin/bench watch
2025-03-03 15:58:45,297 INFO /home/mbr-python/.local/bin/bench worker
2025-03-03 15:58:45,322 INFO /home/mbr-python/.local/bin/bench serve --port 8000
2025-03-03 16:04:49,722 INFO /home/mbr-python/.local/bin/bench start
2025-03-03 16:04:50,092 INFO /home/mbr-python/.local/bin/bench watch
2025-03-03 16:04:50,099 INFO /home/mbr-python/.local/bin/bench worker
2025-03-03 16:04:50,102 INFO /home/mbr-python/.local/bin/bench schedule
2025-03-03 16:04:50,110 INFO /home/mbr-python/.local/bin/bench serve --port 8000
2025-03-03 16:10:29,318 INFO /home/mbr-python/.local/bin/bench start
2025-03-03 16:10:29,614 INFO /home/mbr-python/.local/bin/bench schedule
2025-03-03 16:10:29,619 INFO /home/mbr-python/.local/bin/bench serve --port 8000
2025-03-03 16:10:29,636 INFO /home/mbr-python/.local/bin/bench watch
2025-03-03 16:10:29,659 INFO /home/mbr-python/.local/bin/bench worker
2025-03-03 16:20:02,894 INFO /home/mbr-python/.local/bin/bench start
2025-03-03 16:20:03,453 INFO /home/mbr-python/.local/bin/bench schedule
2025-03-03 16:20:03,603 INFO /home/mbr-python/.local/bin/bench worker
2025-03-03 16:20:03,654 INFO /home/mbr-python/.local/bin/bench watch
2025-03-03 16:20:03,658 INFO /home/mbr-python/.local/bin/bench serve --port 8000
2025-03-03 16:26:43,992 INFO /home/mbr-python/.local/bin/bench start
2025-03-03 16:26:44,268 INFO /home/mbr-python/.local/bin/bench serve --port 8000
2025-03-03 16:26:44,284 INFO /home/mbr-python/.local/bin/bench worker
2025-03-03 16:26:44,284 INFO /home/mbr-python/.local/bin/bench schedule
2025-03-03 16:26:44,300 INFO /home/mbr-python/.local/bin/bench watch
2025-03-03 16:28:21,179 INFO /home/mbr-python/.local/bin/bench start
2025-03-03 16:28:21,574 INFO /home/mbr-python/.local/bin/bench schedule
2025-03-03 16:28:21,581 INFO /home/mbr-python/.local/bin/bench serve --port 8000
2025-03-03 16:28:21,602 INFO /home/mbr-python/.local/bin/bench watch
2025-03-03 16:28:21,650 INFO /home/mbr-python/.local/bin/bench worker
2025-03-03 16:29:03,946 INFO /home/mbr-python/.local/bin/bench start
2025-03-03 16:29:04,528 INFO /home/mbr-python/.local/bin/bench schedule
2025-03-03 16:29:04,563 INFO /home/mbr-python/.local/bin/bench watch
2025-03-03 16:29:04,566 INFO /home/mbr-python/.local/bin/bench worker
2025-03-03 16:29:04,685 INFO /home/mbr-python/.local/bin/bench serve --port 8000
2025-03-03 16:29:47,312 INFO /home/mbr-python/.local/bin/bench start
2025-03-03 16:29:47,632 INFO /home/mbr-python/.local/bin/bench worker
2025-03-03 16:29:47,637 INFO /home/mbr-python/.local/bin/bench schedule
2025-03-03 16:29:47,640 INFO /home/mbr-python/.local/bin/bench serve --port 8000
2025-03-03 16:29:47,640 INFO /home/mbr-python/.local/bin/bench watch
2025-03-03 16:38:20,834 INFO /home/mbr-python/.local/bin/bench start
2025-03-03 16:38:21,120 INFO /home/mbr-python/.local/bin/bench schedule
2025-03-03 16:38:21,121 INFO /home/mbr-python/.local/bin/bench watch
2025-03-03 16:38:21,154 INFO /home/mbr-python/.local/bin/bench serve --port 8000
2025-03-03 16:38:21,165 INFO /home/mbr-python/.local/bin/bench worker
2025-03-03 18:00:01,413 INFO /home/mbr-python/.local/bin/bench --verbose --site all backup
2025-03-03 18:35:06,270 INFO /home/mbr-python/.local/bin/bench --site bizpro.com migrate
2025-03-03 18:35:13,101 INFO /home/mbr-python/.local/bin/bench start
2025-03-03 18:35:13,407 INFO /home/mbr-python/.local/bin/bench schedule
2025-03-03 18:35:13,460 INFO /home/mbr-python/.local/bin/bench serve --port 8000
2025-03-03 18:35:13,469 INFO /home/mbr-python/.local/bin/bench watch
2025-03-03 18:35:13,482 INFO /home/mbr-python/.local/bin/bench worker
2025-03-03 18:36:20,809 INFO /home/mbr-python/.local/bin/bench --site bizpro.com migrate
2025-03-03 18:36:30,863 INFO /home/mbr-python/.local/bin/bench start
2025-03-03 18:36:31,163 INFO /home/mbr-python/.local/bin/bench watch
2025-03-03 18:36:31,176 INFO /home/mbr-python/.local/bin/bench schedule
2025-03-03 18:36:31,183 INFO /home/mbr-python/.local/bin/bench serve --port 8000
2025-03-03 18:36:31,200 INFO /home/mbr-python/.local/bin/bench worker
2025-03-03 18:38:19,788 INFO /home/mbr-python/.local/bin/bench start
2025-03-03 18:38:20,070 INFO /home/mbr-python/.local/bin/bench watch
2025-03-03 18:38:20,097 INFO /home/mbr-python/.local/bin/bench schedule
2025-03-03 18:38:20,110 INFO /home/mbr-python/.local/bin/bench serve --port 8000
2025-03-03 18:38:20,129 INFO /home/mbr-python/.local/bin/bench worker
2025-03-03 18:48:52,887 INFO /home/mbr-python/.local/bin/bench start
2025-03-03 18:48:53,183 INFO /home/mbr-python/.local/bin/bench watch
2025-03-03 18:48:53,204 INFO /home/mbr-python/.local/bin/bench worker
2025-03-03 18:48:53,208 INFO /home/mbr-python/.local/bin/bench serve --port 8000
2025-03-03 18:48:53,211 INFO /home/mbr-python/.local/bin/bench schedule
2025-03-03 18:53:03,438 INFO /home/mbr-python/.local/bin/bench --site bizpro.com migrate
2025-03-03 18:53:15,548 INFO /home/mbr-python/.local/bin/bench start
2025-03-03 18:53:15,886 INFO /home/mbr-python/.local/bin/bench worker
2025-03-03 18:53:15,890 INFO /home/mbr-python/.local/bin/bench serve --port 8000
2025-03-03 18:53:15,901 INFO /home/mbr-python/.local/bin/bench watch
2025-03-03 18:53:15,928 INFO /home/mbr-python/.local/bin/bench schedule
2025-03-03 18:55:54,402 INFO /home/mbr-python/.local/bin/bench --site bizpro.com migrate
2025-03-03 18:56:03,384 INFO /home/mbr-python/.local/bin/bench start
2025-03-03 18:56:03,980 INFO /home/mbr-python/.local/bin/bench worker
2025-03-03 18:56:04,035 INFO /home/mbr-python/.local/bin/bench watch
2025-03-03 18:56:04,045 INFO /home/mbr-python/.local/bin/bench serve --port 8000
2025-03-03 18:56:04,083 INFO /home/mbr-python/.local/bin/bench schedule
2025-03-04 10:09:27,220 INFO /home/mbr-python/.local/bin/bench start
2025-03-04 10:09:47,153 INFO /home/mbr-python/.local/bin/bench start
2025-03-04 10:09:47,421 INFO /home/mbr-python/.local/bin/bench watch
2025-03-04 10:09:47,433 INFO /home/mbr-python/.local/bin/bench worker
2025-03-04 10:09:47,456 INFO /home/mbr-python/.local/bin/bench serve --port 8000
2025-03-04 10:09:47,460 INFO /home/mbr-python/.local/bin/bench schedule
2025-03-04 10:13:41,641 INFO /home/mbr-python/.local/bin/bench start
2025-03-04 10:13:41,922 INFO /home/mbr-python/.local/bin/bench schedule
2025-03-04 10:13:41,925 INFO /home/mbr-python/.local/bin/bench worker
2025-03-04 10:13:41,925 INFO /home/mbr-python/.local/bin/bench serve --port 8000
2025-03-04 10:13:41,955 INFO /home/mbr-python/.local/bin/bench watch
2025-03-04 11:42:45,234 INFO /home/mbr-python/.local/bin/bench start
2025-03-04 11:42:45,528 INFO /home/mbr-python/.local/bin/bench schedule
2025-03-04 11:42:45,538 INFO /home/mbr-python/.local/bin/bench serve --port 8000
2025-03-04 11:42:45,540 INFO /home/mbr-python/.local/bin/bench worker
2025-03-04 11:42:45,564 INFO /home/mbr-python/.local/bin/bench watch
2025-03-04 12:00:02,367 INFO /home/mbr-python/.local/bin/bench --verbose --site all backup
2025-03-04 16:53:17,152 INFO /home/mbr-python/.local/bin/bench start
2025-03-04 16:53:38,270 INFO /home/mbr-python/.local/bin/bench start
2025-03-04 16:53:38,530 INFO /home/mbr-python/.local/bin/bench worker
2025-03-04 16:53:38,534 INFO /home/mbr-python/.local/bin/bench serve --port 8000
2025-03-04 16:53:38,534 INFO /home/mbr-python/.local/bin/bench schedule
2025-03-04 16:53:38,535 INFO /home/mbr-python/.local/bin/bench watch
2025-03-04 17:49:12,437 INFO /home/mbr-python/.local/bin/bench --site bizpro.com migrate
2025-03-04 17:49:21,961 INFO /home/mbr-python/.local/bin/bench start
2025-03-04 17:49:22,308 INFO /home/mbr-python/.local/bin/bench worker
2025-03-04 17:49:22,326 INFO /home/mbr-python/.local/bin/bench schedule
2025-03-04 17:49:22,333 INFO /home/mbr-python/.local/bin/bench watch
2025-03-04 17:49:22,336 INFO /home/mbr-python/.local/bin/bench serve --port 8000
2025-03-04 17:51:28,064 INFO /home/mbr-python/.local/bin/bench --site bizpro.com migrate
2025-03-04 17:51:37,635 INFO /home/mbr-python/.local/bin/bench start
2025-03-04 17:51:38,058 INFO /home/mbr-python/.local/bin/bench serve --port 8000
2025-03-04 17:51:38,066 INFO /home/mbr-python/.local/bin/bench schedule
2025-03-04 17:51:38,093 INFO /home/mbr-python/.local/bin/bench worker
2025-03-04 17:51:38,095 INFO /home/mbr-python/.local/bin/bench watch
2025-03-04 18:00:02,086 INFO /home/mbr-python/.local/bin/bench --verbose --site all backup
2025-03-07 10:07:19,138 INFO /home/mbr-python/.local/bin/bench start
2025-03-07 10:07:35,609 INFO /home/mbr-python/.local/bin/bench start
2025-03-07 10:07:35,877 INFO /home/mbr-python/.local/bin/bench schedule
2025-03-07 10:07:35,904 INFO /home/mbr-python/.local/bin/bench serve --port 8000
2025-03-07 10:07:35,905 INFO /home/mbr-python/.local/bin/bench watch
2025-03-07 10:07:35,908 INFO /home/mbr-python/.local/bin/bench worker
2025-03-07 12:00:02,398 INFO /home/mbr-python/.local/bin/bench --verbose --site all backup
2025-03-07 12:41:36,822 INFO /home/mbr-python/.local/bin/bench start
2025-03-07 12:41:37,084 INFO /home/mbr-python/.local/bin/bench schedule
2025-03-07 12:41:37,111 INFO /home/mbr-python/.local/bin/bench serve --port 8000
2025-03-07 12:41:37,124 INFO /home/mbr-python/.local/bin/bench watch
2025-03-07 12:41:37,137 INFO /home/mbr-python/.local/bin/bench worker
2025-03-07 12:44:28,627 INFO /home/mbr-python/.local/bin/bench start
2025-03-07 12:44:28,903 INFO /home/mbr-python/.local/bin/bench serve --port 8000
2025-03-07 12:44:28,912 INFO /home/mbr-python/.local/bin/bench worker
2025-03-07 12:44:28,945 INFO /home/mbr-python/.local/bin/bench watch
2025-03-07 12:44:28,982 INFO /home/mbr-python/.local/bin/bench schedule
2025-03-07 12:45:11,614 INFO /home/mbr-python/.local/bin/bench --site bizpro.com migrate
2025-03-07 12:45:21,606 INFO /home/mbr-python/.local/bin/bench start
2025-03-07 12:45:21,940 INFO /home/mbr-python/.local/bin/bench watch
2025-03-07 12:45:21,950 INFO /home/mbr-python/.local/bin/bench worker
2025-03-07 12:45:21,965 INFO /home/mbr-python/.local/bin/bench schedule
2025-03-07 12:45:21,985 INFO /home/mbr-python/.local/bin/bench serve --port 8000
2025-03-07 12:53:20,932 INFO /home/mbr-python/.local/bin/bench start
2025-03-07 12:53:21,213 INFO /home/mbr-python/.local/bin/bench watch
2025-03-07 12:53:21,215 INFO /home/mbr-python/.local/bin/bench worker
2025-03-07 12:53:21,238 INFO /home/mbr-python/.local/bin/bench serve --port 8000
2025-03-07 12:53:21,251 INFO /home/mbr-python/.local/bin/bench schedule
2025-03-07 15:08:15,432 INFO /home/mbr-python/.local/bin/bench --site bizpro.com migrate
2025-03-07 15:08:28,318 INFO /home/mbr-python/.local/bin/bench start
2025-03-07 15:08:28,631 INFO /home/mbr-python/.local/bin/bench schedule
2025-03-07 15:08:28,653 INFO /home/mbr-python/.local/bin/bench serve --port 8000
2025-03-07 15:08:28,681 INFO /home/mbr-python/.local/bin/bench watch
2025-03-07 15:08:28,686 INFO /home/mbr-python/.local/bin/bench worker
2025-03-07 15:10:39,401 INFO /home/mbr-python/.local/bin/bench --site bizpro.com migrate
2025-03-07 15:12:41,395 INFO /home/mbr-python/.local/bin/bench start
2025-03-07 15:12:41,667 INFO /home/mbr-python/.local/bin/bench worker
2025-03-07 15:12:41,676 INFO /home/mbr-python/.local/bin/bench serve --port 8000
2025-03-07 15:12:41,688 INFO /home/mbr-python/.local/bin/bench schedule
2025-03-07 15:12:41,695 INFO /home/mbr-python/.local/bin/bench watch
2025-03-07 17:02:39,808 INFO /home/mbr-python/.local/bin/bench --site bizpro.com migrate
2025-03-07 17:02:51,271 INFO /home/mbr-python/.local/bin/bench start
2025-03-07 17:02:51,606 INFO /home/mbr-python/.local/bin/bench schedule
2025-03-07 17:02:51,637 INFO /home/mbr-python/.local/bin/bench worker
2025-03-07 17:02:51,639 INFO /home/mbr-python/.local/bin/bench serve --port 8000
2025-03-07 17:02:51,645 INFO /home/mbr-python/.local/bin/bench watch
2025-03-07 17:05:50,700 INFO /home/mbr-python/.local/bin/bench --site bizpro.com migrate
2025-03-07 17:06:03,557 INFO /home/mbr-python/.local/bin/bench start
2025-03-07 17:06:04,430 INFO /home/mbr-python/.local/bin/bench watch
2025-03-07 17:06:04,464 INFO /home/mbr-python/.local/bin/bench worker
2025-03-07 17:06:04,491 INFO /home/mbr-python/.local/bin/bench serve --port 8000
2025-03-07 17:06:04,513 INFO /home/mbr-python/.local/bin/bench schedule
2025-03-10 10:10:56,715 INFO /home/mbr-python/.local/bin/bench start
2025-03-10 10:11:14,574 INFO /home/mbr-python/.local/bin/bench start
2025-03-10 10:11:14,824 INFO /home/mbr-python/.local/bin/bench watch
2025-03-10 10:11:14,863 INFO /home/mbr-python/.local/bin/bench serve --port 8000
2025-03-10 10:11:14,868 INFO /home/mbr-python/.local/bin/bench schedule
2025-03-10 10:11:14,871 INFO /home/mbr-python/.local/bin/bench worker
2025-03-10 10:52:50,939 INFO /home/mbr-python/.local/bin/bench --site bizpro.com migrate
2025-03-10 10:53:05,360 INFO /home/mbr-python/.local/bin/bench start
2025-03-10 10:53:06,085 INFO /home/mbr-python/.local/bin/bench worker
2025-03-10 10:53:06,148 INFO /home/mbr-python/.local/bin/bench serve --port 8000
2025-03-10 10:53:06,196 INFO /home/mbr-python/.local/bin/bench watch
2025-03-10 10:53:06,203 INFO /home/mbr-python/.local/bin/bench schedule
2025-03-10 10:54:45,633 INFO /home/mbr-python/.local/bin/bench --site bizpro.com migrate
2025-03-10 10:54:59,075 INFO /home/mbr-python/.local/bin/bench start
2025-03-10 10:54:59,395 INFO /home/mbr-python/.local/bin/bench serve --port 8000
2025-03-10 10:54:59,397 INFO /home/mbr-python/.local/bin/bench watch
2025-03-10 10:54:59,399 INFO /home/mbr-python/.local/bin/bench schedule
2025-03-10 10:54:59,407 INFO /home/mbr-python/.local/bin/bench worker
2025-03-10 12:00:03,192 INFO /home/mbr-python/.local/bin/bench --verbose --site all backup
2025-03-10 12:22:06,722 INFO /home/mbr-python/.local/bin/bench --site bizpro.com migrate
2025-03-10 12:22:17,797 INFO /home/mbr-python/.local/bin/bench start
2025-03-10 12:22:18,151 INFO /home/mbr-python/.local/bin/bench worker
2025-03-10 12:22:18,156 INFO /home/mbr-python/.local/bin/bench watch
2025-03-10 12:22:18,156 INFO /home/mbr-python/.local/bin/bench serve --port 8000
2025-03-10 12:22:18,177 INFO /home/mbr-python/.local/bin/bench schedule
2025-03-10 16:56:14,533 INFO /home/mbr-python/.local/bin/bench start
2025-03-10 16:56:31,893 INFO /home/mbr-python/.local/bin/bench start
2025-03-10 16:56:32,137 INFO /home/mbr-python/.local/bin/bench schedule
2025-03-10 16:56:32,157 INFO /home/mbr-python/.local/bin/bench worker
2025-03-10 16:56:32,175 INFO /home/mbr-python/.local/bin/bench watch
2025-03-10 16:56:32,180 INFO /home/mbr-python/.local/bin/bench serve --port 8000
2025-03-10 18:00:01,698 INFO /home/mbr-python/.local/bin/bench --verbose --site all backup
